Inventory_ID,Date,Business_Type,Food_Category,Purchase_Quantity,Units_Sold,Remaining_Stock,Shelf_Life_Days,Storage_Temperature,Daily_Demand,Promotion,Weather,Waste_Quantity,Waste_Reason,Donation_Made,Waste_Level
INV000001,2025-01-01,Restaurant,Bakery,77,77,0,4.0,20.4,77.0,No,Sunny,0,No Waste,No,Low
INV000002,2025-01-01,Cafeteria,Bakery,75,53,22,3.0,22.8,53.0,No,Cloudy,6,Low Demand,No,Medium
INV000003,2025-01-01,Supermarket,Fruits,176,159,17,6.0,12.4,159.0,No,Sunny,4,Expired,No,Medium
INV000004,2025-01-01,Cafeteria,Dairy,58,58,0,7.0,3.5,83.0,Yes,Cloudy,0,No Waste,No,Low
INV000005,2025-01-01,Restaurant,Fruits,85,85,0,3.0,3.3,87.0,No,Hot,0,No Waste,No,Low
INV000006,2025-01-01,Supermarket,Bakery,138,138,0,3.0,17.0,183.0,Yes,Rainy,0,No Waste,No,Low
INV000007,2025-01-01,Supermarket,Vegetables,178,145,33,7.0,4.0,145.0,No,Cloudy,4,Overproduction,No,Medium
INV000008,2025-01-01,Restaurant,Dairy,105,94,11,8.0,5.9,94.0,No,Sunny,1,Storage Issue,No,Low
INV000009,2025-01-01,Cafeteria,Prepared Food,71,54,17,2.0,16.0,54.0,No,Sunny,4,Expired,No,Medium
INV000010,2025-01-01,Restaurant,Bakery,106,106,0,3.0,23.6,129.0,Yes,Sunny,0,No Waste,No,Low
INV000011,2025-01-01,Supermarket,Fruits,161,112,49,4.0,8.4,112.0,Yes,Rainy,9,Expired,,Medium
INV000012,2025-01-01,Restaurant,Fruits,73,73,0,4.0,7.1,73.0,No,Hot,0,No Waste,,Low
INV000013,2025-01-01,Cafeteria,Vegetables,102,82,20,3.0,2.8,82.0,Yes,Sunny,4,Expired,No,Medium
INV000014,2025-01-01,Cloud Kitchen,Prepared Food,111,58,53,2.0,13.9,58.0,No,Rainy,18,Overproduction,No,High
INV000015,2025-01-01,Supermarket,Dairy,177,177,0,11.0,1.7,227.0,Yes,Cloudy,0,No Waste,No,Low
INV000016,2025-01-01,Cafeteria,Meat,74,49,25,5.0,3.9,49.0,No,Cloudy,8,Overproduction,No,High
INV000017,2025-01-01,Cloud Kitchen,Vegetables,81,81,0,6.0,5.7,100.0,No,Sunny,0,No Waste,No,Low
INV000018,2025-01-01,Supermarket,Meat,118,118,0,,1.9,118.0,No,Rainy,0,No Waste,No,Low
INV000019,2025-01-02,Cloud Kitchen,Vegetables,72,56,16,9.0,5.0,56.0,No,Rainy,2,Low Demand,No,Medium
INV000020,2025-01-02,Restaurant,Meat,80,68,12,2.0,0.5,68.0,No,Rainy,3,Expired,No,Medium
INV000021,2025-01-02,Cloud Kitchen,Dairy,117,100,17,4.0,3.0,100.0,No,Hot,1,Low Demand,No,Low
INV000022,2025-01-02,Cloud Kitchen,Bakery,134,112,22,4.0,23.7,112.0,No,Hot,3,Overproduction,Yes,Medium
INV000023,2025-01-02,Cloud Kitchen,Prepared Food,100,78,22,2.0,18.3,78.0,No,Cloudy,4,Expired,No,Medium
INV000024,2025-01-02,Restaurant,Prepared Food,98,98,0,1.0,17.5,101.0,No,Hot,0,No Waste,No,Low
INV000025,2025-01-02,Cafeteria,Vegetables,186,60,126,7.0,8.2,60.0,No,Sunny,40,Overproduction,No,High
INV000026,2025-01-02,Cafeteria,Prepared Food,99,99,0,2.0,17.7,100.0,Yes,Sunny,0,No Waste,No,Low
INV000027,2025-01-02,Supermarket,Fruits,259,159,100,4.0,13.0,159.0,Yes,Rainy,29,Overproduction,Yes,High
INV000028,2025-01-02,Supermarket,Bakery,176,176,0,3.0,20.8,,No,Sunny,0,No Waste,No,Low
INV000029,2025-01-02,Restaurant,Fruits,67,58,9,,8.8,58.0,No,Rainy,1,Low Demand,No,Low
INV000030,2025-01-02,Restaurant,Prepared Food,89,58,31,2.0,26.9,58.0,No,Rainy,14,Storage Issue,No,High
INV000031,2025-01-02,Supermarket,Prepared Food,159,137,22,1.0,13.9,137.0,No,,6,Expired,No,Medium
INV000032,2025-01-02,Supermarket,Fruits,136,136,0,6.0,7.1,146.0,No,Sunny,0,No Waste,No,Low
INV000033,2025-01-02,Cloud Kitchen,Prepared Food,121,106,15,2.0,17.6,106.0,No,Cloudy,3,Expired,No,Medium
INV000034,2025-01-02,Supermarket,Dairy,172,149,23,6.0,3.8,149.0,Yes,Rainy,3,Low Demand,No,Low
INV000035,2025-01-02,Cafeteria,Bakery,58,58,0,2.0,23.0,76.0,No,Sunny,0,No Waste,No,Low
INV000036,2025-01-02,Cafeteria,Prepared Food,72,55,17,2.0,15.2,55.0,No,Cloudy,5,Low Demand,No,Medium
INV000037,2025-01-02,Supermarket,Fruits,173,163,10,4.0,10.9,163.0,No,,2,Expired,No,Low
INV000038,2025-01-02,Cafeteria,Dairy,56,56,0,3.0,1.8,57.0,No,Cloudy,0,No Waste,No,Low
INV000039,2025-01-02,Cloud Kitchen,Prepared Food,115,94,21,1.0,21.1,94.0,Yes,Rainy,7,Expired,No,Medium
INV000040,2025-01-02,Supermarket,Prepared Food,189,132,57,1.0,28.7,132.0,No,Sunny,29,Storage Issue,Yes,High
INV000041,2025-01-02,Cafeteria,Fruits,64,54,10,7.0,6.0,54.0,No,Cloudy,1,Low Demand,No,Low
INV000042,2025-01-02,Restaurant,Fruits,86,86,0,5.0,7.6,100.0,No,Hot,0,No Waste,No,Low
INV000043,2025-01-02,Restaurant,Vegetables,79,69,10,7.0,10.0,69.0,Yes,Rainy,2,Low Demand,No,Medium
INV000044,2025-01-02,Restaurant,Vegetables,105,59,46,8.0,9.4,59.0,No,Cloudy,13,Overproduction,Yes,High
INV000045,2025-01-02,Supermarket,Prepared Food,214,115,99,2.0,24.8,115.0,No,Cloudy,45,Overproduction,Yes,High
INV000046,2025-01-02,Supermarket,Prepared Food,153,149,4,1.0,14.9,149.0,No,Cloudy,1,Expired,No,Low
INV000047,2025-01-02,Supermarket,Dairy,164,116,48,9.0,3.6,116.0,No,Rainy,10,Overproduction,No,Medium
INV000048,2025-01-03,Supermarket,Vegetables,207,116,91,8.0,5.0,116.0,No,Cloudy,19,Overproduction,Yes,High
INV000049,2025-01-03,Restaurant,Fruits,105,100,5,4.0,5.2,100.0,No,Sunny,1,Expired,No,Low
INV000050,2025-01-03,Restaurant,Prepared Food,78,78,0,2.0,23.2,92.0,No,Cloudy,0,No Waste,No,Low
INV000051,2025-01-03,Cafeteria,Bakery,75,55,20,6.0,19.6,55.0,Yes,Cloudy,3,Low Demand,No,Medium
INV000052,2025-01-03,Restaurant,Meat,73,73,0,3.0,2.0,114.0,No,Hot,0,No Waste,No,Low
INV000053,2025-01-03,Cloud Kitchen,Dairy,78,78,0,7.0,2.1,114.0,No,Sunny,0,No Waste,No,Low
INV000054,2025-01-03,Cafeteria,Prepared Food,63,63,0,2.0,25.9,65.0,No,Hot,0,No Waste,No,Low
INV000055,2025-01-03,Supermarket,Meat,185,106,79,6.0,1.7,106.0,No,Rainy,18,Overproduction,No,High
INV000056,2025-01-03,Cloud Kitchen,Vegetables,109,109,0,7.0,5.0,110.0,No,Cloudy,0,No Waste,No,Low
INV000057,2025-01-03,Cloud Kitchen,Fruits,93,93,0,6.0,14.2,,No,Hot,0,No Waste,No,Low
INV000058,2025-01-03,Cloud Kitchen,Meat,132,108,24,8.0,,108.0,Yes,Rainy,3,Low Demand,No,Medium
INV000059,2025-01-03,Supermarket,Dairy,243,243,0,9.0,4.0,252.0,Yes,Sunny,0,No Waste,No,Low
INV000060,2025-01-03,Restaurant,Dairy,98,91,7,5.0,6.0,91.0,No,Hot,1,Low Demand,No,Low
INV000061,2025-01-03,Restaurant,Prepared Food,93,59,34,2.0,20.1,59.0,No,Rainy,11,Overproduction,Yes,High
INV000062,2025-01-03,Supermarket,Prepared Food,105,105,0,1.0,20.3,173.0,No,Sunny,0,No Waste,No,Low
INV000063,2025-01-03,Restaurant,Prepared Food,54,54,0,1.0,17.0,75.0,No,Cloudy,0,No Waste,No,Low
INV000064,2025-01-03,Supermarket,Meat,171,157,14,3.0,0.0,157.0,No,Sunny,2,Expired,No,Low
INV000065,2025-01-03,Supermarket,Meat,203,112,91,4.0,3.8,112.0,No,Rainy,28,Overproduction,Yes,High
INV000066,2025-01-03,Cafeteria,Bakery,60,60,0,,25.3,71.0,No,Cloudy,0,No Waste,No,Low
INV000067,2025-01-03,Cafeteria,Vegetables,63,63,0,7.0,5.7,76.0,No,Sunny,0,No Waste,No,Low
INV000068,2025-01-03,Supermarket,Bakery,179,104,75,2.0,25.7,104.0,No,Rainy,33,Overproduction,Yes,High
INV000069,2025-01-03,Cloud Kitchen,Bakery,127,72,55,4.0,21.1,72.0,No,Rainy,12,Overproduction,No,High
INV000070,2025-01-03,Supermarket,Fruits,235,196,39,4.0,10.5,196.0,No,Hot,9,Expired,No,Medium
INV000071,2025-01-03,Cloud Kitchen,Dairy,106,106,0,3.0,2.5,124.0,No,Hot,0,No Waste,No,Low
INV000072,2025-01-04,Supermarket,Fruits,163,163,0,5.0,10.7,209.0,Yes,Hot,0,No Waste,No,Low
INV000073,2025-01-04,Restaurant,Vegetables,95,95,0,5.0,4.3,101.0,No,Sunny,0,No Waste,No,Low
INV000074,2025-01-04,Cloud Kitchen,Bakery,90,67,23,3.0,16.8,67.0,No,,4,Expired,No,Medium
INV000075,2025-01-04,Restaurant,Fruits,82,82,0,8.0,3.5,85.0,No,Sunny,0,No Waste,,Low
INV000076,2025-01-04,Restaurant,Meat,97,69,28,3.0,5.8,69.0,No,Cloudy,6,Storage Issue,No,Medium
INV000077,2025-01-04,Cafeteria,Dairy,93,93,0,4.0,1.3,94.0,Yes,Cloudy,0,No Waste,No,Low
INV000078,2025-01-04,Supermarket,Vegetables,127,127,0,8.0,4.1,139.0,No,Sunny,0,No Waste,No,Low
INV000079,2025-01-04,Supermarket,Prepared Food,201,201,0,1.0,19.6,209.0,No,Hot,0,No Waste,No,Low
INV000080,2025-01-04,Cloud Kitchen,Meat,128,92,36,3.0,5.5,92.0,No,Hot,10,Expired,No,Medium
INV000081,2025-01-04,Cloud Kitchen,Prepared Food,125,95,30,2.0,20.8,95.0,No,Sunny,9,Expired,No,Medium
INV000082,2025-01-04,Supermarket,Bakery,147,147,0,2.0,25.3,152.0,No,Sunny,0,No Waste,No,Low
INV000083,2025-01-04,Restaurant,Fruits,82,52,30,4.0,7.1,52.0,No,Rainy,6,Overproduction,No,Medium
INV000084,2025-01-04,Cloud Kitchen,Prepared Food,106,106,0,2.0,,113.0,Yes,,0,No Waste,No,Low
INV000085,2025-01-04,Supermarket,Fruits,172,161,11,7.0,14.7,161.0,No,Cloudy,1,Storage Issue,No,Low
INV000086,2025-01-04,Supermarket,Dairy,169,169,0,9.0,0.4,184.0,No,Sunny,0,No Waste,No,Low
INV000087,2025-01-05,Cafeteria,Prepared Food,78,63,15,2.0,24.3,63.0,No,Hot,4,Low Demand,No,Medium
INV000088,2025-01-05,Cafeteria,Fruits,56,56,0,5.0,8.6,60.0,No,Sunny,0,No Waste,No,Low
INV000089,2025-01-05,Cafeteria,Bakery,59,59,0,4.0,24.3,67.0,No,Hot,0,No Waste,No,Low
INV000090,2025-01-05,Restaurant,Fruits,94,70,24,,8.9,,No,Cloudy,4,Low Demand,No,Medium
INV000091,2025-01-05,Cloud Kitchen,Fruits,131,93,38,4.0,9.2,93.0,No,Sunny,9,Low Demand,Yes,Medium
INV000092,2025-01-05,Restaurant,Prepared Food,70,66,4,1.0,22.2,66.0,No,Cloudy,1,Expired,No,Low
INV000093,2025-01-05,Cafeteria,Prepared Food,62,60,2,1.0,17.6,60.0,No,Hot,1,Expired,No,Medium
INV000094,2025-01-05,Cafeteria,Vegetables,79,55,24,8.0,4.2,,No,Hot,2,Low Demand,No,Medium
INV000095,2025-01-05,Restaurant,Meat,87,75,12,2.0,2.2,75.0,Yes,Rainy,3,Expired,No,Medium
INV000096,2025-01-05,Cloud Kitchen,Vegetables,107,77,30,6.0,6.5,77.0,No,Cloudy,7,Low Demand,No,Medium
INV000097,2025-01-05,Cloud Kitchen,Bakery,107,73,34,3.0,24.5,73.0,No,Rainy,8,Low Demand,Yes,Medium
INV000098,2025-01-05,Restaurant,Dairy,106,64,42,1.0,0.7,64.0,No,Cloudy,18,Overproduction,Yes,High
INV000099,2025-01-05,Supermarket,Fruits,161,148,13,5.0,9.4,148.0,No,,2,Expired,No,Low
INV000100,2025-01-05,Restaurant,Prepared Food,122,75,47,2.0,23.9,75.0,No,Sunny,18,Overproduction,No,High
INV000101,2025-01-05,Supermarket,Prepared Food,231,152,79,1.0,14.5,152.0,Yes,Cloudy,30,Expired,No,High
INV000102,2025-01-05,Cloud Kitchen,Meat,108,108,0,5.0,2.9,110.0,No,Sunny,0,No Waste,No,Low
INV000103,2025-01-05,Cloud Kitchen,Prepared Food,111,77,34,1.0,18.7,77.0,Yes,Rainy,14,Expired,No,Low
INV000104,2025-01-05,Cafeteria,Dairy,47,47,0,6.0,3.6,,No,Sunny,0,No Waste,No,Low
INV000105,2025-01-05,Restaurant,Fruits,86,86,0,6.0,11.0,87.0,No,Hot,0,No Waste,No,High
INV000106,2025-01-05,Restaurant,Dairy,70,70,0,9.0,0.9,110.0,Yes,Sunny,0,No Waste,No,Low
INV000107,2025-01-05,Cloud Kitchen,Vegetables,117,117,0,1.0,4.5,129.0,No,Hot,0,No Waste,No,Low
INV000108,2025-01-06,Supermarket,Meat,104,104,0,2.0,4.5,121.0,No,Rainy,0,No Waste,No,Low
INV000109,2025-01-06,Cafeteria,Prepared Food,64,48,16,2.0,16.8,48.0,No,Rainy,4,Low Demand,No,Medium
INV000110,2025-01-06,Supermarket,Prepared Food,135,135,0,2.0,14.4,174.0,No,Hot,0,No Waste,No,Medium
INV000111,2025-01-06,Cafeteria,Bakery,75,57,18,5.0,13.8,,No,Hot,3,Low Demand,No,Medium
INV000112,2025-01-06,Restaurant,Dairy,86,68,18,7.0,3.8,68.0,No,Sunny,1,Low Demand,No,Low
INV000113,2025-01-06,Supermarket,Dairy,151,131,20,11.0,6.2,131.0,No,,2,Storage Issue,No,Low
INV000114,2025-01-06,Cloud Kitchen,Bakery,176,138,38,3.0,22.7,138.0,Yes,Hot,6,Expired,No,Medium
INV000115,2025-01-06,Cloud Kitchen,Vegetables,97,97,0,6.0,8.4,133.0,No,Hot,0,No Waste,No,Low
INV000116,2025-01-06,Supermarket,Prepared Food,149,100,49,2.0,18.5,100.0,No,Cloudy,17,Overproduction,Yes,High
INV000117,2025-01-06,Restaurant,Prepared Food,107,82,25,1.0,20.6,82.0,No,Cloudy,8,Expired,No,High
INV000118,2025-01-06,Restaurant,Prepared Food,85,85,0,2.0,22.5,92.0,No,Hot,0,No Waste,No,Low
INV000119,2025-01-06,Cloud Kitchen,Fruits,122,65,57,4.0,11.8,,No,Rainy,19,Overproduction,Yes,High
INV000120,2025-01-06,Cloud Kitchen,Meat,88,88,0,2.0,1.5,110.0,No,Sunny,0,No Waste,No,Low
INV000121,2025-01-06,Cafeteria,Vegetables,67,66,1,9.0,10.5,66.0,No,Sunny,0,No Waste,No,Low
INV000122,2025-01-06,Cafeteria,Vegetables,67,65,2,9.0,6.7,65.0,Yes,Rainy,0,No Waste,No,Low
INV000123,2025-01-06,Cafeteria,Prepared Food,80,41,39,1.0,23.8,41.0,No,Cloudy,20,Overproduction,Yes,High
INV000124,2025-01-06,Restaurant,Vegetables,79,49,30,5.0,8.4,,No,Rainy,8,Overproduction,No,High
INV000125,2025-01-06,Supermarket,Vegetables,196,63,133,5.0,9.3,63.0,No,Rainy,43,Overproduction,Yes,High
INV000126,2025-01-06,Restaurant,Prepared Food,92,92,0,1.0,11.2,95.0,No,Hot,0,No Waste,No,High
INV000127,2025-01-06,Cloud Kitchen,Prepared Food,121,93,28,1.0,19.9,93.0,No,Sunny,10,Expired,No,Medium
INV000128,2025-01-06,Restaurant,Fruits,114,100,14,4.0,7.8,100.0,No,Sunny,2,Expired,No,Low
INV000129,2025-01-06,Cloud Kitchen,Meat,114,114,0,4.0,2.1,115.0,No,Sunny,0,No Waste,No,Low
INV000130,2025-01-06,Restaurant,Dairy,99,54,45,1.0,5.6,54.0,No,Rainy,21,Overproduction,Yes,High
INV000131,2025-01-07,Supermarket,Dairy,164,147,17,11.0,2.6,147.0,No,Hot,2,Expired,No,Low
INV000132,2025-01-07,Supermarket,Fruits,592,254,338,4.0,6.8,254.0,No,Sunny,98,Overproduction,Yes,High
INV000133,2025-01-07,Restaurant,Prepared Food,113,113,0,2.0,21.7,125.0,Yes,Sunny,0,No Waste,No,Low
INV000134,2025-01-07,Cloud Kitchen,Prepared Food,133,105,28,1.0,18.2,105.0,No,,9,Expired,No,Medium
INV000135,2025-01-07,Cafeteria,Prepared Food,60,45,15,2.0,15.5,45.0,No,Rainy,4,Low Demand,No,Medium
INV000136,2025-01-07,Restaurant,Dairy,121,77,44,12.0,4.6,77.0,No,Sunny,8,Overproduction,No,Medium
INV000137,2025-01-07,Restaurant,Meat,71,71,0,1.0,2.5,84.0,No,Cloudy,0,No Waste,No,Low
INV000138,2025-01-07,Cloud Kitchen,Vegetables,105,65,40,6.0,11.3,65.0,No,Rainy,12,Overproduction,Yes,High
INV000139,2025-01-07,Cafeteria,Dairy,76,76,0,12.0,5.7,90.0,Yes,Sunny,0,No Waste,,Low
INV000140,2025-01-07,Supermarket,Vegetables,217,153,64,6.0,9.1,153.0,No,Cloudy,16,Overproduction,Yes,Medium
INV000141,2025-01-07,Supermarket,Dairy,178,106,72,9.0,5.6,106.0,No,Rainy,12,Overproduction,Yes,Medium
INV000142,2025-01-07,Supermarket,Prepared Food,193,176,17,1.0,26.5,176.0,No,Cloudy,5,Expired,No,Medium
INV000143,2025-01-07,Supermarket,Meat,192,141,51,7.0,1.8,141.0,No,,3,Overproduction,No,Low
INV000144,2025-01-07,Restaurant,Fruits,103,82,21,5.0,6.0,82.0,No,Sunny,2,Low Demand,No,Low
INV000145,2025-01-07,Restaurant,Dairy,96,86,10,9.0,5.7,86.0,No,Sunny,1,Low Demand,No,Low
INV000146,2025-01-07,Cafeteria,Bakery,75,55,20,4.0,23.3,55.0,No,Cloudy,5,Low Demand,Yes,Medium
INV000147,2025-01-07,Restaurant,Bakery,101,64,37,4.0,26.2,64.0,No,Rainy,11,Overproduction,No,High
INV000148,2025-01-07,Supermarket,Bakery,206,204,2,3.0,18.6,204.0,Yes,Sunny,0,No Waste,No,Low
INV000149,2025-01-07,Supermarket,Prepared Food,155,127,28,2.0,21.8,127.0,No,Hot,7,Expired,No,High
INV000150,2025-01-08,Cloud Kitchen,Fruits,95,81,14,5.0,4.6,81.0,No,Sunny,2,Low Demand,No,Medium
INV000151,2025-01-08,Supermarket,Prepared Food,215,165,50,1.0,21.7,165.0,No,Sunny,19,Expired,No,High
INV000152,2025-01-08,Restaurant,Meat,85,81,4,5.0,5.3,81.0,No,Rainy,0,No Waste,No,Low
INV000153,2025-01-08,Cafeteria,Prepared Food,50,50,0,1.0,20.4,61.0,No,Cloudy,0,No Waste,No,Low
INV000154,2025-01-08,Restaurant,Dairy,59,57,2,11.0,5.3,57.0,No,Rainy,0,No Waste,No,Low
INV000155,2025-01-08,Supermarket,Fruits,160,134,26,1.0,6.9,134.0,No,Hot,8,Expired,No,Medium
INV000156,2025-01-08,Cafeteria,Vegetables,52,50,2,1.0,7.2,50.0,No,Sunny,1,Expired,No,Low
INV000157,2025-01-08,Cloud Kitchen,Prepared Food,122,87,35,1.0,25.2,87.0,No,Rainy,13,Expired,No,High
INV000158,2025-01-08,Supermarket,Bakery,137,127,10,5.0,19.6,127.0,No,Hot,1,Expired,No,Low
INV000159,2025-01-08,Cloud Kitchen,Bakery,94,94,0,2.0,17.7,108.0,No,Cloudy,0,No Waste,No,Low
INV000160,2025-01-08,Cloud Kitchen,Dairy,105,104,1,,2.9,104.0,No,Hot,0,No Waste,No,Low
INV000161,2025-01-08,Restaurant,Prepared Food,101,83,18,2.0,18.9,83.0,No,Cloudy,5,Expired,No,Medium
INV000162,2025-01-08,Supermarket,Vegetables,184,184,0,5.0,6.3,230.0,Yes,Hot,0,No Waste,No,Low
INV000163,2025-01-08,Cafeteria,Dairy,103,48,55,8.0,3.1,48.0,Yes,Rainy,13,Overproduction,Yes,Medium
INV000164,2025-01-08,Restaurant,Vegetables,95,78,17,8.0,8.4,78.0,No,Sunny,3,Storage Issue,No,Medium
INV000165,2025-01-08,Supermarket,Bakery,142,142,0,3.0,21.1,220.0,No,Sunny,0,No Waste,No,Low
INV000166,2025-01-08,Supermarket,Prepared Food,168,161,7,1.0,26.0,161.0,No,Cloudy,2,Expired,No,Low
INV000167,2025-01-08,Cloud Kitchen,Fruits,109,103,6,5.0,9.5,103.0,No,Cloudy,0,No Waste,No,Low
INV000168,2025-01-08,Cloud Kitchen,Dairy,127,115,12,1.0,7.8,115.0,No,Hot,4,Expired,,Medium
INV000169,2025-01-08,Cafeteria,Fruits,68,47,21,8.0,10.0,47.0,No,Rainy,3,Low Demand,No,Medium
INV000170,2025-01-08,Supermarket,Bakery,210,210,0,4.0,19.8,211.0,No,Hot,0,No Waste,No,Low
INV000171,2025-01-08,Restaurant,Dairy,72,72,0,,3.8,110.0,Yes,Hot,0,No Waste,No,Low
INV000172,2025-01-08,Restaurant,Bakery,105,97,8,2.0,25.1,97.0,No,Hot,2,Expired,No,Low
INV000173,2025-01-08,Cafeteria,Dairy,94,78,16,14.0,0.6,78.0,No,Sunny,2,Low Demand,No,Medium
INV000174,2025-01-08,Restaurant,Vegetables,91,66,25,8.0,3.9,66.0,No,Rainy,4,Low Demand,No,Medium
INV000175,2025-01-08,Restaurant,Dairy,100,67,33,9.0,1.9,67.0,No,Sunny,4,Overproduction,No,Medium
INV000176,2025-01-08,Cloud Kitchen,Prepared Food,121,103,18,2.0,15.3,103.0,No,Sunny,3,Expired,No,Medium
INV000177,2025-01-08,Cloud Kitchen,Dairy,121,107,14,,3.8,107.0,No,Sunny,2,Low Demand,No,Low
INV000178,2025-01-08,Supermarket,Bakery,136,122,14,1.0,30.1,122.0,No,Cloudy,7,Storage Issue,Yes,Medium
INV000179,2025-01-08,Restaurant,Fruits,60,60,0,4.0,5.0,77.0,No,Hot,0,No Waste,No,Low
INV000180,2025-01-09,Supermarket,Dairy,187,98,89,9.0,4.3,98.0,No,Rainy,13,Overproduction,Yes,Medium
INV000181,2025-01-09,Supermarket,Meat,135,135,0,10.0,1.7,154.0,No,Sunny,0,No Waste,,Low
INV000182,2025-01-09,Restaurant,Meat,77,71,6,2.0,1.1,71.0,No,Cloudy,1,Low Demand,No,Low
INV000183,2025-01-09,Supermarket,Bakery,158,140,18,1.0,26.8,140.0,No,Cloudy,7,Expired,No,Medium
INV000184,2025-01-09,Cafeteria,Prepared Food,49,44,5,1.0,33.6,44.0,No,Rainy,3,Storage Issue,No,Medium
INV000185,2025-01-09,Cafeteria,Fruits,65,65,0,5.0,14.9,66.0,Yes,Sunny,0,No Waste,No,Low
INV000186,2025-01-09,Restaurant,Dairy,91,75,16,6.0,6.5,75.0,No,Cloudy,2,Low Demand,No,Medium
INV000187,2025-01-09,Cafeteria,Prepared Food,51,34,17,2.0,17.0,34.0,No,Rainy,5,Low Demand,No,High
INV000188,2025-01-09,Supermarket,Prepared Food,230,134,96,2.0,20.9,134.0,Yes,Rainy,31,Overproduction,Yes,High
INV000189,2025-01-09,Supermarket,Fruits,159,159,0,4.0,9.1,170.0,No,Sunny,0,No Waste,No,Low
INV000190,2025-01-09,Cafeteria,Prepared Food,102,76,26,1.0,21.7,76.0,Yes,Cloudy,8,Expired,No,Medium
INV000191,2025-01-09,Restaurant,Fruits,102,58,44,7.0,7.1,58.0,No,Rainy,6,Overproduction,No,Medium
INV000192,2025-01-09,Cafeteria,Meat,165,42,123,3.0,1.7,42.0,No,Cloudy,52,Overproduction,Yes,High
INV000193,2025-01-09,Restaurant,Fruits,98,79,19,7.0,15.8,79.0,No,Hot,6,Storage Issue,No,Medium
INV000194,2025-01-09,Cafeteria,Fruits,76,47,29,4.0,13.6,47.0,No,Cloudy,8,Overproduction,No,High
INV000195,2025-01-09,Supermarket,Dairy,155,155,0,7.0,3.9,180.0,Yes,Sunny,0,No Waste,No,Low
INV000196,2025-01-09,Restaurant,Fruits,79,79,0,6.0,4.2,93.0,No,,0,No Waste,No,Low
INV000197,2025-01-09,Supermarket,Vegetables,145,145,0,3.0,4.3,153.0,No,Sunny,0,No Waste,No,Low
INV000198,2025-01-09,Supermarket,Fruits,243,138,105,5.0,4.5,138.0,Yes,Rainy,27,Overproduction,Yes,High
INV000199,2025-01-10,Supermarket,Dairy,227,147,80,5.0,5.9,147.0,No,Cloudy,20,Overproduction,Yes,High
INV000200,2025-01-10,Cloud Kitchen,Meat,87,87,0,3.0,5.4,114.0,No,Sunny,0,No Waste,No,Low
INV000201,2025-01-10,Cloud Kitchen,Prepared Food,111,86,25,1.0,24.4,86.0,No,Cloudy,11,Expired,No,High
INV000202,2025-01-10,Cloud Kitchen,Bakery,109,93,16,1.0,25.2,93.0,No,Sunny,7,Expired,No,Medium
INV000203,2025-01-10,Supermarket,Meat,165,165,0,5.0,-0.2,206.0,No,Hot,0,No Waste,No,Low
INV000204,2025-01-10,Cloud Kitchen,Dairy,128,90,38,7.0,3.7,90.0,No,Cloudy,7,Overproduction,No,Medium
INV000205,2025-01-10,Supermarket,Meat,144,88,56,3.0,3.7,88.0,No,Rainy,18,Overproduction,No,High
INV000206,2025-01-10,Supermarket,Fruits,209,186,23,5.0,7.7,,No,Sunny,4,Low Demand,No,Low
INV000207,2025-01-10,Cloud Kitchen,Bakery,131,107,24,2.0,18.6,107.0,No,Hot,6,Expired,No,Medium
INV000208,2025-01-10,Cafeteria,Meat,53,53,0,1.0,2.9,61.0,No,Hot,0,No Waste,No,Low
INV000209,2025-01-10,Supermarket,Bakery,184,174,10,2.0,24.5,174.0,No,Sunny,2,Expired,No,Low
INV000210,2025-01-10,Cloud Kitchen,Dairy,122,69,53,8.0,2.1,69.0,No,Cloudy,9,Overproduction,Yes,Medium
INV000211,2025-01-10,Restaurant,Bakery,113,71,42,4.0,21.1,71.0,No,Cloudy,9,Overproduction,,Medium
INV000212,2025-01-10,Cafeteria,Dairy,67,67,0,6.0,5.1,89.0,Yes,Sunny,0,No Waste,No,Low
INV000213,2025-01-10,Cafeteria,Prepared Food,65,50,15,2.0,16.3,50.0,No,Sunny,5,Low Demand,No,Medium
INV000214,2025-01-10,Cafeteria,Prepared Food,70,70,0,1.0,33.5,72.0,No,Hot,0,No Waste,No,Low
INV000215,2025-01-10,Restaurant,Bakery,74,74,0,2.0,25.4,78.0,No,Sunny,0,No Waste,No,Low
INV000216,2025-01-10,Supermarket,Prepared Food,147,147,0,2.0,17.6,175.0,No,Hot,0,No Waste,No,Low
INV000217,2025-01-10,Supermarket,Fruits,150,150,0,4.0,14.6,162.0,No,Hot,0,No Waste,No,Low
INV000218,2025-01-10,Cloud Kitchen,Fruits,116,116,0,5.0,2.0,140.0,Yes,Hot,0,No Waste,No,Low
INV000219,2025-01-10,Restaurant,Bakery,96,49,47,2.0,19.8,49.0,No,Rainy,18,Overproduction,No,High
INV000220,2025-01-10,Cloud Kitchen,Bakery,127,88,39,1.0,24.8,88.0,No,Cloudy,14,Expired,No,High
INV000221,2025-01-10,Supermarket,Bakery,137,137,0,3.0,19.0,,No,Cloudy,0,No Waste,No,Low
INV000222,2025-01-11,Cafeteria,Prepared Food,55,41,14,1.0,27.6,41.0,No,Rainy,7,Storage Issue,Yes,High
INV000223,2025-01-11,Cafeteria,Meat,52,52,0,2.0,1.7,71.0,No,Sunny,0,No Waste,No,Low
INV000224,2025-01-11,Restaurant,Fruits,67,54,13,2.0,3.3,54.0,No,,3,Expired,No,Medium
INV000225,2025-01-11,Supermarket,Fruits,160,160,0,7.0,5.3,179.0,No,Sunny,0,No Waste,No,Low
INV000226,2025-01-11,Cloud Kitchen,Fruits,161,133,28,5.0,4.4,133.0,Yes,Hot,5,Expired,,Medium
INV000227,2025-01-11,Cloud Kitchen,Vegetables,123,61,62,8.0,9.7,61.0,No,Rainy,22,Overproduction,Yes,High
INV000228,2025-01-11,Cafeteria,Bakery,63,53,10,4.0,15.4,53.0,No,Hot,2,Low Demand,No,Medium
INV000229,2025-01-11,Cloud Kitchen,Fruits,124,109,15,6.0,5.5,109.0,No,Cloudy,3,Expired,No,Medium
INV000230,2025-01-11,Restaurant,Fruits,69,63,6,4.0,6.7,63.0,No,Rainy,1,Expired,No,Low
INV000231,2025-01-11,Cafeteria,Bakery,70,52,18,3.0,24.2,52.0,No,Cloudy,5,Low Demand,Yes,Medium
INV000232,2025-01-11,Supermarket,Bakery,161,91,70,4.0,14.8,91.0,No,Rainy,19,Overproduction,Yes,High
INV000233,2025-01-11,Cloud Kitchen,Dairy,163,84,79,4.0,2.8,84.0,No,Cloudy,24,Overproduction,Yes,High
INV000234,2025-01-11,Cloud Kitchen,Fruits,105,87,18,2.0,6.3,87.0,No,Cloudy,4,Expired,No,Medium
INV000235,2025-01-11,Cafeteria,Vegetables,55,45,10,5.0,5.8,45.0,No,Rainy,2,Low Demand,No,Medium
INV000236,2025-01-11,Supermarket,Meat,968,110,858,5.0,2.8,110.0,Yes,Rainy,347,Overproduction,Yes,High
INV000237,2025-01-11,Supermarket,Vegetables,168,162,6,8.0,1.4,162.0,No,Sunny,1,Low Demand,No,Low
INV000238,2025-01-12,Cloud Kitchen,Vegetables,121,93,28,6.0,4.9,93.0,Yes,Rainy,4,Low Demand,No,Medium
INV000239,2025-01-12,Cafeteria,Bakery,56,53,3,3.0,26.9,53.0,No,Cloudy,1,Low Demand,No,Low
INV000240,2025-01-12,Cafeteria,Meat,84,79,5,8.0,1.7,79.0,Yes,Sunny,0,No Waste,No,Low
INV000241,2025-01-12,Cloud Kitchen,Vegetables,123,95,28,8.0,7.5,95.0,No,Cloudy,5,Overproduction,No,Medium
INV000242,2025-01-12,Cloud Kitchen,Vegetables,111,84,27,8.0,7.5,84.0,No,Rainy,4,Low Demand,No,Medium
INV000243,2025-01-12,Restaurant,Fruits,123,66,57,3.0,9.9,66.0,No,Cloudy,17,Overproduction,Yes,High
INV000244,2025-01-12,Restaurant,Fruits,94,89,5,8.0,9.0,89.0,No,Sunny,1,Low Demand,No,Low
INV000245,2025-01-12,Restaurant,Bakery,103,72,31,3.0,20.6,72.0,No,Cloudy,6,Overproduction,Yes,Medium
INV000246,2025-01-12,Restaurant,Dairy,80,76,4,14.0,3.6,76.0,No,Hot,0,No Waste,No,Low
INV000247,2025-01-12,Restaurant,Meat,81,70,11,4.0,2.6,70.0,No,Sunny,2,Low Demand,No,Medium
INV000248,2025-01-12,Restaurant,Bakery,73,61,12,4.0,22.2,61.0,No,Rainy,1,Expired,No,Low
INV000249,2025-01-12,Restaurant,Vegetables,96,96,0,4.0,7.6,107.0,No,Sunny,0,No Waste,,Low
INV000250,2025-01-12,Restaurant,Fruits,86,43,43,1.0,1.6,43.0,No,Rainy,15,Overproduction,Yes,High
INV000251,2025-01-12,Restaurant,Meat,83,83,0,3.0,3.0,108.0,No,Sunny,0,No Waste,No,Low
INV000252,2025-01-12,Cafeteria,Vegetables,57,46,11,5.0,,46.0,No,Cloudy,1,Low Demand,No,Low
INV000253,2025-01-12,Cloud Kitchen,Vegetables,119,93,26,8.0,10.6,93.0,No,Cloudy,7,Storage Issue,No,Medium
INV000254,2025-01-12,Cafeteria,Fruits,75,46,29,5.0,9.8,46.0,No,Cloudy,7,Low Demand,Yes,High
INV000255,2025-01-12,Supermarket,Bakery,213,150,63,2.0,19.8,150.0,No,Sunny,18,Expired,No,Medium
INV000256,2025-01-12,Cloud Kitchen,Vegetables,110,110,0,5.0,-1.9,152.0,Yes,Hot,0,No Waste,No,Low
INV000257,2025-01-12,Cafeteria,Meat,55,55,0,6.0,5.2,72.0,No,Hot,0,No Waste,No,Low
INV000258,2025-01-12,Cloud Kitchen,Fruits,149,91,58,6.0,8.2,91.0,No,Hot,12,Overproduction,Yes,Low
INV000259,2025-01-12,Restaurant,Dairy,114,56,58,4.0,3.5,,No,Sunny,19,Overproduction,Yes,High
INV000260,2025-01-12,Cafeteria,Vegetables,61,38,23,8.0,8.9,38.0,No,Rainy,6,Overproduction,No,High
INV000261,2025-01-12,Restaurant,Prepared Food,77,77,0,1.0,18.3,82.0,No,Sunny,0,No Waste,No,Low
INV000262,2025-01-12,Restaurant,Fruits,98,73,25,1.0,5.5,73.0,No,Sunny,10,Expired,No,High
INV000263,2025-01-12,Supermarket,Fruits,180,146,34,7.0,4.5,146.0,No,Hot,2,Low Demand,No,Low
INV000264,2025-01-12,Supermarket,Fruits,202,152,50,8.0,6.1,152.0,No,Hot,7,Overproduction,Yes,Medium
INV000265,2025-01-12,Restaurant,Bakery,103,85,18,2.0,21.9,85.0,Yes,Rainy,4,Expired,No,Medium
INV000266,2025-01-12,Restaurant,Prepared Food,105,60,45,2.0,19.1,60.0,No,Cloudy,18,Overproduction,Yes,High
INV000267,2025-01-12,Supermarket,Bakery,158,123,35,4.0,19.9,123.0,No,Cloudy,8,Expired,No,High
INV000268,2025-01-13,Restaurant,Bakery,88,75,13,2.0,24.9,75.0,No,Sunny,3,Expired,No,Medium
INV000269,2025-01-13,Cafeteria,Bakery,60,36,24,5.0,23.5,36.0,No,Cloudy,7,Low Demand,No,High
INV000270,2025-01-13,Supermarket,Vegetables,156,137,19,5.0,7.5,137.0,No,Sunny,2,Low Demand,No,Low
INV000271,2025-01-13,Restaurant,Vegetables,108,108,0,5.0,1.5,120.0,Yes,Hot,0,No Waste,No,Low
INV000272,2025-01-13,Cafeteria,Prepared Food,70,53,17,1.0,16.5,53.0,No,Rainy,7,Expired,No,High
INV000273,2025-01-13,Cloud Kitchen,Prepared Food,95,95,0,2.0,19.1,125.0,No,Sunny,0,No Waste,No,Low
INV000274,2025-01-13,Supermarket,Vegetables,239,156,83,5.0,3.6,156.0,No,Sunny,18,Overproduction,Yes,Medium
INV000275,2025-01-13,Restaurant,Meat,98,70,28,4.0,-1.0,70.0,No,Cloudy,6,Low Demand,No,Medium
INV000276,2025-01-13,Supermarket,Meat,142,142,0,1.0,-1.2,142.0,No,Cloudy,0,No Waste,No,Low
INV000277,2025-01-13,Restaurant,Dairy,120,120,0,5.0,1.4,140.0,Yes,Sunny,0,No Waste,No,Low
INV000278,2025-01-13,Cafeteria,Dairy,66,66,0,10.0,5.8,84.0,No,Sunny,0,No Waste,No,Low
INV000279,2025-01-13,Restaurant,Bakery,96,80,16,3.0,28.2,80.0,No,Sunny,4,Storage Issue,No,Medium
INV000280,2025-01-13,Restaurant,Bakery,102,95,7,4.0,25.8,95.0,No,Hot,1,Storage Issue,No,Low
INV000281,2025-01-13,Cloud Kitchen,Dairy,169,125,44,3.0,1.7,125.0,No,,10,Overproduction,Yes,Medium
INV000282,2025-01-13,Cafeteria,Meat,54,49,5,2.0,2.8,49.0,Yes,Rainy,1,Low Demand,No,Low
INV000283,2025-01-13,Restaurant,Bakery,78,78,0,3.0,17.1,89.0,Yes,Sunny,0,No Waste,No,Low
INV000284,2025-01-13,Supermarket,Dairy,181,179,2,14.0,3.9,179.0,No,Sunny,0,No Waste,No,Low
INV000285,2025-01-13,Cafeteria,Prepared Food,74,74,0,2.0,15.4,108.0,Yes,Hot,0,No Waste,No,Low
INV000286,2025-01-13,Restaurant,Meat,81,72,9,1.0,1.6,72.0,No,Rainy,3,Expired,No,Medium
INV000287,2025-01-13,Restaurant,Meat,60,58,2,4.0,-1.5,58.0,No,Rainy,0,No Waste,No,Low
INV000288,2025-01-13,Restaurant,Prepared Food,88,88,0,3.0,22.3,88.0,Yes,Rainy,0,No Waste,No,Medium
INV000289,2025-01-13,Supermarket,Prepared Food,150,93,57,1.0,15.1,93.0,No,Rainy,24,Expired,No,High
INV000290,2025-01-13,Restaurant,Prepared Food,111,111,0,3.0,22.3,113.0,Yes,Sunny,0,No Waste,No,Low
INV000291,2025-01-13,Cloud Kitchen,Bakery,108,94,14,4.0,25.9,94.0,No,Sunny,3,Storage Issue,No,Medium
INV000292,2025-01-13,Cloud Kitchen,Prepared Food,141,141,0,1.0,17.2,155.0,Yes,Cloudy,0,No Waste,No,Low
INV000293,2025-01-13,Cafeteria,Dairy,69,69,0,8.0,2.5,76.0,No,Sunny,0,No Waste,No,Low
INV000294,2025-01-13,Supermarket,Fruits,112,112,0,5.0,6.7,170.0,No,Hot,0,No Waste,No,Low
INV000295,2025-01-13,Cloud Kitchen,Prepared Food,105,105,0,1.0,27.3,181.0,Yes,Hot,0,No Waste,No,Low
INV000296,2025-01-13,Supermarket,Bakery,255,236,19,4.0,22.0,236.0,Yes,Hot,3,Expired,No,Low
INV000297,2025-01-13,Supermarket,Fruits,151,151,0,1.0,15.1,,No,Sunny,0,No Waste,No,Low
INV000298,2025-01-14,Restaurant,Fruits,96,89,7,7.0,6.0,89.0,No,Hot,1,Low Demand,No,Low
INV000299,2025-01-14,Supermarket,Bakery,159,136,23,2.0,16.5,136.0,No,Hot,4,Expired,No,Medium
INV000300,2025-01-14,Cafeteria,Bakery,74,74,0,1.0,20.5,76.0,Yes,Sunny,0,No Waste,No,Low
INV000301,2025-01-14,Supermarket,Dairy,224,189,35,2.0,4.1,189.0,Yes,Cloudy,6,Expired,No,Medium
INV000302,2025-01-14,Restaurant,Dairy,101,76,25,5.0,7.7,76.0,No,Sunny,6,Storage Issue,No,Medium
INV000303,2025-01-14,Supermarket,Vegetables,146,138,8,1.0,5.8,138.0,No,Cloudy,2,Expired,No,Low
INV000304,2025-01-14,Restaurant,Prepared Food,71,50,21,2.0,17.8,50.0,No,Rainy,6,Low Demand,No,Medium
INV000305,2025-01-14,Restaurant,Fruits,117,70,47,8.0,9.6,70.0,No,Rainy,9,Overproduction,No,Medium
INV000306,2025-01-14,Cloud Kitchen,Vegetables,156,87,69,6.0,0.7,87.0,No,Sunny,14,Overproduction,Yes,Medium
INV000307,2025-01-14,Supermarket,Prepared Food,207,148,59,3.0,21.8,148.0,No,Cloudy,15,Expired,No,Medium
INV000308,2025-01-14,Restaurant,Bakery,104,94,10,4.0,20.2,94.0,No,Sunny,2,Low Demand,No,Low
INV000309,2025-01-14,Supermarket,Dairy,234,219,15,4.0,3.7,219.0,Yes,Sunny,2,Expired,No,Low
INV000310,2025-01-14,Supermarket,Fruits,118,95,23,4.0,7.3,95.0,No,Rainy,2,Low Demand,No,Low
INV000311,2025-01-14,Cafeteria,Bakery,62,62,0,1.0,18.4,90.0,Yes,Hot,0,No Waste,No,Low
INV000312,2025-01-14,Restaurant,Bakery,102,69,33,6.0,20.1,69.0,No,Sunny,7,Overproduction,No,Medium
INV000313,2025-01-14,Cloud Kitchen,Vegetables,121,121,0,5.0,11.8,138.0,Yes,Cloudy,0,No Waste,No,Low
INV000314,2025-01-14,Supermarket,Dairy,168,97,71,1.0,7.2,97.0,No,Cloudy,34,Expired,No,High
INV000315,2025-01-14,Supermarket,Meat,218,142,76,5.0,3.5,142.0,No,Sunny,19,Overproduction,Yes,Medium
INV000316,2025-01-14,Supermarket,Dairy,163,109,54,6.0,4.6,109.0,No,Rainy,10,Overproduction,No,Medium
INV000317,2025-01-15,Supermarket,Meat,124,124,0,6.0,-1.0,126.0,No,Rainy,0,No Waste,No,Low
INV000318,2025-01-15,Cloud Kitchen,Vegetables,119,64,55,8.0,11.5,64.0,No,Rainy,14,Overproduction,Yes,High
INV000319,2025-01-15,Supermarket,Bakery,177,149,28,4.0,21.6,149.0,No,Sunny,6,Expired,No,Medium
INV000320,2025-01-15,Cafeteria,Dairy,58,58,0,9.0,3.1,78.0,No,Sunny,0,No Waste,No,Low
INV000321,2025-01-15,Supermarket,Prepared Food,135,109,26,2.0,18.7,109.0,No,Rainy,6,Expired,No,Medium
INV000322,2025-01-15,Cafeteria,Fruits,81,81,0,5.0,7.8,87.0,Yes,Sunny,0,No Waste,No,Low
INV000323,2025-01-15,Cafeteria,Prepared Food,57,57,0,2.0,21.5,69.0,No,Cloudy,0,No Waste,No,Low
INV000324,2025-01-15,Cafeteria,Vegetables,59,59,0,5.0,12.1,64.0,No,,0,No Waste,No,Low
INV000325,2025-01-15,Restaurant,Dairy,91,80,11,2.0,5.2,80.0,No,Cloudy,3,Low Demand,No,Medium
INV000326,2025-01-15,Cloud Kitchen,Prepared Food,106,94,12,1.0,17.8,94.0,No,Sunny,4,Expired,No,Medium
INV000327,2025-01-15,Restaurant,Prepared Food,86,76,10,2.0,23.9,76.0,No,Rainy,3,Low Demand,No,Medium
INV000328,2025-01-15,Cafeteria,Bakery,62,38,24,4.0,18.5,38.0,No,Rainy,4,Low Demand,No,Medium
INV000329,2025-01-15,Cloud Kitchen,Bakery,102,94,8,4.0,26.4,94.0,No,Cloudy,1,Storage Issue,Yes,Low
INV000330,2025-01-15,Cafeteria,Prepared Food,65,59,6,3.0,24.7,59.0,No,Sunny,2,Low Demand,No,Medium
INV000331,2025-01-15,Supermarket,Bakery,175,175,0,5.0,23.2,229.0,No,Sunny,0,No Waste,No,Low
INV000332,2025-01-15,Restaurant,Vegetables,96,96,0,7.0,5.6,96.0,No,Hot,0,No Waste,No,Low
INV000333,2025-01-15,Restaurant,Meat,75,59,16,4.0,3.7,59.0,No,Rainy,4,Low Demand,No,Medium
INV000334,2025-01-15,Supermarket,Meat,186,131,55,1.0,1.8,131.0,No,Cloudy,19,Expired,No,High
INV000335,2025-01-15,Supermarket,Prepared Food,127,127,0,1.0,23.4,179.0,No,Hot,0,No Waste,No,Low
INV000336,2025-01-15,Cloud Kitchen,Dairy,116,116,0,8.0,5.9,133.0,Yes,Hot,0,No Waste,No,Low
INV000337,2025-01-15,Supermarket,Dairy,162,162,0,3.0,,165.0,No,Sunny,0,No Waste,,Low
INV000338,2025-01-15,Restaurant,Fruits,98,80,18,3.0,,80.0,No,Sunny,5,Expired,No,Medium
INV000339,2025-01-15,Supermarket,Bakery,200,142,58,2.0,22.8,142.0,Yes,Rainy,18,Expired,No,High
INV000340,2025-01-15,Cloud Kitchen,Meat,107,100,7,3.0,2.0,100.0,Yes,Rainy,1,Expired,No,Low
INV000341,2025-01-15,Supermarket,Meat,154,154,0,4.0,2.7,158.0,No,Cloudy,0,No Waste,No,Low
INV000342,2025-01-15,Cafeteria,Prepared Food,68,46,22,1.0,26.7,46.0,No,Rainy,9,Storage Issue,,High
INV000343,2025-01-16,Restaurant,Vegetables,83,83,0,5.0,6.8,106.0,Yes,Sunny,0,No Waste,No,Low
INV000344,2025-01-16,Supermarket,Meat,130,130,0,2.0,-0.8,199.0,No,Sunny,0,No Waste,No,Low
INV000345,2025-01-16,Supermarket,Bakery,178,134,44,3.0,17.8,134.0,No,Sunny,9,Expired,No,Medium
INV000346,2025-01-16,Cloud Kitchen,Meat,104,104,0,2.0,3.5,115.0,No,Sunny,0,No Waste,No,Low
INV000347,2025-01-16,Supermarket,Vegetables,208,111,97,9.0,5.2,111.0,No,Rainy,17,Overproduction,Yes,Medium
INV000348,2025-01-16,Restaurant,Dairy,88,88,0,2.0,0.1,93.0,No,Sunny,0,No Waste,No,Low
INV000349,2025-01-16,Restaurant,Meat,94,48,46,5.0,1.1,48.0,Yes,Rainy,11,Overproduction,Yes,High
INV000350,2025-01-16,Restaurant,Fruits,107,65,42,2.0,11.7,65.0,No,Cloudy,15,Overproduction,Yes,High
INV000351,2025-01-16,Supermarket,Dairy,185,185,0,1.0,4.2,187.0,Yes,Hot,0,No Waste,,Low
INV000352,2025-01-16,Cafeteria,Bakery,72,53,19,4.0,16.8,53.0,No,Sunny,4,Low Demand,No,Medium
INV000353,2025-01-16,Restaurant,Meat,88,88,0,6.0,4.6,121.0,No,Sunny,0,No Waste,No,Low
INV000354,2025-01-16,Cafeteria,Fruits,84,70,14,5.0,,70.0,Yes,Cloudy,2,Low Demand,No,Medium
INV000355,2025-01-16,Cafeteria,Fruits,62,62,0,7.0,8.9,77.0,No,Cloudy,0,No Waste,No,Low
INV000356,2025-01-16,Cloud Kitchen,Fruits,133,133,0,4.0,11.1,135.0,No,Sunny,0,No Waste,No,Low
INV000357,2025-01-16,Cafeteria,Dairy,80,80,0,8.0,3.6,90.0,Yes,Sunny,0,No Waste,No,Low
INV000358,2025-01-16,Cloud Kitchen,Fruits,134,134,0,6.0,13.4,167.0,Yes,Cloudy,0,No Waste,No,Low
INV000359,2025-01-16,Supermarket,Meat,128,128,0,6.0,-0.1,149.0,No,Cloudy,0,No Waste,No,Low
INV000360,2025-01-16,Restaurant,Bakery,74,74,0,5.0,26.6,104.0,No,Cloudy,0,No Waste,No,Low
INV000361,2025-01-16,Cloud Kitchen,Vegetables,92,92,0,7.0,1.9,110.0,No,Sunny,0,No Waste,No,Low
INV000362,2025-01-16,Cafeteria,Vegetables,54,54,0,4.0,6.7,70.0,No,Hot,0,No Waste,No,Low
INV000363,2025-01-16,Cloud Kitchen,Prepared Food,153,107,46,1.0,17.5,107.0,No,Sunny,19,Expired,No,High
INV000364,2025-01-16,Cafeteria,Fruits,89,54,35,5.0,,54.0,Yes,Rainy,7,Low Demand,No,Medium
INV000365,2025-01-16,Cafeteria,Bakery,51,51,0,4.0,18.2,68.0,No,,0,No Waste,No,Low
INV000366,2025-01-16,Cloud Kitchen,Meat,130,104,26,1.0,0.4,104.0,No,Sunny,8,Expired,No,Medium
INV000367,2025-01-17,Cafeteria,Fruits,68,68,0,5.0,2.0,89.0,No,Sunny,0,No Waste,No,Low
INV000368,2025-01-17,Cloud Kitchen,Meat,101,101,0,4.0,3.4,106.0,No,Sunny,0,No Waste,No,Low
INV000369,2025-01-17,Cloud Kitchen,Dairy,117,104,13,5.0,2.9,104.0,No,Cloudy,2,Low Demand,No,Low
INV000370,2025-01-17,Cloud Kitchen,Dairy,100,100,0,9.0,5.7,115.0,No,Sunny,0,No Waste,No,Low
INV000371,2025-01-17,Cafeteria,Prepared Food,71,46,25,1.0,28.0,46.0,No,Rainy,12,Expired,No,High
INV000372,2025-01-17,Restaurant,Meat,135,84,51,1.0,0.1,84.0,No,Sunny,22,Expired,No,High
INV000373,2025-01-17,Cafeteria,Meat,70,45,25,3.0,5.5,45.0,No,Cloudy,6,Low Demand,No,Medium
INV000374,2025-01-17,Supermarket,Bakery,168,120,48,2.0,21.5,120.0,No,Cloudy,11,Expired,No,Medium
INV000375,2025-01-17,Restaurant,Prepared Food,102,88,14,1.0,17.5,88.0,No,Cloudy,5,Expired,No,Medium
INV000376,2025-01-17,Cloud Kitchen,Meat,122,122,0,4.0,3.9,153.0,Yes,Sunny,0,No Waste,No,Low
INV000377,2025-01-17,Restaurant,Vegetables,95,79,16,3.0,3.4,79.0,No,Cloudy,3,Low Demand,No,Medium
INV000378,2025-01-17,Restaurant,Prepared Food,97,94,3,2.0,18.4,94.0,No,Sunny,1,Expired,No,Low
INV000379,2025-01-17,Restaurant,Prepared Food,97,91,6,3.0,22.2,91.0,No,Hot,1,Low Demand,No,Low
INV000380,2025-01-17,Supermarket,Meat,207,134,73,5.0,-1.4,134.0,No,Sunny,16,Overproduction,Yes,Medium
INV000381,2025-01-17,Cafeteria,Meat,76,54,22,3.0,1.3,54.0,No,Cloudy,6,Low Demand,No,Medium
INV000382,2025-01-17,Supermarket,Dairy,114,114,0,7.0,0.7,136.0,No,Cloudy,0,No Waste,No,Low
INV000383,2025-01-17,Supermarket,Bakery,178,98,80,1.0,25.9,98.0,No,Rainy,38,Overproduction,Yes,High
INV000384,2025-01-17,Supermarket,Fruits,159,159,0,7.0,3.7,232.0,Yes,Hot,0,No Waste,No,Low
INV000385,2025-01-17,Supermarket,Dairy,163,134,29,6.0,2.5,134.0,No,Hot,3,Overproduction,Yes,Low
INV000386,2025-01-17,Cloud Kitchen,Prepared Food,99,99,0,1.0,23.7,109.0,No,Sunny,0,No Waste,No,Low
INV000387,2025-01-17,Supermarket,Prepared Food,143,143,0,3.0,9.6,161.0,No,Hot,0,No Waste,No,Low
INV000388,2025-01-17,Cafeteria,Prepared Food,66,66,0,2.0,27.0,78.0,No,Hot,0,No Waste,No,Medium
INV000389,2025-01-18,Supermarket,Bakery,127,127,0,2.0,17.2,164.0,No,Sunny,0,No Waste,No,Low
INV000390,2025-01-18,Cloud Kitchen,Fruits,146,146,0,5.0,6.9,168.0,Yes,Hot,0,No Waste,No,Low
INV000391,2025-01-18,Cafeteria,Dairy,66,51,15,5.0,2.1,51.0,No,Cloudy,3,Low Demand,No,Medium
INV000392,2025-01-18,Supermarket,Fruits,115,115,0,6.0,7.4,160.0,No,Hot,0,No Waste,No,Low
INV000393,2025-01-18,Cafeteria,Fruits,54,54,0,5.0,2.2,78.0,No,Cloudy,0,No Waste,No,Low
INV000394,2025-01-18,Cafeteria,Prepared Food,67,56,11,2.0,19.5,56.0,No,Rainy,2,Low Demand,No,Medium
INV000395,2025-01-18,Supermarket,Meat,218,218,0,7.0,0.6,219.0,Yes,Sunny,0,No Waste,No,Low
INV000396,2025-01-18,Supermarket,Fruits,210,185,25,9.0,5.4,185.0,Yes,Hot,2,Low Demand,No,Low
INV000397,2025-01-18,Supermarket,Fruits,189,173,16,4.0,5.3,173.0,No,Hot,4,Expired,No,Medium
INV000398,2025-01-18,Supermarket,Fruits,221,136,85,8.0,9.5,136.0,No,Cloudy,18,Overproduction,No,Medium
INV000399,2025-01-18,Supermarket,Bakery,167,167,0,2.0,25.6,184.0,Yes,Sunny,0,No Waste,No,Low
INV000400,2025-01-18,Restaurant,Dairy,101,87,14,14.0,3.2,87.0,No,,0,No Waste,No,Low
INV000401,2025-01-18,Cloud Kitchen,Vegetables,120,78,42,7.0,2.6,78.0,No,Hot,7,Overproduction,No,Low
INV000402,2025-01-18,Supermarket,Bakery,664,117,547,3.0,28.6,117.0,No,Cloudy,290,Overproduction,Yes,High
INV000403,2025-01-18,Restaurant,Meat,77,70,7,3.0,2.9,70.0,No,Sunny,1,Low Demand,No,Low
INV000404,2025-01-18,Cloud Kitchen,Fruits,126,103,23,3.0,12.5,103.0,Yes,Hot,8,Storage Issue,No,Medium
INV000405,2025-01-18,Cafeteria,Dairy,56,56,0,5.0,3.2,59.0,No,Cloudy,0,No Waste,No,Low
INV000406,2025-01-18,Supermarket,Dairy,134,134,0,8.0,3.6,135.0,No,Hot,0,No Waste,No,Low
INV000407,2025-01-18,Supermarket,Vegetables,163,151,12,,4.1,151.0,No,,1,Expired,No,Low
INV000408,2025-01-18,Supermarket,Bakery,167,167,0,5.0,22.5,173.0,No,Sunny,0,No Waste,No,Low
INV000409,2025-01-18,Supermarket,Meat,141,141,0,1.0,0.5,144.0,No,Sunny,0,No Waste,No,Low
INV000410,2025-01-18,Restaurant,Vegetables,85,73,12,6.0,3.3,73.0,Yes,Rainy,2,Low Demand,No,Medium
INV000411,2025-01-18,Cloud Kitchen,Prepared Food,103,91,12,3.0,25.0,91.0,No,Hot,3,Storage Issue,Yes,Medium
INV000412,2025-01-18,Cafeteria,Dairy,51,51,0,9.0,2.2,59.0,No,Sunny,0,No Waste,No,Low
INV000413,2025-01-18,Supermarket,Vegetables,180,177,3,8.0,7.7,177.0,No,,0,No Waste,No,Low
INV000414,2025-01-18,Supermarket,Meat,191,112,79,1.0,2.3,112.0,No,Rainy,31,Expired,No,High
INV000415,2025-01-18,Restaurant,Dairy,73,73,0,8.0,1.9,78.0,No,Hot,0,No Waste,No,Low
INV000416,2025-01-18,Cloud Kitchen,Dairy,80,62,18,7.0,0.6,62.0,No,Rainy,3,Low Demand,No,Medium
INV000417,2025-01-18,Supermarket,Dairy,169,169,0,9.0,5.5,208.0,Yes,,0,No Waste,No,Low
INV000418,2025-01-19,Cloud Kitchen,Vegetables,151,105,46,7.0,8.3,105.0,No,Sunny,11,Overproduction,No,Medium
INV000419,2025-01-19,Restaurant,Fruits,116,61,55,5.0,10.1,61.0,No,Rainy,17,Overproduction,Yes,High
INV000420,2025-01-19,Cafeteria,Fruits,75,57,18,5.0,8.3,57.0,No,Sunny,3,Low Demand,No,Medium
INV000421,2025-01-19,Cloud Kitchen,Meat,89,63,26,5.0,4.2,63.0,No,Rainy,6,Overproduction,No,Medium
INV000422,2025-01-19,Cloud Kitchen,Bakery,82,82,0,4.0,21.2,92.0,No,Sunny,0,No Waste,No,Low
INV000423,2025-01-19,Supermarket,Vegetables,155,155,0,5.0,6.6,161.0,No,Cloudy,0,No Waste,No,Low
INV000424,2025-01-19,Cafeteria,Fruits,100,58,42,6.0,9.4,58.0,No,Cloudy,8,Overproduction,No,Medium
INV000425,2025-01-19,Restaurant,Fruits,71,71,0,10.0,9.8,84.0,No,Sunny,0,No Waste,No,Low
INV000426,2025-01-19,Restaurant,Vegetables,84,63,21,3.0,,63.0,No,Cloudy,6,Storage Issue,No,Medium
INV000427,2025-01-19,Cloud Kitchen,Bakery,131,108,23,2.0,22.5,108.0,No,Cloudy,6,Expired,No,Medium
INV000428,2025-01-19,Cafeteria,Fruits,76,76,0,6.0,7.4,91.0,Yes,Hot,0,No Waste,No,Low
INV000429,2025-01-19,Cloud Kitchen,Dairy,74,74,0,8.0,2.6,107.0,No,Hot,0,No Waste,No,Low
INV000430,2025-01-19,Restaurant,Bakery,98,81,17,2.0,23.4,81.0,No,Rainy,4,Expired,No,Medium
INV000431,2025-01-19,Supermarket,Bakery,123,123,0,1.0,21.1,141.0,No,Sunny,0,No Waste,No,Low
INV000432,2025-01-19,Supermarket,Fruits,144,144,0,8.0,9.7,170.0,No,Hot,0,No Waste,No,Low
INV000433,2025-01-19,Supermarket,Dairy,209,133,76,8.0,1.9,133.0,No,Rainy,14,Overproduction,No,Medium
INV000434,2025-01-19,Cloud Kitchen,Bakery,84,84,0,3.0,23.3,125.0,No,Sunny,0,No Waste,No,Low
INV000435,2025-01-19,Restaurant,Vegetables,68,68,0,6.0,2.9,96.0,No,Sunny,0,No Waste,No,Low
INV000436,2025-01-19,Restaurant,Vegetables,102,102,0,9.0,4.5,110.0,No,Hot,0,No Waste,No,Low
INV000437,2025-01-20,Supermarket,Bakery,108,108,0,2.0,23.2,209.0,No,Sunny,0,No Waste,No,Low
INV000438,2025-01-20,Restaurant,Fruits,111,111,0,6.0,16.6,132.0,Yes,Cloudy,0,No Waste,No,Low
INV000439,2025-01-20,Restaurant,Prepared Food,112,85,27,,16.0,85.0,Yes,Sunny,10,Expired,No,High
INV000440,2025-01-20,Cloud Kitchen,Dairy,103,103,0,8.0,4.0,149.0,No,Sunny,0,No Waste,No,Low
INV000441,2025-01-20,Cloud Kitchen,Prepared Food,123,123,0,1.0,15.4,149.0,Yes,Cloudy,0,No Waste,No,Low
INV000442,2025-01-20,Cloud Kitchen,Fruits,117,81,36,2.0,7.5,81.0,No,Cloudy,11,Overproduction,No,Low
INV000443,2025-01-20,Supermarket,Vegetables,177,134,43,4.0,9.9,134.0,No,Sunny,11,Storage Issue,Yes,Medium
INV000444,2025-01-20,Restaurant,Fruits,91,74,17,5.0,9.2,74.0,No,Cloudy,3,Low Demand,No,Medium
INV000445,2025-01-20,Cafeteria,Prepared Food,42,42,0,1.0,17.6,64.0,No,Cloudy,0,No Waste,No,Low
INV000446,2025-01-20,Restaurant,Meat,104,97,7,5.0,2.2,97.0,Yes,Sunny,0,No Waste,No,Low
INV000447,2025-01-20,Cafeteria,Vegetables,57,57,0,4.0,6.7,96.0,Yes,Hot,0,No Waste,No,Low
INV000448,2025-01-20,Supermarket,Fruits,181,181,0,4.0,9.0,188.0,Yes,Rainy,0,No Waste,No,Low
INV000449,2025-01-20,Cloud Kitchen,Prepared Food,100,100,0,,27.7,117.0,No,Sunny,0,No Waste,No,Low
INV000450,2025-01-20,Supermarket,Meat,200,131,69,4.0,1.1,131.0,No,Sunny,14,Overproduction,Yes,Medium
INV000451,2025-01-20,Supermarket,Fruits,139,139,0,6.0,6.0,,No,Hot,0,No Waste,,Low
INV000452,2025-01-21,Supermarket,Bakery,151,92,59,3.0,21.1,92.0,No,Rainy,15,Overproduction,Yes,High
INV000453,2025-01-21,Supermarket,Vegetables,151,151,0,7.0,4.4,155.0,No,Sunny,0,No Waste,No,High
INV000454,2025-01-21,Supermarket,Vegetables,135,135,0,4.0,9.6,181.0,No,Sunny,0,No Waste,No,Low
INV000455,2025-01-21,Supermarket,Meat,166,102,64,2.0,0.4,102.0,No,Rainy,21,Overproduction,Yes,High
INV000456,2025-01-21,Restaurant,Prepared Food,74,74,0,2.0,13.0,79.0,No,Hot,0,No Waste,No,Low
INV000457,2025-01-21,Cloud Kitchen,Bakery,106,106,0,3.0,24.9,118.0,No,Sunny,0,No Waste,No,Low
INV000458,2025-01-21,Supermarket,Prepared Food,123,123,0,2.0,20.3,155.0,No,Cloudy,0,No Waste,No,Low
INV000459,2025-01-21,Cafeteria,Bakery,48,48,0,1.0,22.7,69.0,No,Cloudy,0,No Waste,No,Low
INV000460,2025-01-21,Restaurant,Bakery,90,90,0,4.0,27.7,117.0,No,Hot,0,No Waste,No,Low
INV000461,2025-01-21,Cloud Kitchen,Meat,126,103,23,5.0,3.6,103.0,No,Sunny,4,Expired,No,Medium
INV000462,2025-01-21,Restaurant,Prepared Food,106,79,27,2.0,6.8,79.0,No,Hot,7,Expired,No,Medium
INV000463,2025-01-21,Supermarket,Dairy,128,128,0,6.0,5.9,228.0,Yes,Hot,0,No Waste,No,Low
INV000464,2025-01-21,Restaurant,Fruits,81,53,28,3.0,6.6,,No,Rainy,8,Low Demand,No,High
INV000465,2025-01-21,Cloud Kitchen,Meat,118,66,52,5.0,0.0,66.0,No,Rainy,13,Overproduction,Yes,High
INV000466,2025-01-22,Cloud Kitchen,Prepared Food,117,117,0,2.0,18.2,139.0,Yes,Cloudy,0,No Waste,No,Low
INV000467,2025-01-22,Cloud Kitchen,Prepared Food,156,88,68,1.0,20.0,88.0,Yes,Rainy,27,Expired,No,High
INV000468,2025-01-22,Supermarket,Fruits,263,237,26,4.0,8.0,237.0,Yes,Hot,5,Overproduction,No,Low
INV000469,2025-01-22,Supermarket,Fruits,163,163,0,6.0,7.2,173.0,Yes,Cloudy,0,No Waste,,Low
INV000470,2025-01-22,Cafeteria,Fruits,81,71,10,6.0,4.5,71.0,Yes,Cloudy,1,Low Demand,No,High
INV000471,2025-01-22,Cafeteria,Dairy,75,58,17,6.0,5.7,58.0,Yes,Rainy,3,Low Demand,No,Medium
INV000472,2025-01-22,Supermarket,Fruits,234,178,56,8.0,13.4,178.0,No,Sunny,13,Storage Issue,Yes,Medium
INV000473,2025-01-22,Cloud Kitchen,Fruits,150,104,46,5.0,3.7,104.0,Yes,Cloudy,9,Overproduction,Yes,Medium
INV000474,2025-01-22,Supermarket,Vegetables,211,207,4,4.0,7.9,207.0,No,,1,Expired,No,Low
INV000475,2025-01-22,Supermarket,Fruits,208,174,34,3.0,15.0,174.0,No,Hot,10,Storage Issue,Yes,Medium
INV000476,2025-01-22,Cafeteria,Fruits,64,64,0,5.0,4.3,87.0,No,Sunny,0,No Waste,No,Low
INV000477,2025-01-22,Restaurant,Prepared Food,69,69,0,1.0,20.8,90.0,No,Sunny,0,No Waste,No,Low
INV000478,2025-01-22,Supermarket,Meat,203,164,39,2.0,3.2,164.0,No,Sunny,9,Expired,No,Medium
INV000479,2025-01-22,Supermarket,Vegetables,169,157,12,3.0,9.9,157.0,No,Sunny,2,Storage Issue,No,Low
INV000480,2025-01-22,Restaurant,Meat,108,108,0,2.0,6.1,123.0,Yes,Sunny,0,No Waste,,Low
INV000481,2025-01-23,Supermarket,Prepared Food,202,111,91,1.0,22.0,111.0,Yes,Rainy,40,Expired,No,High
INV000482,2025-01-23,Supermarket,Prepared Food,229,147,82,1.0,16.6,147.0,Yes,Cloudy,32,Expired,No,High
INV000483,2025-01-23,Restaurant,Meat,123,84,39,5.0,1.0,84.0,No,Sunny,6,Overproduction,No,Medium
INV000484,2025-01-23,Cafeteria,Prepared Food,85,66,19,1.0,16.8,66.0,No,Hot,8,Expired,No,High
INV000485,2025-01-23,Restaurant,Meat,59,59,0,7.0,1.2,67.0,No,Cloudy,0,No Waste,No,Low
INV000486,2025-01-23,Supermarket,Bakery,234,208,26,3.0,25.9,208.0,Yes,Cloudy,7,Expired,No,Medium
INV000487,2025-01-23,Restaurant,Vegetables,78,78,0,5.0,3.3,107.0,No,Sunny,0,No Waste,No,Low
INV000488,2025-01-23,Restaurant,Prepared Food,68,68,0,2.0,24.9,76.0,No,Cloudy,0,No Waste,No,Low
INV000489,2025-01-23,Cafeteria,Meat,74,70,4,2.0,-0.7,70.0,No,Hot,1,Low Demand,No,Low
INV000490,2025-01-23,Restaurant,Prepared Food,132,66,66,3.0,24.7,66.0,No,Sunny,22,Overproduction,Yes,High
INV000491,2025-01-23,Cafeteria,Fruits,47,47,0,4.0,7.9,57.0,No,Cloudy,0,No Waste,No,Low
INV000492,2025-01-23,Cafeteria,Prepared Food,84,56,28,1.0,14.8,56.0,No,Cloudy,9,Expired,No,High
INV000493,2025-01-23,Cafeteria,Bakery,66,63,3,5.0,19.1,63.0,No,Cloudy,0,No Waste,No,Low
INV000494,2025-01-23,Cloud Kitchen,Bakery,111,109,2,3.0,24.0,109.0,No,Sunny,0,No Waste,No,Low
INV000495,2025-01-23,Cafeteria,Vegetables,61,51,10,7.0,6.7,51.0,No,Hot,1,Low Demand,No,Low
INV000496,2025-01-23,Supermarket,Fruits,159,159,0,2.0,7.0,166.0,No,Sunny,0,No Waste,No,Low
INV000497,2025-01-23,Supermarket,Meat,218,140,78,5.0,2.7,140.0,No,Sunny,11,Overproduction,Yes,Medium
INV000498,2025-01-23,Supermarket,Fruits,199,84,115,5.0,10.4,84.0,No,Rainy,33,Overproduction,Yes,High
INV000499,2025-01-23,Restaurant,Fruits,107,66,41,8.0,12.1,66.0,No,Cloudy,11,Overproduction,Yes,High
INV000500,2025-01-23,Restaurant,Meat,84,49,35,6.0,0.2,49.0,No,Rainy,8,Overproduction,No,High
INV000501,2025-01-23,Cafeteria,Vegetables,73,73,0,5.0,5.5,,Yes,Sunny,0,No Waste,No,Low
INV000502,2025-01-23,Restaurant,Dairy,61,61,0,5.0,3.2,137.0,Yes,Sunny,0,No Waste,No,Low
INV000503,2025-01-23,Restaurant,Dairy,78,60,18,11.0,4.3,60.0,No,Rainy,3,Low Demand,No,Medium
INV000504,2025-01-24,Supermarket,Meat,151,151,0,2.0,,176.0,No,,0,No Waste,No,Low
INV000505,2025-01-24,Supermarket,Bakery,166,166,0,2.0,21.5,183.0,No,Hot,0,No Waste,No,Low
INV000506,2025-01-24,Cafeteria,Fruits,64,55,9,4.0,8.1,55.0,No,Sunny,2,Low Demand,No,Medium
INV000507,2025-01-24,Restaurant,Vegetables,139,102,37,4.0,1.9,,Yes,Sunny,5,Expired,,Medium
INV000508,2025-01-24,Cafeteria,Meat,49,49,0,6.0,2.1,49.0,No,Cloudy,0,No Waste,No,Low
INV000509,2025-01-24,Cafeteria,Prepared Food,80,74,6,1.0,18.6,74.0,No,Sunny,2,Expired,No,Medium
INV000510,2025-01-24,Supermarket,Vegetables,157,157,0,6.0,-0.2,202.0,No,Hot,0,No Waste,No,Low
INV000511,2025-01-24,Cloud Kitchen,Fruits,108,108,0,1.0,10.8,,No,Sunny,0,No Waste,No,Low
INV000512,2025-01-24,Cafeteria,Meat,85,74,11,6.0,2.7,74.0,No,Sunny,1,Low Demand,No,Low
INV000513,2025-01-24,Cafeteria,Fruits,50,50,0,4.0,5.6,75.0,No,Cloudy,0,No Waste,No,Low
INV000514,2025-01-24,Restaurant,Meat,112,85,27,2.0,0.4,85.0,Yes,Rainy,8,Expired,No,Medium
INV000515,2025-01-24,Supermarket,Meat,156,156,0,7.0,2.2,191.0,No,Hot,0,No Waste,No,Low
INV000516,2025-01-24,Cafeteria,Prepared Food,62,62,0,1.0,19.8,87.0,No,Sunny,0,No Waste,No,Low
INV000517,2025-01-24,Supermarket,Dairy,134,134,0,7.0,3.5,147.0,No,Cloudy,0,No Waste,No,Low
INV000518,2025-01-24,Restaurant,Fruits,81,58,23,6.0,6.9,58.0,No,Rainy,5,Low Demand,No,Medium
INV000519,2025-01-24,Supermarket,Meat,131,131,0,4.0,1.5,145.0,No,Sunny,0,No Waste,No,Low
INV000520,2025-01-24,Supermarket,Vegetables,174,132,42,8.0,5.0,132.0,No,Rainy,5,Overproduction,No,Medium
INV000521,2025-01-25,Supermarket,Fruits,115,115,0,4.0,3.9,120.0,No,Cloudy,0,No Waste,No,Low
INV000522,2025-01-25,Supermarket,Vegetables,104,104,0,5.0,4.6,179.0,No,Hot,0,No Waste,No,Low
INV000523,2025-01-25,Restaurant,Vegetables,97,97,0,2.0,2.3,158.0,Yes,Sunny,0,No Waste,No,Low
INV000524,2025-01-25,Supermarket,Prepared Food,186,161,25,1.0,19.8,161.0,No,Hot,7,Expired,No,Medium
INV000525,2025-01-25,Restaurant,Vegetables,71,71,0,4.0,5.1,75.0,No,Sunny,0,No Waste,No,Low
INV000526,2025-01-25,Restaurant,Prepared Food,99,72,27,2.0,25.9,72.0,No,Sunny,9,Storage Issue,No,High
INV000527,2025-01-25,Supermarket,Fruits,130,130,0,5.0,10.5,162.0,No,Sunny,0,No Waste,No,Low
INV000528,2025-01-25,Supermarket,Fruits,171,171,0,5.0,5.6,186.0,Yes,Sunny,0,No Waste,No,Low
INV000529,2025-01-25,Supermarket,Dairy,174,131,43,10.0,2.3,131.0,Yes,Rainy,6,Low Demand,No,Medium
INV000530,2025-01-25,Supermarket,Bakery,226,215,11,3.0,27.8,215.0,No,Hot,3,Storage Issue,No,Low
INV000531,2025-01-25,Supermarket,Meat,168,168,0,3.0,-0.2,190.0,No,Sunny,0,No Waste,No,Low
INV000532,2025-01-25,Cafeteria,Prepared Food,71,62,9,3.0,16.8,62.0,No,,1,Low Demand,No,Low
INV000533,2025-01-25,Supermarket,Vegetables,143,143,0,6.0,10.0,154.0,No,Cloudy,0,No Waste,No,Low
INV000534,2025-01-25,Supermarket,Prepared Food,144,144,0,1.0,23.2,150.0,No,Hot,0,No Waste,,Low
INV000535,2025-01-25,Restaurant,Dairy,88,88,0,6.0,2.4,100.0,Yes,Sunny,0,No Waste,No,Low
INV000536,2025-01-25,Cafeteria,Dairy,59,54,5,6.0,3.5,54.0,No,Sunny,0,No Waste,No,Low
INV000537,2025-01-25,Restaurant,Vegetables,91,83,8,5.0,5.2,83.0,Yes,Rainy,1,Low Demand,No,Low
INV000538,2025-01-25,Supermarket,Vegetables,122,122,0,6.0,6.8,180.0,No,Sunny,0,No Waste,No,Low
INV000539,2025-01-25,Supermarket,Fruits,170,132,38,1.0,,132.0,No,Sunny,11,Expired,No,Medium
INV000540,2025-01-25,Supermarket,Prepared Food,170,158,12,1.0,22.3,158.0,No,Sunny,4,Expired,No,High
INV000541,2025-01-25,Restaurant,Prepared Food,100,92,8,2.0,20.2,92.0,No,Hot,1,Expired,No,Low
INV000542,2025-01-25,Supermarket,Bakery,223,144,79,4.0,25.6,144.0,No,Hot,19,Storage Issue,Yes,Medium
INV000543,2025-01-25,Supermarket,Fruits,155,155,0,4.0,11.6,164.0,No,Sunny,0,No Waste,No,Low
INV000544,2025-01-25,Supermarket,Prepared Food,178,176,2,3.0,16.9,176.0,No,Sunny,0,No Waste,No,Low
INV000545,2025-01-25,Restaurant,Prepared Food,99,96,3,1.0,15.9,96.0,Yes,Sunny,1,Expired,No,Low
INV000546,2025-01-25,Supermarket,Meat,190,190,0,3.0,3.4,196.0,Yes,Hot,0,No Waste,No,Low
INV000547,2025-01-26,Restaurant,Dairy,98,98,0,10.0,6.3,135.0,Yes,Hot,0,No Waste,No,Low
INV000548,2025-01-26,Supermarket,Meat,169,169,0,3.0,5.3,175.0,No,Hot,0,No Waste,No,Low
INV000549,2025-01-26,Supermarket,Prepared Food,176,134,42,2.0,20.2,134.0,No,Hot,7,Expired,No,Medium
INV000550,2025-01-26,Supermarket,Meat,176,170,6,4.0,2.9,170.0,No,Sunny,1,Expired,No,Low
INV000551,2025-01-26,Cafeteria,Prepared Food,66,54,12,3.0,28.5,54.0,No,Cloudy,3,Storage Issue,No,Medium
INV000552,2025-01-26,Supermarket,Bakery,186,162,24,3.0,14.8,162.0,Yes,Rainy,5,Expired,No,Medium
INV000553,2025-01-26,Cafeteria,Fruits,42,42,0,7.0,,91.0,No,Hot,0,No Waste,No,Low
INV000554,2025-01-26,Cloud Kitchen,Dairy,102,77,25,6.0,4.6,77.0,No,Rainy,4,Overproduction,No,Medium
INV000555,2025-01-26,Restaurant,Vegetables,109,85,24,5.0,10.1,85.0,No,Cloudy,6,Storage Issue,No,Medium
INV000556,2025-01-26,Supermarket,Meat,200,151,49,2.0,-1.1,151.0,No,Sunny,13,Expired,No,Medium
INV000557,2025-01-26,Supermarket,Fruits,145,143,2,,4.0,143.0,No,Sunny,0,No Waste,No,Low
INV000558,2025-01-26,Restaurant,Prepared Food,67,67,0,2.0,24.7,75.0,No,Cloudy,0,No Waste,No,Low
INV000559,2025-01-26,Supermarket,Meat,126,126,0,5.0,2.5,150.0,No,Sunny,0,No Waste,No,Low
INV000560,2025-01-26,Cloud Kitchen,Prepared Food,106,79,27,1.0,25.0,79.0,No,Rainy,10,Expired,No,High
INV000561,2025-01-26,Supermarket,Prepared Food,155,132,23,1.0,21.0,132.0,No,Sunny,8,Expired,No,Medium
INV000562,2025-01-26,Cafeteria,Meat,66,66,0,1.0,0.4,92.0,Yes,Hot,0,No Waste,No,Low
INV000563,2025-01-26,Supermarket,Meat,175,175,0,1.0,1.3,210.0,Yes,Hot,0,No Waste,No,Low
INV000564,2025-01-26,Cloud Kitchen,Prepared Food,99,93,6,1.0,17.7,93.0,No,Sunny,2,Expired,No,Low
INV000565,2025-01-26,Restaurant,Prepared Food,88,54,34,1.0,12.9,54.0,No,Rainy,12,Overproduction,Yes,High
INV000566,2025-01-26,Cloud Kitchen,Fruits,115,99,16,7.0,10.3,99.0,No,Cloudy,3,Low Demand,Yes,Medium
INV000567,2025-01-26,Cloud Kitchen,Fruits,99,99,0,4.0,6.8,174.0,No,Hot,0,No Waste,No,Low
INV000568,2025-01-26,Restaurant,Prepared Food,132,65,67,1.0,20.3,65.0,No,Sunny,30,Overproduction,Yes,High
INV000569,2025-01-26,Restaurant,Fruits,90,90,0,4.0,3.7,143.0,Yes,Sunny,0,No Waste,No,Low
INV000570,2025-01-26,Supermarket,Meat,173,173,0,6.0,0.8,215.0,Yes,Sunny,0,No Waste,No,Low
INV000571,2025-01-27,Supermarket,Meat,222,155,67,3.0,-0.1,155.0,No,Sunny,19,Expired,No,Medium
INV000572,2025-01-27,Supermarket,Prepared Food,171,158,13,2.0,33.2,158.0,No,Sunny,5,Storage Issue,No,Medium
INV000573,2025-01-27,Supermarket,Prepared Food,147,147,0,1.0,16.7,152.0,No,Sunny,0,No Waste,,Low
INV000574,2025-01-27,Supermarket,Bakery,126,126,0,5.0,,126.0,No,Rainy,0,No Waste,No,Low
INV000575,2025-01-27,Cafeteria,Bakery,58,58,0,2.0,17.6,63.0,No,Sunny,0,No Waste,No,Low
INV000576,2025-01-27,Cloud Kitchen,Vegetables,91,91,0,6.0,8.3,126.0,No,Hot,0,No Waste,No,Low
INV000577,2025-01-27,Cafeteria,Bakery,192,63,129,1.0,16.5,63.0,No,Hot,54,Overproduction,Yes,High
INV000578,2025-01-27,Cloud Kitchen,Prepared Food,126,93,33,2.0,23.2,93.0,No,Hot,13,Expired,No,High
INV000579,2025-01-27,Restaurant,Bakery,108,93,15,,26.7,93.0,No,Sunny,5,Storage Issue,No,Medium
INV000580,2025-01-27,Cafeteria,Meat,66,66,0,3.0,0.8,77.0,No,Cloudy,0,No Waste,No,Low
INV000581,2025-01-27,Cloud Kitchen,Fruits,203,161,42,7.0,14.9,161.0,Yes,Sunny,10,Storage Issue,Yes,Medium
INV000582,2025-01-27,Restaurant,Dairy,98,56,42,9.0,4.2,56.0,No,Rainy,8,Overproduction,Yes,Medium
INV000583,2025-01-27,Restaurant,Fruits,91,89,2,3.0,10.3,,No,Sunny,0,No Waste,No,Low
INV000584,2025-01-27,Restaurant,Vegetables,84,74,10,3.0,4.2,,No,Cloudy,2,Low Demand,No,Medium
INV000585,2025-01-27,Cloud Kitchen,Vegetables,80,80,0,7.0,5.3,117.0,No,Sunny,0,No Waste,No,Low
INV000586,2025-01-27,Restaurant,Prepared Food,104,101,3,1.0,19.6,101.0,Yes,Sunny,1,Expired,No,Low
INV000587,2025-01-27,Cafeteria,Prepared Food,74,56,18,1.0,20.3,56.0,No,Sunny,6,Expired,No,Medium
INV000588,2025-01-27,Restaurant,Bakery,91,91,0,4.0,21.2,99.0,No,Sunny,0,No Waste,No,Low
INV000589,2025-01-27,Cafeteria,Fruits,57,57,0,4.0,7.8,70.0,No,Sunny,0,No Waste,No,Low
INV000590,2025-01-27,Supermarket,Vegetables,172,95,77,6.0,11.7,95.0,No,Rainy,20,Overproduction,Yes,High
INV000591,2025-01-27,Cloud Kitchen,Bakery,157,94,63,5.0,,94.0,No,Cloudy,12,Overproduction,,Medium
INV000592,2025-01-27,Restaurant,Dairy,78,65,13,1.0,4.4,65.0,No,Rainy,4,Expired,No,Medium
INV000593,2025-01-27,Supermarket,Prepared Food,178,151,27,2.0,24.3,151.0,No,Sunny,7,Storage Issue,Yes,Medium
INV000594,2025-01-27,Restaurant,Fruits,73,73,0,5.0,11.1,80.0,No,Cloudy,0,No Waste,No,Low
INV000595,2025-01-27,Cloud Kitchen,Vegetables,110,110,0,7.0,7.4,153.0,No,Hot,0,No Waste,No,Low
INV000596,2025-01-27,Cloud Kitchen,Vegetables,129,129,0,8.0,8.3,129.0,No,Sunny,0,No Waste,No,Low
INV000597,2025-01-27,Restaurant,Bakery,97,88,9,3.0,22.9,88.0,No,Cloudy,2,Expired,No,Medium
INV000598,2025-01-28,Restaurant,Prepared Food,117,88,29,3.0,27.0,88.0,Yes,Cloudy,10,Storage Issue,Yes,Medium
INV000599,2025-01-28,Restaurant,Meat,111,62,49,4.0,,62.0,No,Cloudy,13,Overproduction,Yes,High
INV000600,2025-01-28,Restaurant,Vegetables,78,64,14,4.0,7.9,64.0,No,,3,Low Demand,No,Medium
INV000601,2025-01-28,Supermarket,Vegetables,144,141,3,5.0,5.0,141.0,No,Sunny,0,No Waste,No,Low
INV000602,2025-01-28,Restaurant,Prepared Food,77,62,15,1.0,16.5,62.0,No,Sunny,5,Expired,No,Medium
INV000603,2025-01-28,Restaurant,Meat,75,75,0,5.0,3.2,133.0,Yes,Sunny,0,No Waste,No,Low
INV000604,2025-01-28,Supermarket,Fruits,188,107,81,5.0,9.7,107.0,No,Rainy,14,Overproduction,Yes,Medium
INV000605,2025-01-28,Restaurant,Dairy,138,81,57,6.0,5.0,81.0,Yes,Sunny,13,Overproduction,No,High
INV000606,2025-01-28,Cloud Kitchen,Bakery,108,94,14,1.0,25.5,94.0,No,Sunny,5,Expired,No,Medium
INV000607,2025-01-28,Cafeteria,Prepared Food,72,72,0,1.0,9.0,111.0,Yes,Hot,0,No Waste,No,Low
INV000608,2025-01-28,Restaurant,Prepared Food,101,58,43,2.0,13.3,58.0,No,Rainy,12,Low Demand,No,High
INV000609,2025-01-28,Cafeteria,Prepared Food,53,53,0,1.0,9.0,68.0,No,Sunny,0,No Waste,No,Low
INV000610,2025-01-28,Cafeteria,Prepared Food,53,53,0,1.0,21.9,71.0,No,Sunny,0,No Waste,No,Low
INV000611,2025-01-28,Supermarket,Prepared Food,179,122,57,,24.5,122.0,No,Cloudy,24,Expired,No,High
INV000612,2025-01-28,Supermarket,Fruits,135,135,0,3.0,1.1,163.0,No,Cloudy,0,No Waste,No,Low
INV000613,2025-01-28,Supermarket,Fruits,204,159,45,7.0,4.8,159.0,No,Hot,5,Overproduction,No,Medium
INV000614,2025-01-28,Cafeteria,Dairy,75,66,9,2.0,2.8,66.0,No,Hot,2,Low Demand,No,Medium
INV000615,2025-01-28,Supermarket,Dairy,110,110,0,3.0,5.4,191.0,No,Hot,0,No Waste,No,Medium
INV000616,2025-01-28,Cloud Kitchen,Dairy,120,113,7,13.0,4.5,113.0,No,Sunny,0,No Waste,No,Low
INV000617,2025-01-28,Cafeteria,Bakery,84,51,33,3.0,20.9,51.0,No,Sunny,9,Overproduction,No,High
INV000618,2025-01-28,Restaurant,Dairy,75,62,13,10.0,3.2,62.0,No,Rainy,2,Low Demand,No,Medium
INV000619,2025-01-28,Cloud Kitchen,Prepared Food,104,104,0,2.0,18.2,109.0,No,Cloudy,0,No Waste,No,Low
INV000620,2025-01-28,Cloud Kitchen,Dairy,103,103,0,9.0,,105.0,No,Cloudy,0,No Waste,No,Low
INV000621,2025-01-28,Restaurant,Prepared Food,118,74,44,1.0,15.2,74.0,No,Cloudy,17,Expired,No,High
INV000622,2025-01-28,Supermarket,Dairy,130,130,0,12.0,4.2,163.0,No,Cloudy,0,No Waste,No,Low
INV000623,2025-01-28,Restaurant,Bakery,111,88,23,3.0,27.3,88.0,No,Sunny,5,Expired,No,Medium
INV000624,2025-01-28,Cafeteria,Dairy,78,46,32,11.0,4.4,46.0,No,Rainy,5,Overproduction,No,Medium
INV000625,2025-01-28,Restaurant,Prepared Food,103,82,21,2.0,12.6,82.0,No,Sunny,4,Expired,No,Medium
INV000626,2025-01-28,Cloud Kitchen,Bakery,94,94,0,4.0,17.7,135.0,No,Cloudy,0,No Waste,No,Low
INV000627,2025-01-28,Cafeteria,Bakery,68,48,20,3.0,14.7,48.0,No,Rainy,4,Low Demand,No,Medium
INV000628,2025-01-28,Supermarket,Meat,160,160,0,3.0,2.0,189.0,No,Sunny,0,No Waste,No,Low
INV000629,2025-01-28,Supermarket,Prepared Food,216,99,117,2.0,30.3,99.0,No,Rainy,56,Overproduction,Yes,High
INV000630,2025-01-28,Cloud Kitchen,Meat,80,80,0,5.0,-2.2,95.0,No,Cloudy,0,No Waste,No,Low
INV000631,2025-01-28,Restaurant,Prepared Food,69,40,29,3.0,20.0,40.0,No,Rainy,8,Overproduction,No,High
INV000632,2025-01-29,Cafeteria,Bakery,74,39,35,3.0,18.1,39.0,No,Rainy,11,Overproduction,No,High
INV000633,2025-01-29,Supermarket,Fruits,147,147,0,3.0,5.1,188.0,No,Hot,0,No Waste,No,Low
INV000634,2025-01-29,Cloud Kitchen,Fruits,102,102,0,5.0,3.3,131.0,No,,0,No Waste,No,Low
INV000635,2025-01-29,Restaurant,Vegetables,88,86,2,6.0,6.4,86.0,No,Hot,0,No Waste,No,Low
INV000636,2025-01-29,Restaurant,Prepared Food,97,77,20,1.0,14.5,77.0,No,Sunny,7,Expired,No,Medium
INV000637,2025-01-29,Cloud Kitchen,Fruits,101,76,25,8.0,8.0,76.0,No,Rainy,3,Low Demand,No,Medium
INV000638,2025-01-29,Cloud Kitchen,Meat,108,102,6,5.0,2.9,102.0,No,Sunny,1,Low Demand,No,Low
INV000639,2025-01-29,Supermarket,Dairy,229,168,61,5.0,1.7,168.0,No,Sunny,12,Overproduction,No,Medium
INV000640,2025-01-29,Cloud Kitchen,Prepared Food,114,58,56,2.0,19.2,58.0,No,Rainy,15,Overproduction,No,High
INV000641,2025-01-29,Restaurant,Vegetables,78,59,19,7.0,-1.3,59.0,No,Cloudy,2,Low Demand,No,Medium
INV000642,2025-01-29,Supermarket,Dairy,165,165,0,6.0,1.7,240.0,Yes,Hot,0,No Waste,No,Low
INV000643,2025-01-29,Cloud Kitchen,Fruits,120,112,8,4.0,9.4,112.0,No,,1,Low Demand,No,Low
INV000644,2025-01-29,Restaurant,Bakery,113,82,31,2.0,18.2,82.0,No,Hot,8,Expired,No,Medium
INV000645,2025-01-30,Restaurant,Meat,108,75,33,4.0,2.6,75.0,No,Cloudy,7,Overproduction,No,Low
INV000646,2025-01-30,Supermarket,Meat,142,142,0,6.0,-0.6,177.0,Yes,Sunny,0,No Waste,No,Low
INV000647,2025-01-30,Restaurant,Vegetables,80,80,0,9.0,6.8,81.0,No,Sunny,0,No Waste,No,Low
INV000648,2025-01-30,Restaurant,Prepared Food,97,77,20,1.0,20.3,77.0,No,Cloudy,8,Expired,No,Medium
INV000649,2025-01-30,Cloud Kitchen,Dairy,125,106,19,5.0,,106.0,No,Cloudy,4,Expired,No,Medium
INV000650,2025-01-30,Supermarket,Meat,158,158,0,3.0,2.5,298.0,Yes,Hot,0,No Waste,No,Low
INV000651,2025-01-30,Supermarket,Dairy,164,155,9,7.0,2.6,155.0,No,Cloudy,1,Expired,No,Low
INV000652,2025-01-30,Cloud Kitchen,Vegetables,151,151,0,7.0,5.0,154.0,Yes,Cloudy,0,No Waste,No,Low
INV000653,2025-01-30,Supermarket,Bakery,132,132,0,3.0,23.6,164.0,No,Cloudy,0,No Waste,No,Low
INV000654,2025-01-30,Cafeteria,Meat,91,48,43,5.0,-1.1,48.0,Yes,Rainy,9,Overproduction,No,High
INV000655,2025-01-30,Supermarket,Dairy,137,111,26,7.0,3.2,111.0,No,Cloudy,3,Expired,No,Medium
INV000656,2025-01-30,Supermarket,Dairy,203,134,69,4.0,4.2,134.0,No,Hot,11,Overproduction,Yes,Medium
INV000657,2025-01-30,Supermarket,Fruits,145,145,0,8.0,7.5,160.0,No,Sunny,0,No Waste,No,Low
INV000658,2025-01-30,Supermarket,Bakery,186,145,41,2.0,26.3,145.0,Yes,Rainy,11,Expired,No,Medium
INV000659,2025-01-30,Cloud Kitchen,Vegetables,126,121,5,7.0,8.2,121.0,No,Sunny,1,Storage Issue,No,Low
INV000660,2025-01-30,Supermarket,Prepared Food,222,143,79,2.0,18.5,143.0,No,Sunny,27,Expired,No,High
INV000661,2025-01-30,Restaurant,Dairy,88,57,31,14.0,3.4,57.0,No,Rainy,5,Overproduction,Yes,Medium
INV000662,2025-01-30,Supermarket,Vegetables,127,127,0,7.0,7.1,156.0,No,Hot,0,No Waste,No,Low
INV000663,2025-01-30,Restaurant,Fruits,76,72,4,6.0,11.1,72.0,No,Rainy,1,Low Demand,No,Low
INV000664,2025-01-30,Cloud Kitchen,Bakery,100,100,0,5.0,17.6,105.0,No,Sunny,0,No Waste,No,Low
INV000665,2025-01-30,Restaurant,Vegetables,69,69,0,6.0,10.0,88.0,No,Sunny,0,No Waste,No,Low
INV000666,2025-01-30,Cafeteria,Prepared Food,88,65,23,1.0,21.7,65.0,No,Cloudy,9,Expired,No,High
INV000667,2025-01-30,Supermarket,Vegetables,138,138,0,5.0,4.8,180.0,No,Hot,0,No Waste,No,Low
INV000668,2025-01-31,Cloud Kitchen,Vegetables,146,104,42,7.0,5.2,104.0,No,Sunny,8,Overproduction,No,Medium
INV000669,2025-01-31,Restaurant,Bakery,113,69,44,3.0,21.5,69.0,No,Cloudy,16,Overproduction,No,High
INV000670,2025-01-31,Cafeteria,Dairy,44,44,0,10.0,3.3,51.0,Yes,Rainy,0,No Waste,No,Low
INV000671,2025-01-31,Restaurant,Vegetables,91,91,0,8.0,-1.2,117.0,Yes,Sunny,0,No Waste,No,Low
INV000672,2025-01-31,Supermarket,Meat,130,130,0,8.0,1.8,130.0,No,Sunny,0,No Waste,No,Low
INV000673,2025-01-31,Restaurant,Bakery,66,64,2,4.0,19.5,64.0,No,Hot,0,No Waste,No,Low
INV000674,2025-01-31,Supermarket,Fruits,191,119,72,3.0,9.1,119.0,No,Sunny,16,Overproduction,,Medium
INV000675,2025-01-31,Cafeteria,Dairy,86,82,4,5.0,1.6,82.0,Yes,Cloudy,0,No Waste,No,Low
INV000676,2025-01-31,Cloud Kitchen,Dairy,127,88,39,9.0,5.3,88.0,No,Cloudy,6,Overproduction,No,Low
INV000677,2025-01-31,Cloud Kitchen,Dairy,82,82,0,4.0,4.8,84.0,No,Cloudy,0,No Waste,No,Low
INV000678,2025-01-31,Restaurant,Vegetables,85,59,26,7.0,3.9,59.0,No,Rainy,6,Low Demand,No,Medium
INV000679,2025-01-31,Restaurant,Vegetables,75,75,0,5.0,12.8,77.0,No,Sunny,0,No Waste,No,Low
INV000680,2025-01-31,Restaurant,Bakery,62,62,0,1.0,22.3,91.0,No,Sunny,0,No Waste,No,Low
INV000681,2025-01-31,Restaurant,Meat,102,68,34,3.0,1.8,68.0,No,Hot,10,Overproduction,No,High
INV000682,2025-01-31,Restaurant,Fruits,79,79,0,8.0,4.9,108.0,Yes,Rainy,0,No Waste,No,Low
INV000683,2025-01-31,Cafeteria,Bakery,50,50,0,2.0,23.8,76.0,No,Hot,0,No Waste,,Low
INV000684,2025-01-31,Cloud Kitchen,Vegetables,97,79,18,11.0,7.9,79.0,No,Sunny,1,Low Demand,No,Low
INV000685,2025-01-31,Supermarket,Vegetables,218,181,37,8.0,3.4,181.0,No,Hot,7,Overproduction,No,Medium
INV000686,2025-01-31,Cloud Kitchen,Dairy,99,79,20,11.0,4.5,79.0,No,,1,Low Demand,No,Medium
INV000687,2025-01-31,Restaurant,Vegetables,89,65,24,6.0,7.5,65.0,No,Cloudy,4,Low Demand,No,Medium
INV000688,2025-01-31,Restaurant,Fruits,86,39,47,6.0,4.8,39.0,No,Rainy,8,Overproduction,No,High
INV000689,2025-01-31,Cloud Kitchen,Vegetables,93,92,1,8.0,4.3,92.0,No,Sunny,0,No Waste,No,Medium
INV000690,2025-01-31,Cafeteria,Dairy,44,44,0,7.0,4.6,50.0,No,Rainy,0,No Waste,No,Low
INV000691,2025-02-01,Supermarket,Prepared Food,230,141,89,2.0,19.4,141.0,No,Cloudy,25,Overproduction,No,High
INV000692,2025-02-01,Supermarket,Vegetables,147,147,0,7.0,6.0,173.0,No,Sunny,0,No Waste,No,Low
INV000693,2025-02-01,Cloud Kitchen,Vegetables,102,86,16,9.0,4.2,,No,Sunny,2,Low Demand,No,Low
INV000694,2025-02-01,Cloud Kitchen,Prepared Food,90,90,0,1.0,22.0,138.0,Yes,Cloudy,0,No Waste,No,Low
INV000695,2025-02-01,Supermarket,Bakery,166,166,0,3.0,25.6,167.0,Yes,Rainy,0,No Waste,No,Low
INV000696,2025-02-01,Supermarket,Dairy,130,101,29,5.0,5.2,101.0,No,Sunny,6,Overproduction,No,Medium
INV000697,2025-02-01,Cloud Kitchen,Prepared Food,183,160,23,2.0,23.5,160.0,Yes,Sunny,7,Expired,No,Medium
INV000698,2025-02-01,Cafeteria,Meat,65,59,6,7.0,-0.5,59.0,No,Sunny,0,No Waste,No,Low
INV000699,2025-02-01,Restaurant,Prepared Food,109,84,25,2.0,21.8,84.0,No,Sunny,7,Expired,No,Medium
INV000700,2025-02-01,Cloud Kitchen,Fruits,97,93,4,10.0,5.6,93.0,No,Sunny,0,No Waste,No,Low
INV000701,2025-02-01,Cafeteria,Fruits,57,53,4,7.0,3.0,53.0,No,Sunny,1,Low Demand,Yes,Low
INV000702,2025-02-01,Supermarket,Bakery,210,158,52,4.0,21.7,158.0,No,Sunny,10,Overproduction,No,Medium
INV000703,2025-02-01,Cafeteria,Meat,55,55,0,4.0,4.1,76.0,No,Sunny,0,No Waste,No,Low
INV000704,2025-02-01,Cafeteria,Vegetables,68,68,0,5.0,3.7,99.0,Yes,Sunny,0,No Waste,No,Low
INV000705,2025-02-01,Supermarket,Bakery,166,157,9,3.0,19.9,157.0,No,Sunny,2,Expired,No,Low
INV000706,2025-02-01,Cloud Kitchen,Bakery,135,91,44,2.0,19.5,91.0,No,Cloudy,13,Overproduction,Yes,High
INV000707,2025-02-01,Cloud Kitchen,Prepared Food,88,66,22,1.0,11.2,66.0,No,Rainy,7,Expired,No,Medium
INV000708,2025-02-01,Supermarket,Prepared Food,137,113,24,1.0,18.6,113.0,No,Rainy,10,Expired,No,Medium
INV000709,2025-02-01,Supermarket,Bakery,122,122,0,3.0,20.9,170.0,No,Sunny,0,No Waste,No,Low
INV000710,2025-02-01,Supermarket,Prepared Food,133,133,0,,16.2,190.0,No,Sunny,0,No Waste,No,Low
INV000711,2025-02-02,Restaurant,Prepared Food,96,69,27,3.0,21.1,69.0,No,Rainy,6,Low Demand,No,Medium
INV000712,2025-02-02,Supermarket,Fruits,202,139,63,6.0,10.2,139.0,No,Sunny,11,Overproduction,Yes,Medium
INV000713,2025-02-02,Cloud Kitchen,Bakery,113,93,20,3.0,,93.0,No,Cloudy,4,Expired,No,Medium
INV000714,2025-02-02,Supermarket,Dairy,135,135,0,14.0,3.9,154.0,No,Hot,0,No Waste,No,Low
INV000715,2025-02-02,Restaurant,Vegetables,97,89,8,8.0,6.7,89.0,No,Sunny,1,Low Demand,No,Low
INV000716,2025-02-02,Cloud Kitchen,Bakery,103,103,0,1.0,18.5,134.0,No,Sunny,0,No Waste,No,Low
INV000717,2025-02-02,Supermarket,Dairy,162,162,0,4.0,2.1,163.0,No,Hot,0,No Waste,No,Low
INV000718,2025-02-02,Supermarket,Prepared Food,146,88,58,1.0,17.9,88.0,No,Rainy,23,Expired,No,High
INV000719,2025-02-02,Restaurant,Bakery,108,55,53,5.0,23.7,55.0,No,Rainy,18,Overproduction,Yes,High
INV000720,2025-02-02,Restaurant,Meat,83,72,11,2.0,7.3,72.0,No,Hot,3,Low Demand,No,Medium
INV000721,2025-02-02,Cloud Kitchen,Vegetables,91,84,7,6.0,1.4,84.0,No,Cloudy,1,Low Demand,No,Low
INV000722,2025-02-02,Restaurant,Vegetables,99,75,24,4.0,5.0,75.0,No,Sunny,3,Overproduction,No,Medium
INV000723,2025-02-02,Restaurant,Prepared Food,107,77,30,1.0,22.9,77.0,No,Sunny,11,Expired,No,High
INV000724,2025-02-02,Restaurant,Bakery,87,87,0,5.0,22.3,87.0,Yes,Cloudy,0,No Waste,No,Low
INV000725,2025-02-02,Supermarket,Prepared Food,177,177,0,1.0,9.5,208.0,No,Hot,0,No Waste,No,Low
INV000726,2025-02-02,Cafeteria,Bakery,53,53,0,1.0,18.6,89.0,No,Sunny,0,No Waste,No,Low
INV000727,2025-02-02,Supermarket,Vegetables,397,116,281,8.0,8.8,116.0,No,Sunny,83,Overproduction,Yes,High
INV000728,2025-02-02,Cafeteria,Meat,59,59,0,4.0,1.6,63.0,No,Cloudy,0,No Waste,No,Low
INV000729,2025-02-02,Restaurant,Prepared Food,74,66,8,2.0,18.5,66.0,No,Hot,1,Expired,No,Low
INV000730,2025-02-02,Supermarket,Dairy,233,193,40,9.0,2.8,193.0,Yes,Sunny,6,Expired,No,Medium
INV000731,2025-02-03,Cafeteria,Meat,73,73,0,2.0,-0.1,86.0,No,Hot,0,No Waste,No,Low
INV000732,2025-02-03,Supermarket,Meat,230,129,101,5.0,0.0,129.0,No,Cloudy,17,Overproduction,Yes,High
INV000733,2025-02-03,Supermarket,Prepared Food,191,156,35,1.0,16.4,156.0,No,Sunny,14,Expired,No,Medium
INV000734,2025-02-03,Cafeteria,Dairy,62,44,18,5.0,-1.0,44.0,No,Rainy,4,Low Demand,No,Medium
INV000735,2025-02-03,Cafeteria,Bakery,93,93,0,3.0,18.6,110.0,Yes,Sunny,0,No Waste,No,Low
INV000736,2025-02-03,Cafeteria,Prepared Food,63,57,6,1.0,18.5,,Yes,Rainy,2,Expired,No,Medium
INV000737,2025-02-03,Cloud Kitchen,Dairy,120,75,45,10.0,1.8,,No,Rainy,5,Overproduction,No,Medium
INV000738,2025-02-03,Cloud Kitchen,Prepared Food,119,84,35,3.0,18.0,84.0,No,Sunny,9,Overproduction,No,Medium
INV000739,2025-02-03,Cloud Kitchen,Fruits,133,61,72,5.0,7.6,61.0,No,Rainy,17,Overproduction,Yes,High
INV000740,2025-02-03,Supermarket,Fruits,183,148,35,7.0,9.9,148.0,No,Hot,7,Low Demand,No,Medium
INV000741,2025-02-03,Cafeteria,Prepared Food,58,54,4,2.0,16.4,54.0,No,Sunny,1,Low Demand,No,Low
INV000742,2025-02-03,Restaurant,Vegetables,86,57,29,6.0,5.7,57.0,No,Rainy,6,Overproduction,,Medium
INV000743,2025-02-03,Cafeteria,Bakery,79,40,39,3.0,20.6,40.0,No,Rainy,11,Overproduction,No,High
INV000744,2025-02-03,Cafeteria,Meat,59,59,0,4.0,-0.5,72.0,No,Sunny,0,No Waste,No,Low
INV000745,2025-02-03,Cafeteria,Vegetables,80,80,0,2.0,7.9,85.0,No,Sunny,0,No Waste,No,Low
INV000746,2025-02-03,Supermarket,Dairy,164,102,62,6.0,5.9,102.0,No,Cloudy,15,Overproduction,Yes,High
INV000747,2025-02-03,Supermarket,Bakery,120,120,0,3.0,19.6,162.0,No,Sunny,0,No Waste,No,Low
INV000748,2025-02-03,Cloud Kitchen,Prepared Food,95,95,0,2.0,20.3,110.0,No,Cloudy,0,No Waste,No,Low
INV000749,2025-02-03,Cafeteria,Bakery,94,48,46,4.0,25.5,48.0,No,Cloudy,12,Overproduction,Yes,High
INV000750,2025-02-03,Supermarket,Vegetables,174,174,0,9.0,4.7,199.0,Yes,Cloudy,0,No Waste,No,Low
INV000751,2025-02-03,Restaurant,Fruits,115,82,33,8.0,11.2,82.0,No,Cloudy,7,Storage Issue,No,Medium
INV000752,2025-02-03,Supermarket,Vegetables,118,118,0,3.0,9.8,195.0,No,Hot,0,No Waste,No,Low
INV000753,2025-02-03,Cafeteria,Vegetables,63,63,0,10.0,8.9,71.0,No,Sunny,0,No Waste,No,Low
INV000754,2025-02-04,Cafeteria,Bakery,51,51,0,4.0,26.5,121.0,Yes,Hot,0,No Waste,No,Low
INV000755,2025-02-04,Cafeteria,Meat,70,59,11,3.0,3.5,59.0,No,Cloudy,2,Low Demand,No,Medium
INV000756,2025-02-04,Supermarket,Bakery,195,189,6,2.0,18.8,189.0,Yes,Sunny,1,Expired,No,Low
INV000757,2025-02-04,Cloud Kitchen,Bakery,124,102,22,4.0,20.3,102.0,No,Sunny,4,Overproduction,No,Medium
INV000758,2025-02-04,Restaurant,Fruits,96,82,14,6.0,4.9,82.0,No,Cloudy,2,Expired,No,Medium
INV000759,2025-02-04,Cloud Kitchen,Bakery,125,78,47,3.0,24.7,78.0,No,Rainy,16,Overproduction,Yes,High
INV000760,2025-02-04,Restaurant,Prepared Food,126,100,26,1.0,17.0,100.0,Yes,Cloudy,9,Expired,No,Medium
INV000761,2025-02-04,Supermarket,Bakery,184,171,13,3.0,25.0,171.0,Yes,Cloudy,3,Storage Issue,No,Low
INV000762,2025-02-04,Restaurant,Fruits,66,66,0,,5.7,98.0,No,Hot,0,No Waste,No,Low
INV000763,2025-02-04,Supermarket,Meat,146,146,0,4.0,2.0,160.0,No,Sunny,0,No Waste,No,Low
INV000764,2025-02-04,Supermarket,Bakery,138,138,0,2.0,20.3,168.0,No,Sunny,0,No Waste,No,Low
INV000765,2025-02-04,Cloud Kitchen,Meat,98,98,0,3.0,1.2,127.0,No,Sunny,0,No Waste,No,Low
INV000766,2025-02-04,Supermarket,Vegetables,199,175,24,8.0,4.3,175.0,Yes,Sunny,3,Expired,No,Low
INV000767,2025-02-04,Restaurant,Prepared Food,80,80,0,1.0,15.6,95.0,No,Hot,0,No Waste,No,High
INV000768,2025-02-04,Cloud Kitchen,Vegetables,116,72,44,9.0,8.7,72.0,No,Rainy,9,Overproduction,No,Medium
INV000769,2025-02-04,Cloud Kitchen,Fruits,118,118,0,4.0,6.1,137.0,No,Cloudy,0,No Waste,No,Low
INV000770,2025-02-04,Cafeteria,Dairy,60,55,5,3.0,6.3,55.0,No,Cloudy,1,Low Demand,No,Low
INV000771,2025-02-04,Supermarket,Fruits,210,187,23,3.0,6.2,187.0,Yes,Cloudy,5,Expired,,Medium
INV000772,2025-02-05,Supermarket,Meat,198,107,91,5.0,1.6,107.0,No,Rainy,23,Overproduction,Yes,High
INV000773,2025-02-05,Cloud Kitchen,Fruits,120,60,60,5.0,,60.0,No,Rainy,21,Overproduction,Yes,High
INV000774,2025-02-05,Restaurant,Prepared Food,97,78,19,1.0,17.7,78.0,No,Sunny,6,Expired,No,Medium
INV000775,2025-02-05,Cloud Kitchen,Vegetables,127,84,43,1.0,5.3,84.0,No,Cloudy,19,Expired,No,High
INV000776,2025-02-05,Cafeteria,Fruits,53,53,0,4.0,7.1,57.0,No,Cloudy,0,No Waste,No,Low
INV000777,2025-02-05,Cloud Kitchen,Fruits,124,75,49,6.0,6.4,75.0,No,Rainy,12,Overproduction,No,High
INV000778,2025-02-05,Restaurant,Meat,81,81,0,5.0,4.0,102.0,No,Hot,0,No Waste,No,Low
INV000779,2025-02-05,Supermarket,Prepared Food,150,116,34,2.0,13.6,116.0,No,Cloudy,7,Expired,No,Medium
INV000780,2025-02-05,Restaurant,Vegetables,93,74,19,9.0,2.8,74.0,No,Cloudy,2,Low Demand,No,Medium
INV000781,2025-02-05,Cafeteria,Vegetables,64,60,4,8.0,0.0,60.0,No,Sunny,0,No Waste,No,Low
INV000782,2025-02-05,Cloud Kitchen,Vegetables,112,109,3,3.0,3.5,109.0,No,Hot,1,Expired,No,Low
INV000783,2025-02-05,Restaurant,Vegetables,70,70,0,7.0,1.1,85.0,No,Cloudy,0,No Waste,No,Low
INV000784,2025-02-05,Cloud Kitchen,Meat,82,82,0,7.0,4.2,87.0,No,Cloudy,0,No Waste,No,Low
INV000785,2025-02-05,Supermarket,Dairy,158,158,0,3.0,4.6,164.0,No,Sunny,0,No Waste,No,Low
INV000786,2025-02-05,Cafeteria,Fruits,63,51,12,6.0,6.3,51.0,No,Cloudy,1,Low Demand,No,Low
INV000787,2025-02-05,Cloud Kitchen,Vegetables,97,97,0,4.0,10.8,124.0,Yes,Sunny,0,No Waste,No,Low
INV000788,2025-02-05,Cafeteria,Dairy,57,57,0,13.0,4.1,57.0,No,Cloudy,0,No Waste,No,Low
INV000789,2025-02-05,Supermarket,Dairy,185,107,78,5.0,3.5,107.0,No,Rainy,12,Overproduction,Yes,Medium
INV000790,2025-02-05,Cafeteria,Fruits,58,48,10,4.0,6.3,48.0,No,Hot,1,Low Demand,No,Low
INV000791,2025-02-05,Supermarket,Bakery,156,93,63,3.0,21.6,93.0,No,Rainy,14,Overproduction,Yes,High
INV000792,2025-02-05,Supermarket,Dairy,187,140,47,3.0,5.7,140.0,No,,15,Overproduction,Yes,Medium
INV000793,2025-02-05,Supermarket,Bakery,123,123,0,,24.7,175.0,No,Sunny,0,No Waste,No,Low
INV000794,2025-02-05,Supermarket,Fruits,211,93,118,7.0,,93.0,No,Rainy,33,Overproduction,Yes,High
INV000795,2025-02-05,Supermarket,Prepared Food,144,144,0,,16.3,159.0,No,Sunny,0,No Waste,No,Low
INV000796,2025-02-06,Restaurant,Dairy,60,60,0,3.0,3.3,78.0,No,Cloudy,0,No Waste,No,Low
INV000797,2025-02-06,Restaurant,Bakery,109,83,26,1.0,34.3,83.0,No,Cloudy,15,Storage Issue,Yes,High
INV000798,2025-02-06,Restaurant,Prepared Food,89,89,0,1.0,17.2,89.0,No,Cloudy,0,No Waste,No,Low
INV000799,2025-02-06,Cafeteria,Vegetables,75,52,23,6.0,8.7,,No,Cloudy,6,Low Demand,Yes,Medium
INV000800,2025-02-06,Supermarket,Prepared Food,159,115,44,2.0,21.9,115.0,No,Rainy,13,Low Demand,No,Medium
INV000801,2025-02-06,Cloud Kitchen,Fruits,125,109,16,7.0,6.8,109.0,No,Sunny,2,Overproduction,No,Low
INV000802,2025-02-06,Supermarket,Meat,159,159,0,3.0,-1.1,216.0,No,Sunny,0,No Waste,No,Low
INV000803,2025-02-06,Supermarket,Dairy,140,140,0,6.0,1.2,180.0,No,Hot,0,No Waste,No,Low
INV000804,2025-02-06,Cafeteria,Prepared Food,56,56,0,1.0,25.0,71.0,No,Sunny,0,No Waste,No,Low
INV000805,2025-02-06,Restaurant,Fruits,78,78,0,5.0,7.1,96.0,Yes,Sunny,0,No Waste,No,Low
INV000806,2025-02-06,Restaurant,Bakery,114,114,0,2.0,15.6,119.0,Yes,Sunny,0,No Waste,No,Medium
INV000807,2025-02-06,Cafeteria,Bakery,67,67,0,4.0,24.1,80.0,No,Hot,0,No Waste,No,Low
INV000808,2025-02-06,Cafeteria,Prepared Food,53,53,0,2.0,26.2,58.0,No,Sunny,0,No Waste,No,Low
INV000809,2025-02-06,Cloud Kitchen,Meat,121,79,42,4.0,1.5,79.0,No,Cloudy,10,Overproduction,No,Medium
INV000810,2025-02-06,Supermarket,Dairy,140,140,0,13.0,5.2,187.0,No,Hot,0,No Waste,No,Low
INV000811,2025-02-06,Supermarket,Vegetables,198,150,48,5.0,6.9,150.0,No,Sunny,8,Overproduction,No,Medium
INV000812,2025-02-06,Supermarket,Meat,225,215,10,7.0,4.0,215.0,No,Sunny,2,Expired,No,Low
INV000813,2025-02-06,Restaurant,Bakery,119,64,55,,19.3,64.0,No,Cloudy,13,Overproduction,Yes,High
INV000814,2025-02-06,Supermarket,Fruits,125,125,0,7.0,8.9,165.0,No,Sunny,0,No Waste,No,Low
INV000815,2025-02-06,Restaurant,Vegetables,81,52,29,7.0,7.7,52.0,No,Cloudy,6,Low Demand,No,Medium
INV000816,2025-02-06,Cafeteria,Dairy,77,49,28,6.0,3.0,49.0,No,Sunny,4,Low Demand,No,Low
INV000817,2025-02-06,Cafeteria,Dairy,87,58,29,9.0,6.7,58.0,Yes,Rainy,3,Low Demand,No,Medium
INV000818,2025-02-06,Cafeteria,Fruits,54,54,0,2.0,6.1,64.0,No,Hot,0,No Waste,No,Low
INV000819,2025-02-06,Restaurant,Vegetables,76,69,7,6.0,4.4,69.0,No,Cloudy,1,Low Demand,No,Low
INV000820,2025-02-06,Cafeteria,Fruits,77,55,22,4.0,8.0,55.0,No,Cloudy,4,Low Demand,No,Medium
INV000821,2025-02-06,Cafeteria,Bakery,89,75,14,2.0,22.5,75.0,Yes,Sunny,3,Expired,No,Medium
INV000822,2025-02-06,Restaurant,Fruits,76,59,17,5.0,8.8,,No,Cloudy,3,Low Demand,No,Low
INV000823,2025-02-07,Cloud Kitchen,Prepared Food,86,86,0,1.0,16.8,133.0,No,Hot,0,No Waste,No,Low
INV000824,2025-02-07,Cloud Kitchen,Prepared Food,99,99,0,1.0,16.1,105.0,No,Sunny,0,No Waste,No,Low
INV000825,2025-02-07,Restaurant,Prepared Food,106,69,37,1.0,24.1,69.0,No,Sunny,18,Expired,No,High
INV000826,2025-02-07,Restaurant,Fruits,79,79,0,6.0,6.8,92.0,No,Sunny,0,No Waste,No,Low
INV000827,2025-02-07,Supermarket,Bakery,136,136,0,2.0,25.4,196.0,No,Hot,0,No Waste,No,Low
INV000828,2025-02-07,Cafeteria,Vegetables,63,43,20,5.0,5.5,,No,Rainy,4,Low Demand,Yes,Medium
INV000829,2025-02-07,Cloud Kitchen,Prepared Food,105,105,0,1.0,21.2,106.0,No,Sunny,0,No Waste,No,Low
INV000830,2025-02-07,Cloud Kitchen,Vegetables,147,79,68,3.0,2.5,79.0,No,Rainy,23,Overproduction,Yes,High
INV000831,2025-02-07,Cloud Kitchen,Dairy,123,96,27,8.0,4.0,96.0,No,Sunny,4,Low Demand,No,Medium
INV000832,2025-02-07,Cloud Kitchen,Prepared Food,117,117,0,2.0,19.1,139.0,No,Hot,0,No Waste,No,Low
INV000833,2025-02-07,Supermarket,Fruits,147,147,0,1.0,12.8,160.0,Yes,Cloudy,0,No Waste,No,Low
INV000834,2025-02-07,Restaurant,Bakery,81,77,4,6.0,18.3,77.0,No,Hot,0,No Waste,No,Low
INV000835,2025-02-07,Cloud Kitchen,Dairy,125,125,0,11.0,3.1,154.0,Yes,Hot,0,No Waste,No,Low
INV000836,2025-02-07,Supermarket,Prepared Food,202,102,100,2.0,23.0,102.0,No,Rainy,38,Overproduction,Yes,High
INV000837,2025-02-07,Supermarket,Fruits,190,190,0,6.0,7.5,193.0,Yes,Sunny,0,No Waste,No,Low
INV000838,2025-02-07,Cloud Kitchen,Meat,108,108,0,2.0,3.3,114.0,No,Hot,0,No Waste,No,Low
INV000839,2025-02-07,Cloud Kitchen,Vegetables,124,100,24,8.0,1.8,100.0,No,Hot,2,Overproduction,No,Low
INV000840,2025-02-07,Supermarket,Meat,167,167,0,7.0,0.7,196.0,Yes,Hot,0,No Waste,No,Low
INV000841,2025-02-07,Cloud Kitchen,Dairy,100,100,0,9.0,5.5,182.0,Yes,Hot,0,No Waste,No,Low
INV000842,2025-02-07,Restaurant,Vegetables,102,102,0,5.0,8.9,193.0,Yes,Hot,0,No Waste,No,Low
INV000843,2025-02-07,Supermarket,Meat,160,158,2,,3.3,158.0,No,Sunny,0,No Waste,No,Low
INV000844,2025-02-07,Cafeteria,Fruits,60,45,15,6.0,2.4,45.0,No,Rainy,2,Low Demand,No,Medium
INV000845,2025-02-07,Cafeteria,Prepared Food,85,48,37,2.0,13.0,48.0,No,Rainy,13,Overproduction,No,High
INV000846,2025-02-07,Supermarket,Vegetables,129,129,0,4.0,9.7,151.0,No,Sunny,0,No Waste,No,Low
INV000847,2025-02-07,Supermarket,Bakery,170,170,0,3.0,,180.0,No,Hot,0,No Waste,No,Low
INV000848,2025-02-07,Restaurant,Bakery,97,55,42,2.0,20.7,55.0,No,Rainy,12,Overproduction,No,High
INV000849,2025-02-08,Cafeteria,Dairy,55,55,0,11.0,1.7,60.0,No,Hot,0,No Waste,No,Low
INV000850,2025-02-08,Cloud Kitchen,Bakery,122,122,0,3.0,23.1,126.0,Yes,Cloudy,0,No Waste,No,Low
INV000851,2025-02-08,Supermarket,Bakery,157,132,25,3.0,20.7,132.0,No,Cloudy,3,Expired,No,Low
INV000852,2025-02-08,Supermarket,Bakery,131,131,0,3.0,20.0,132.0,No,Hot,0,No Waste,No,Low
INV000853,2025-02-08,Cloud Kitchen,Prepared Food,104,95,9,2.0,14.1,95.0,Yes,Rainy,2,Expired,No,Low
INV000854,2025-02-08,Restaurant,Vegetables,92,92,0,7.0,6.0,99.0,No,Sunny,0,No Waste,No,Low
INV000855,2025-02-08,Cloud Kitchen,Fruits,139,94,45,3.0,7.6,94.0,No,Cloudy,9,Expired,No,Medium
INV000856,2025-02-08,Cloud Kitchen,Prepared Food,121,100,21,1.0,30.3,100.0,No,Cloudy,8,Storage Issue,Yes,Medium
INV000857,2025-02-08,Restaurant,Fruits,74,74,0,3.0,4.3,77.0,No,Sunny,0,No Waste,No,Low
INV000858,2025-02-08,Restaurant,Bakery,81,81,0,3.0,17.3,94.0,No,Sunny,0,No Waste,No,Low
INV000859,2025-02-08,Supermarket,Prepared Food,164,162,2,2.0,16.0,162.0,No,Sunny,0,No Waste,No,Low
INV000860,2025-02-08,Restaurant,Meat,89,89,0,5.0,0.8,91.0,No,Cloudy,0,No Waste,No,Low
INV000861,2025-02-08,Supermarket,Bakery,150,137,13,2.0,23.8,137.0,Yes,Rainy,3,Expired,No,Low
INV000862,2025-02-08,Cloud Kitchen,Bakery,89,66,23,1.0,20.7,66.0,No,,8,Expired,No,High
INV000863,2025-02-08,Cloud Kitchen,Bakery,104,82,22,3.0,27.6,82.0,No,Rainy,8,Storage Issue,No,Medium
INV000864,2025-02-08,Cafeteria,Fruits,91,79,12,3.0,11.9,79.0,Yes,Hot,3,Low Demand,No,Medium
INV000865,2025-02-08,Supermarket,Fruits,162,95,67,8.0,8.4,95.0,No,Rainy,15,Overproduction,Yes,High
INV000866,2025-02-08,Restaurant,Vegetables,86,53,33,7.0,8.0,53.0,No,Rainy,5,Overproduction,No,Medium
INV000867,2025-02-08,Supermarket,Vegetables,151,109,42,7.0,7.2,109.0,Yes,Rainy,7,Overproduction,No,Medium
INV000868,2025-02-09,Cafeteria,Dairy,63,63,0,10.0,0.6,76.0,No,Hot,0,No Waste,,Low
INV000869,2025-02-09,Supermarket,Vegetables,179,134,45,6.0,5.5,134.0,No,Rainy,5,Overproduction,No,Medium
INV000870,2025-02-09,Restaurant,Prepared Food,90,61,29,2.0,15.1,61.0,No,Cloudy,8,Expired,No,High
INV000871,2025-02-09,Supermarket,Fruits,175,133,42,5.0,5.9,133.0,No,Hot,6,Overproduction,No,Medium
INV000872,2025-02-09,Supermarket,Dairy,191,162,29,7.0,,162.0,No,Sunny,3,Overproduction,No,Low
INV000873,2025-02-09,Restaurant,Fruits,93,62,31,4.0,7.1,62.0,No,Rainy,5,Low Demand,No,Medium
INV000874,2025-02-09,Cloud Kitchen,Fruits,148,148,0,3.0,8.1,182.0,Yes,Sunny,0,No Waste,No,Low
INV000875,2025-02-09,Cafeteria,Vegetables,58,48,10,6.0,5.6,48.0,No,Rainy,2,Low Demand,No,Medium
INV000876,2025-02-09,Supermarket,Vegetables,185,185,0,3.0,9.5,194.0,No,Hot,0,No Waste,No,Low
INV000877,2025-02-09,Supermarket,Prepared Food,200,118,82,1.0,9.6,118.0,No,Rainy,31,Expired,No,High
INV000878,2025-02-09,Cafeteria,Bakery,79,46,33,4.0,30.6,46.0,No,Rainy,12,Storage Issue,Yes,High
INV000879,2025-02-09,Restaurant,Vegetables,79,75,4,4.0,5.0,75.0,No,Hot,0,No Waste,No,Low
INV000880,2025-02-09,Supermarket,Meat,134,134,0,2.0,-0.4,158.0,No,Sunny,0,No Waste,No,Low
INV000881,2025-02-09,Restaurant,Fruits,110,84,26,2.0,6.9,84.0,No,,7,Expired,No,Medium
INV000882,2025-02-09,Cloud Kitchen,Bakery,151,131,20,5.0,24.6,131.0,Yes,Cloudy,4,Expired,No,Medium
INV000883,2025-02-09,Supermarket,Vegetables,183,140,43,8.0,8.2,140.0,No,Hot,8,Overproduction,No,Medium
INV000884,2025-02-09,Supermarket,Prepared Food,241,210,31,1.0,13.6,210.0,Yes,Sunny,10,Expired,No,Medium
INV000885,2025-02-09,Restaurant,Fruits,94,88,6,10.0,8.1,88.0,No,Hot,1,Low Demand,No,Low
INV000886,2025-02-09,Restaurant,Fruits,101,101,0,8.0,8.2,112.0,Yes,Hot,0,No Waste,,Low
INV000887,2025-02-09,Supermarket,Bakery,124,124,0,3.0,23.0,221.0,No,Cloudy,0,No Waste,No,Low
INV000888,2025-02-09,Cafeteria,Dairy,72,72,0,7.0,2.8,84.0,Yes,Cloudy,0,No Waste,No,Low
INV000889,2025-02-09,Cloud Kitchen,Bakery,97,97,0,3.0,12.7,111.0,No,Sunny,0,No Waste,No,Low
INV000890,2025-02-09,Cloud Kitchen,Dairy,90,90,0,6.0,4.2,109.0,No,Cloudy,0,No Waste,No,Low
INV000891,2025-02-09,Cloud Kitchen,Prepared Food,111,97,14,1.0,24.2,97.0,No,Rainy,6,Expired,No,Medium
INV000892,2025-02-09,Cloud Kitchen,Meat,87,87,0,2.0,1.5,151.0,No,Hot,0,No Waste,No,Low
INV000893,2025-02-09,Cafeteria,Meat,75,40,35,5.0,-0.5,40.0,No,Rainy,9,Overproduction,Yes,High
INV000894,2025-02-09,Supermarket,Fruits,244,214,30,5.0,6.1,214.0,Yes,Hot,4,Expired,,Low
INV000895,2025-02-09,Cloud Kitchen,Meat,94,86,8,3.0,7.4,86.0,No,Sunny,2,Storage Issue,No,Medium
INV000896,2025-02-10,Restaurant,Prepared Food,76,76,0,3.0,21.6,97.0,No,Sunny,0,No Waste,No,Low
INV000897,2025-02-10,Restaurant,Vegetables,103,73,30,5.0,6.5,73.0,No,Rainy,6,Overproduction,No,Medium
INV000898,2025-02-10,Cloud Kitchen,Vegetables,94,94,0,7.0,4.9,106.0,No,Cloudy,0,No Waste,No,Low
INV000899,2025-02-10,Supermarket,Dairy,158,113,45,6.0,6.3,113.0,No,Hot,10,Overproduction,No,Medium
INV000900,2025-02-10,Restaurant,Prepared Food,108,108,0,2.0,26.6,133.0,Yes,Sunny,0,No Waste,No,Low
INV000901,2025-02-10,Cafeteria,Fruits,78,48,30,9.0,8.7,48.0,Yes,Rainy,6,Low Demand,No,Medium
INV000902,2025-02-10,Supermarket,Bakery,149,149,0,1.0,23.5,157.0,No,Hot,0,No Waste,No,Low
INV000903,2025-02-10,Restaurant,Prepared Food,103,86,17,2.0,19.4,86.0,No,Cloudy,4,Expired,No,Medium
INV000904,2025-02-10,Supermarket,Meat,214,210,4,,-0.9,210.0,Yes,Cloudy,0,No Waste,No,Low
INV000905,2025-02-10,Restaurant,Dairy,89,89,0,2.0,6.1,94.0,No,Sunny,0,No Waste,No,Low
INV000906,2025-02-10,Restaurant,Vegetables,70,70,0,5.0,5.6,96.0,No,Hot,0,No Waste,No,Low
INV000907,2025-02-10,Restaurant,Fruits,70,68,2,6.0,7.8,68.0,No,Sunny,0,No Waste,No,Low
INV000908,2025-02-10,Cloud Kitchen,Dairy,97,97,0,13.0,5.3,165.0,Yes,Sunny,0,No Waste,No,Low
INV000909,2025-02-10,Restaurant,Meat,79,79,0,3.0,2.8,80.0,No,,0,No Waste,No,Low
INV000910,2025-02-10,Supermarket,Fruits,171,171,0,7.0,10.6,180.0,Yes,Hot,0,No Waste,No,Low
INV000911,2025-02-10,Cloud Kitchen,Prepared Food,108,58,50,2.0,14.4,58.0,No,Rainy,18,Overproduction,Yes,High
INV000912,2025-02-10,Cafeteria,Prepared Food,63,39,24,1.0,19.8,39.0,No,Rainy,9,Low Demand,No,High
INV000913,2025-02-10,Supermarket,Prepared Food,204,174,30,1.0,19.5,174.0,No,Hot,10,Expired,No,Medium
INV000914,2025-02-10,Supermarket,Vegetables,155,132,23,10.0,0.9,132.0,No,Sunny,2,Overproduction,No,Low
INV000915,2025-02-10,Cafeteria,Prepared Food,58,56,2,1.0,9.2,56.0,No,Cloudy,1,Expired,No,Low
INV000916,2025-02-10,Cafeteria,Bakery,79,79,0,2.0,22.8,85.0,No,Hot,0,No Waste,No,High
INV000917,2025-02-10,Cloud Kitchen,Dairy,92,80,12,6.0,3.6,80.0,No,Rainy,1,Low Demand,No,Low
INV000918,2025-02-10,Restaurant,Vegetables,62,62,0,6.0,6.2,87.0,No,Cloudy,0,No Waste,No,Low
INV000919,2025-02-11,Cafeteria,Prepared Food,65,49,16,1.0,17.7,49.0,No,Rainy,5,Expired,No,Medium
INV000920,2025-02-11,Cafeteria,Bakery,69,44,25,4.0,20.1,44.0,No,Cloudy,5,Overproduction,No,Medium
INV000921,2025-02-11,Supermarket,Vegetables,111,111,0,6.0,7.5,123.0,No,Cloudy,0,No Waste,No,Low
INV000922,2025-02-11,Cafeteria,Meat,61,32,29,,5.8,32.0,No,,12,Overproduction,No,High
INV000923,2025-02-11,Restaurant,Dairy,110,93,17,4.0,3.6,93.0,No,Cloudy,3,Expired,No,Medium
INV000924,2025-02-11,Restaurant,Meat,82,82,0,1.0,-1.4,96.0,No,Hot,0,No Waste,No,Low
INV000925,2025-02-11,Restaurant,Dairy,80,69,11,1.0,4.4,69.0,No,Cloudy,4,Expired,No,Medium
INV000926,2025-02-11,Cafeteria,Dairy,59,59,0,10.0,3.8,64.0,No,,0,No Waste,No,Low
INV000927,2025-02-11,Supermarket,Meat,190,153,37,6.0,3.0,153.0,No,Hot,5,Overproduction,No,Medium
INV000928,2025-02-11,Restaurant,Bakery,87,87,0,2.0,17.6,94.0,Yes,Cloudy,0,No Waste,No,Low
INV000929,2025-02-11,Supermarket,Bakery,181,102,79,1.0,18.5,102.0,No,Rainy,37,Overproduction,Yes,Low
INV000930,2025-02-11,Restaurant,Meat,70,70,0,4.0,3.7,93.0,No,Sunny,0,No Waste,No,Low
INV000931,2025-02-11,Restaurant,Dairy,86,86,0,5.0,3.9,94.0,No,Hot,0,No Waste,No,Low
INV000932,2025-02-11,Cloud Kitchen,Vegetables,123,123,0,4.0,2.0,135.0,Yes,Sunny,0,No Waste,No,Low
INV000933,2025-02-11,Restaurant,Meat,75,60,15,5.0,0.1,60.0,No,Cloudy,2,Low Demand,No,Medium
INV000934,2025-02-11,Supermarket,Fruits,178,113,65,7.0,7.3,113.0,No,Cloudy,14,Overproduction,Yes,Medium
INV000935,2025-02-11,Cloud Kitchen,Bakery,99,99,0,3.0,25.0,136.0,Yes,Sunny,0,No Waste,No,Low
INV000936,2025-02-11,Supermarket,Prepared Food,190,190,0,1.0,13.1,215.0,Yes,Sunny,0,No Waste,No,Low
INV000937,2025-02-11,Supermarket,Dairy,195,139,56,9.0,3.2,139.0,No,Cloudy,9,Overproduction,No,Medium
INV000938,2025-02-11,Restaurant,Dairy,82,80,2,4.0,4.6,80.0,No,Hot,0,No Waste,No,Low
INV000939,2025-02-11,Supermarket,Dairy,116,116,0,7.0,4.8,120.0,No,Cloudy,0,No Waste,No,Low
INV000940,2025-02-11,Supermarket,Vegetables,158,138,20,8.0,8.8,138.0,No,Hot,4,Low Demand,No,Medium
INV000941,2025-02-12,Cloud Kitchen,Prepared Food,107,92,15,1.0,25.1,92.0,No,Hot,7,Expired,No,Medium
INV000942,2025-02-12,Restaurant,Prepared Food,73,73,0,2.0,18.3,76.0,No,Sunny,0,No Waste,No,Low
INV000943,2025-02-12,Restaurant,Vegetables,94,94,0,7.0,9.1,99.0,Yes,Cloudy,0,No Waste,No,Low
INV000944,2025-02-12,Supermarket,Fruits,159,148,11,5.0,10.7,148.0,No,Hot,2,Storage Issue,Yes,Low
INV000945,2025-02-12,Restaurant,Vegetables,82,82,0,6.0,4.4,98.0,No,Hot,0,No Waste,No,Low
INV000946,2025-02-12,Cafeteria,Vegetables,94,75,19,4.0,10.5,75.0,No,Cloudy,4,Storage Issue,Yes,Medium
INV000947,2025-02-12,Cloud Kitchen,Bakery,95,72,23,2.0,19.4,72.0,No,Sunny,6,Expired,No,Medium
INV000948,2025-02-12,Cafeteria,Meat,66,66,0,5.0,0.7,77.0,No,Sunny,0,No Waste,No,Low
INV000949,2025-02-12,Restaurant,Prepared Food,95,81,14,2.0,24.3,81.0,No,Cloudy,4,Storage Issue,No,Medium
INV000950,2025-02-12,Cloud Kitchen,Bakery,117,73,44,1.0,22.6,73.0,No,Rainy,20,Expired,No,High
INV000951,2025-02-12,Restaurant,Vegetables,94,73,21,8.0,-1.0,73.0,No,Sunny,2,Low Demand,No,Medium
INV000952,2025-02-12,Restaurant,Vegetables,93,93,0,3.0,10.4,118.0,No,Hot,0,No Waste,No,Low
INV000953,2025-02-12,Restaurant,Prepared Food,89,83,6,1.0,19.8,83.0,Yes,Rainy,2,Expired,No,Medium
INV000954,2025-02-12,Supermarket,Vegetables,176,99,77,9.0,3.2,99.0,No,Rainy,14,Overproduction,Yes,Medium
INV000955,2025-02-12,Restaurant,Meat,97,76,21,2.0,,76.0,No,Cloudy,4,Expired,No,Medium
INV000956,2025-02-12,Restaurant,Dairy,79,65,14,12.0,5.8,65.0,No,Rainy,1,Low Demand,No,Low
INV000957,2025-02-12,Supermarket,Fruits,157,157,0,5.0,6.2,226.0,Yes,Hot,0,No Waste,No,Low
INV000958,2025-02-12,Cloud Kitchen,Fruits,99,88,11,3.0,8.8,88.0,No,Cloudy,2,Expired,No,Low
INV000959,2025-02-12,Cloud Kitchen,Dairy,121,96,25,10.0,3.0,96.0,No,Sunny,4,Overproduction,No,Medium
INV000960,2025-02-12,Cafeteria,Fruits,57,26,31,5.0,12.3,26.0,No,Rainy,11,Low Demand,Yes,High
INV000961,2025-02-12,Supermarket,Prepared Food,165,133,32,1.0,20.3,133.0,No,Cloudy,12,Expired,No,Medium
INV000962,2025-02-12,Restaurant,Fruits,93,85,8,5.0,8.8,85.0,No,Sunny,1,Low Demand,No,Medium
INV000963,2025-02-12,Supermarket,Fruits,201,185,16,3.0,11.1,185.0,No,Hot,3,Expired,No,Low
INV000964,2025-02-12,Cafeteria,Fruits,54,54,0,5.0,7.7,55.0,No,Sunny,0,No Waste,No,Low
INV000965,2025-02-12,Cloud Kitchen,Prepared Food,87,87,0,1.0,21.1,103.0,No,Hot,0,No Waste,No,Low
INV000966,2025-02-12,Cloud Kitchen,Prepared Food,83,72,11,1.0,22.3,72.0,No,Rainy,4,Expired,No,Medium
INV000967,2025-02-12,Restaurant,Fruits,95,74,21,7.0,4.8,74.0,Yes,Rainy,3,Low Demand,Yes,Medium
INV000968,2025-02-12,Cloud Kitchen,Fruits,103,87,16,4.0,5.5,87.0,No,Rainy,3,Low Demand,No,Medium
INV000969,2025-02-13,Cafeteria,Dairy,64,64,0,3.0,6.0,77.0,No,Sunny,0,No Waste,No,Low
INV000970,2025-02-13,Supermarket,Dairy,251,157,94,4.0,4.0,157.0,No,Hot,15,Overproduction,Yes,Medium
INV000971,2025-02-13,Supermarket,Vegetables,270,152,118,4.0,8.1,152.0,No,Sunny,34,Overproduction,Yes,High
INV000972,2025-02-13,Supermarket,Fruits,142,142,0,3.0,6.0,161.0,No,Cloudy,0,No Waste,No,Low
INV000973,2025-02-13,Supermarket,Bakery,186,122,64,4.0,17.3,122.0,No,Cloudy,16,Overproduction,,Medium
INV000974,2025-02-13,Cafeteria,Dairy,67,65,2,7.0,6.4,65.0,No,Hot,0,No Waste,No,Low
INV000975,2025-02-13,Cloud Kitchen,Meat,94,68,26,3.0,1.6,68.0,No,Rainy,4,Low Demand,No,Medium
INV000976,2025-02-13,Supermarket,Bakery,198,126,72,4.0,23.6,126.0,No,Rainy,22,Overproduction,Yes,High
INV000977,2025-02-13,Cloud Kitchen,Prepared Food,123,117,6,2.0,23.8,117.0,No,Cloudy,2,Expired,No,Low
INV000978,2025-02-13,Restaurant,Meat,117,111,6,2.0,1.6,111.0,Yes,Hot,2,Expired,No,Low
INV000979,2025-02-13,Supermarket,Prepared Food,143,143,0,1.0,19.9,178.0,No,Hot,0,No Waste,No,Low
INV000980,2025-02-13,Restaurant,Vegetables,99,99,0,7.0,5.0,99.0,No,Hot,0,No Waste,No,Low
INV000981,2025-02-13,Supermarket,Vegetables,225,174,51,7.0,9.5,174.0,Yes,Cloudy,11,Storage Issue,No,Low
INV000982,2025-02-13,Cafeteria,Meat,70,48,22,4.0,1.5,48.0,No,Cloudy,4,Low Demand,No,Medium
INV000983,2025-02-13,Supermarket,Dairy,174,168,6,6.0,5.4,168.0,No,Sunny,0,No Waste,No,Low
INV000984,2025-02-13,Supermarket,Bakery,181,76,105,4.0,23.0,76.0,No,Rainy,25,Overproduction,Yes,High
INV000985,2025-02-13,Restaurant,Vegetables,88,60,28,5.0,7.0,60.0,No,Sunny,6,Low Demand,No,Medium
INV000986,2025-02-13,Supermarket,Fruits,192,169,23,2.0,7.3,169.0,No,Hot,6,Expired,No,Medium
INV000987,2025-02-13,Restaurant,Vegetables,76,76,0,5.0,1.7,79.0,No,Sunny,0,No Waste,No,Low
INV000988,2025-02-13,Supermarket,Vegetables,251,156,95,6.0,5.3,156.0,No,Cloudy,18,Overproduction,Yes,Medium
INV000989,2025-02-14,Supermarket,Prepared Food,210,149,61,1.0,18.6,149.0,No,Sunny,22,Expired,No,High
INV000990,2025-02-14,Supermarket,Vegetables,199,197,2,4.0,7.5,197.0,Yes,Sunny,0,No Waste,No,Low
INV000991,2025-02-14,Cafeteria,Vegetables,63,59,4,3.0,2.0,59.0,No,Cloudy,0,No Waste,No,Low
INV000992,2025-02-14,Supermarket,Bakery,181,105,76,3.0,24.3,105.0,No,Rainy,23,Overproduction,Yes,High
INV000993,2025-02-14,Cafeteria,Vegetables,54,54,0,6.0,4.0,72.0,No,Hot,0,No Waste,No,Low
INV000994,2025-02-14,Cafeteria,Prepared Food,64,64,0,2.0,23.0,84.0,No,,0,No Waste,No,Low
INV000995,2025-02-14,Cloud Kitchen,Bakery,102,74,28,4.0,16.4,74.0,No,Rainy,7,Overproduction,No,Medium
INV000996,2025-02-14,Restaurant,Vegetables,66,66,0,8.0,5.7,76.0,No,Cloudy,0,No Waste,No,Low
INV000997,2025-02-14,Restaurant,Meat,95,77,18,6.0,0.7,77.0,No,Sunny,3,Low Demand,No,Medium
INV000998,2025-02-14,Restaurant,Bakery,77,52,25,4.0,23.6,52.0,No,Rainy,7,Low Demand,No,High
INV000999,2025-02-14,Cafeteria,Vegetables,57,57,0,7.0,12.5,59.0,No,Cloudy,0,No Waste,No,Low
INV001000,2025-02-14,Restaurant,Bakery,82,82,0,2.0,23.3,94.0,No,Sunny,0,No Waste,No,Low
INV001001,2025-02-14,Restaurant,Meat,105,47,58,3.0,2.3,47.0,No,,17,Overproduction,No,Medium
INV001002,2025-02-14,Cafeteria,Fruits,62,59,3,4.0,3.6,59.0,No,Cloudy,1,Low Demand,No,Low
INV001003,2025-02-14,Supermarket,Vegetables,143,126,17,7.0,14.9,126.0,No,Rainy,4,Storage Issue,No,Medium
INV001004,2025-02-14,Restaurant,Vegetables,53,52,1,9.0,4.6,52.0,No,Rainy,0,No Waste,No,Low
INV001005,2025-02-14,Cafeteria,Bakery,83,32,51,3.0,17.6,32.0,No,Rainy,16,Overproduction,Yes,Low
INV001006,2025-02-14,Restaurant,Bakery,85,67,18,4.0,18.8,67.0,No,Cloudy,2,Low Demand,No,High
INV001007,2025-02-14,Restaurant,Meat,60,60,0,5.0,1.5,92.0,No,Hot,0,No Waste,No,Medium
INV001008,2025-02-14,Cafeteria,Vegetables,78,36,42,5.0,5.2,36.0,No,Rainy,12,Overproduction,Yes,High
INV001009,2025-02-14,Supermarket,Prepared Food,132,132,0,1.0,16.2,179.0,No,Hot,0,No Waste,No,Low
INV001010,2025-02-14,Restaurant,Dairy,102,67,35,6.0,2.2,67.0,No,Rainy,8,Overproduction,No,Medium
INV001011,2025-02-14,Supermarket,Fruits,167,167,0,1.0,3.3,171.0,No,Cloudy,0,No Waste,No,Low
INV001012,2025-02-14,Supermarket,Dairy,151,107,44,10.0,5.2,107.0,No,Rainy,8,Overproduction,No,Medium
INV001013,2025-02-14,Supermarket,Prepared Food,176,151,25,3.0,18.9,151.0,Yes,Rainy,5,Expired,No,Medium
INV001014,2025-02-15,Supermarket,Vegetables,202,183,19,5.0,6.6,183.0,Yes,Hot,2,Expired,No,Low
INV001015,2025-02-15,Cafeteria,Dairy,78,40,38,6.0,7.6,40.0,No,Rainy,11,Overproduction,Yes,High
INV001016,2025-02-15,Supermarket,Bakery,214,168,46,3.0,26.5,168.0,No,Hot,12,Storage Issue,Yes,Low
INV001017,2025-02-15,Cafeteria,Vegetables,74,74,0,6.0,4.0,74.0,No,Sunny,0,No Waste,No,Low
INV001018,2025-02-15,Cafeteria,Meat,65,56,9,3.0,1.1,56.0,No,Hot,2,Low Demand,No,Medium
INV001019,2025-02-15,Restaurant,Meat,88,48,40,8.0,2.1,48.0,No,Rainy,8,Overproduction,Yes,Medium
INV001020,2025-02-15,Supermarket,Vegetables,119,119,0,8.0,3.8,149.0,No,Sunny,0,No Waste,No,Low
INV001021,2025-02-15,Cloud Kitchen,Prepared Food,113,111,2,1.0,19.0,111.0,No,Sunny,1,Expired,No,Low
INV001022,2025-02-15,Cloud Kitchen,Vegetables,118,101,17,4.0,8.1,101.0,No,Sunny,4,Expired,No,Medium
INV001023,2025-02-15,Restaurant,Vegetables,90,71,19,3.0,4.9,71.0,No,Cloudy,4,Expired,No,Medium
INV001024,2025-02-15,Cafeteria,Prepared Food,42,42,0,1.0,21.4,61.0,No,Hot,0,No Waste,,Low
INV001025,2025-02-15,Supermarket,Vegetables,146,141,5,8.0,7.4,141.0,No,Cloudy,1,Low Demand,No,Low
INV001026,2025-02-15,Cafeteria,Vegetables,59,59,0,7.0,5.0,67.0,No,Cloudy,0,No Waste,No,High
INV001027,2025-02-15,Supermarket,Bakery,177,172,5,3.0,21.3,172.0,No,Sunny,1,Expired,No,Low
INV001028,2025-02-15,Supermarket,Vegetables,197,141,56,3.0,5.5,141.0,No,Cloudy,11,Expired,No,Medium
INV001029,2025-02-15,Supermarket,Fruits,208,186,22,,5.1,186.0,Yes,Cloudy,4,Low Demand,No,Low
INV001030,2025-02-15,Restaurant,Vegetables,85,81,4,7.0,8.6,81.0,No,Cloudy,1,Low Demand,No,Low
INV001031,2025-02-15,Cloud Kitchen,Vegetables,119,114,5,4.0,3.6,114.0,No,Hot,0,No Waste,No,Low
INV001032,2025-02-15,Supermarket,Meat,204,113,91,4.0,0.2,113.0,No,Rainy,18,Overproduction,No,High
INV001033,2025-02-15,Cafeteria,Prepared Food,76,42,34,2.0,17.4,42.0,No,Rainy,12,Overproduction,No,High
INV001034,2025-02-15,Supermarket,Vegetables,229,121,108,5.0,2.0,121.0,No,Sunny,22,Overproduction,Yes,High
INV001035,2025-02-15,Cafeteria,Fruits,63,51,12,7.0,9.2,51.0,No,Hot,2,Low Demand,Yes,Medium
INV001036,2025-02-15,Supermarket,Meat,131,131,0,4.0,1.0,135.0,No,,0,No Waste,No,Low
INV001037,2025-02-15,Supermarket,Vegetables,135,135,0,5.0,6.8,146.0,No,Sunny,0,No Waste,No,Low
INV001038,2025-02-16,Supermarket,Fruits,206,180,26,7.0,7.9,180.0,No,Sunny,3,Expired,No,Medium
INV001039,2025-02-16,Cloud Kitchen,Vegetables,91,91,0,7.0,3.9,94.0,No,Sunny,0,No Waste,No,Low
INV001040,2025-02-16,Cafeteria,Meat,63,48,15,3.0,-1.7,48.0,No,Cloudy,3,Low Demand,Yes,Medium
INV001041,2025-02-16,Restaurant,Prepared Food,77,64,13,1.0,19.9,64.0,No,Sunny,4,Expired,No,Medium
INV001042,2025-02-16,Restaurant,Vegetables,77,69,8,9.0,5.2,69.0,No,Cloudy,0,No Waste,No,Low
INV001043,2025-02-16,Restaurant,Fruits,92,52,40,7.0,7.0,52.0,No,Rainy,7,Overproduction,Yes,Medium
INV001044,2025-02-16,Restaurant,Fruits,104,104,0,9.0,10.6,122.0,Yes,Sunny,0,No Waste,No,Low
INV001045,2025-02-16,Cafeteria,Dairy,78,37,41,5.0,0.1,37.0,No,Rainy,10,Overproduction,No,High
INV001046,2025-02-16,Restaurant,Bakery,99,81,18,3.0,15.8,81.0,Yes,Rainy,2,Expired,No,Low
INV001047,2025-02-16,Supermarket,Fruits,212,208,4,6.0,5.8,208.0,No,Sunny,0,No Waste,No,Low
INV001048,2025-02-16,Restaurant,Dairy,85,85,0,7.0,6.1,89.0,Yes,Rainy,0,No Waste,No,Low
INV001049,2025-02-16,Restaurant,Bakery,107,84,23,4.0,9.3,84.0,No,Hot,4,Low Demand,No,Medium
INV001050,2025-02-16,Restaurant,Dairy,72,63,9,8.0,3.6,63.0,No,Cloudy,0,No Waste,No,Low
INV001051,2025-02-16,Supermarket,Bakery,154,107,47,3.0,26.5,107.0,No,Rainy,14,Overproduction,No,High
INV001052,2025-02-16,Supermarket,Prepared Food,126,126,0,2.0,18.2,156.0,No,Cloudy,0,No Waste,No,Low
INV001053,2025-02-16,Cloud Kitchen,Fruits,118,83,35,5.0,12.3,83.0,No,Sunny,8,Storage Issue,,Medium
INV001054,2025-02-16,Cafeteria,Vegetables,51,51,0,7.0,7.7,63.0,No,Sunny,0,No Waste,No,Low
INV001055,2025-02-16,Cafeteria,Vegetables,65,65,0,5.0,11.7,67.0,No,Sunny,0,No Waste,No,Low
INV001056,2025-02-16,Supermarket,Meat,183,164,19,5.0,-0.9,164.0,No,Hot,3,Expired,No,Low
INV001057,2025-02-16,Restaurant,Dairy,81,71,10,7.0,2.6,71.0,No,Cloudy,1,Low Demand,No,Low
INV001058,2025-02-16,Supermarket,Bakery,177,134,43,4.0,20.3,134.0,No,Cloudy,9,Overproduction,No,Medium
INV001059,2025-02-16,Restaurant,Vegetables,89,54,35,8.0,8.5,54.0,No,Cloudy,6,Overproduction,Yes,Medium
INV001060,2025-02-16,Cloud Kitchen,Vegetables,141,63,78,4.0,6.4,63.0,No,Cloudy,18,Overproduction,Yes,High
INV001061,2025-02-16,Restaurant,Meat,82,59,23,6.0,1.9,59.0,No,Rainy,3,Low Demand,No,Medium
INV001062,2025-02-16,Supermarket,Prepared Food,138,138,0,2.0,21.8,190.0,No,Hot,0,No Waste,No,Low
INV001063,2025-02-16,Supermarket,Fruits,221,221,0,6.0,6.0,225.0,Yes,Hot,0,No Waste,No,Low
INV001064,2025-02-16,Restaurant,Fruits,91,46,45,,6.7,46.0,No,Rainy,13,Overproduction,Yes,High
INV001065,2025-02-16,Cloud Kitchen,Fruits,97,72,25,5.0,4.4,72.0,No,Rainy,5,Low Demand,No,Medium
INV001066,2025-02-17,Restaurant,Bakery,92,49,43,2.0,30.8,49.0,No,Rainy,19,Storage Issue,Yes,High
INV001067,2025-02-17,Restaurant,Bakery,113,81,32,3.0,19.0,81.0,No,Sunny,8,Overproduction,No,Medium
INV001068,2025-02-17,Cloud Kitchen,Fruits,126,104,22,4.0,6.7,104.0,No,Hot,3,Overproduction,No,Medium
INV001069,2025-02-17,Restaurant,Dairy,85,85,0,13.0,1.6,89.0,No,Sunny,0,No Waste,No,Low
INV001070,2025-02-17,Supermarket,Prepared Food,202,156,46,,9.2,156.0,Yes,Rainy,14,Expired,No,Medium
INV001071,2025-02-17,Cloud Kitchen,Meat,136,76,60,6.0,3.9,76.0,No,Sunny,14,Overproduction,No,High
INV001072,2025-02-17,Supermarket,Fruits,185,121,64,7.0,12.9,121.0,No,Cloudy,11,Overproduction,,Medium
INV001073,2025-02-17,Restaurant,Vegetables,74,74,0,1.0,7.3,89.0,No,Hot,0,No Waste,No,Low
INV001074,2025-02-17,Cafeteria,Prepared Food,62,55,7,1.0,20.3,55.0,No,Cloudy,2,Expired,No,Medium
INV001075,2025-02-17,Cafeteria,Prepared Food,67,63,4,2.0,,,No,Sunny,1,Expired,No,Low
INV001076,2025-02-17,Restaurant,Meat,123,92,31,4.0,-0.1,92.0,No,Hot,6,Low Demand,No,Medium
INV001077,2025-02-17,Cloud Kitchen,Vegetables,105,105,0,6.0,4.6,109.0,No,Sunny,0,No Waste,No,Low
INV001078,2025-02-17,Restaurant,Bakery,104,90,14,3.0,19.8,90.0,Yes,Sunny,3,Low Demand,No,Medium
INV001079,2025-02-17,Restaurant,Prepared Food,101,56,45,1.0,15.5,56.0,No,,16,Overproduction,No,High
INV001080,2025-02-17,Cafeteria,Prepared Food,66,66,0,1.0,,85.0,Yes,Cloudy,0,No Waste,No,Low
INV001081,2025-02-17,Cafeteria,Fruits,63,57,6,6.0,6.3,57.0,No,,0,No Waste,No,Low
INV001082,2025-02-17,Cloud Kitchen,Dairy,101,68,33,9.0,3.1,68.0,No,Cloudy,5,Low Demand,No,Medium
INV001083,2025-02-17,Restaurant,Meat,88,88,0,7.0,4.5,131.0,Yes,Sunny,0,No Waste,No,Low
INV001084,2025-02-17,Supermarket,Bakery,159,159,0,3.0,33.8,162.0,No,Sunny,0,No Waste,No,Low
INV001085,2025-02-17,Restaurant,Fruits,76,76,0,4.0,,106.0,No,Sunny,0,No Waste,No,Low
INV001086,2025-02-17,Supermarket,Vegetables,156,140,16,9.0,10.4,140.0,No,Cloudy,2,Storage Issue,No,Low
INV001087,2025-02-17,Cafeteria,Prepared Food,53,53,0,2.0,24.1,68.0,No,Sunny,0,No Waste,No,Low
INV001088,2025-02-17,Restaurant,Fruits,80,48,32,2.0,-2.1,,No,Rainy,11,Overproduction,No,High
INV001089,2025-02-17,Supermarket,Vegetables,162,144,18,5.0,6.7,144.0,No,Hot,2,Expired,No,Low
INV001090,2025-02-17,Restaurant,Prepared Food,106,104,2,2.0,12.3,104.0,Yes,Cloudy,0,No Waste,No,Low
INV001091,2025-02-17,Cloud Kitchen,Dairy,122,71,51,5.0,3.2,71.0,No,Rainy,7,Overproduction,No,Medium
INV001092,2025-02-17,Cloud Kitchen,Bakery,120,120,0,2.0,32.5,128.0,No,Sunny,0,No Waste,No,Low
INV001093,2025-02-17,Restaurant,Bakery,124,112,12,2.0,,112.0,Yes,Hot,4,Storage Issue,No,Medium
INV001094,2025-02-17,Restaurant,Meat,99,99,0,3.0,2.5,105.0,Yes,Hot,0,No Waste,No,Low
INV001095,2025-02-17,Cafeteria,Fruits,75,66,9,6.0,10.8,66.0,No,Hot,1,Low Demand,No,Low
INV001096,2025-02-17,Cloud Kitchen,Bakery,149,148,1,1.0,28.7,148.0,Yes,Sunny,0,No Waste,No,Low
INV001097,2025-02-17,Restaurant,Bakery,111,89,22,5.0,25.1,89.0,No,Sunny,4,Storage Issue,Yes,Medium
INV001098,2025-02-17,Cafeteria,Dairy,57,57,0,5.0,2.0,69.0,No,Cloudy,0,No Waste,No,Low
INV001099,2025-02-17,Cafeteria,Prepared Food,79,79,0,3.0,23.5,119.0,Yes,Hot,0,No Waste,No,Low
INV001100,2025-02-17,Cafeteria,Dairy,71,63,8,11.0,5.3,63.0,No,Hot,1,Low Demand,,Low
INV001101,2025-02-17,Restaurant,Meat,110,106,4,5.0,1.8,106.0,Yes,Hot,0,No Waste,No,Low
INV001102,2025-02-17,Cafeteria,Dairy,67,67,0,9.0,5.8,101.0,No,Hot,0,No Waste,No,Low
INV001103,2025-02-17,Cloud Kitchen,Prepared Food,89,82,7,1.0,18.7,82.0,No,Rainy,2,Expired,No,Medium
INV001104,2025-02-18,Supermarket,Meat,139,98,41,2.0,-1.4,98.0,No,Rainy,12,Expired,No,Medium
INV001105,2025-02-18,Restaurant,Fruits,83,83,0,8.0,8.9,101.0,No,Hot,0,No Waste,No,Low
INV001106,2025-02-18,Restaurant,Bakery,124,110,14,6.0,24.7,110.0,Yes,Cloudy,2,Low Demand,No,Low
INV001107,2025-02-18,Cloud Kitchen,Dairy,89,89,0,8.0,2.1,94.0,No,Rainy,0,No Waste,No,Low
INV001108,2025-02-18,Cafeteria,Dairy,80,61,19,4.0,3.7,61.0,No,Sunny,2,Low Demand,Yes,Medium
INV001109,2025-02-18,Supermarket,Dairy,210,210,0,7.0,2.2,263.0,Yes,Sunny,0,No Waste,No,Low
INV001110,2025-02-18,Cafeteria,Dairy,45,45,0,2.0,7.3,78.0,Yes,Sunny,0,No Waste,No,Low
INV001111,2025-02-18,Supermarket,Bakery,106,106,0,4.0,19.0,151.0,No,Sunny,0,No Waste,No,Low
INV001112,2025-02-18,Restaurant,Prepared Food,84,83,1,3.0,22.2,83.0,No,Rainy,0,No Waste,No,Low
INV001113,2025-02-18,Restaurant,Prepared Food,97,97,0,1.0,18.8,125.0,Yes,Sunny,0,No Waste,No,Low
INV001114,2025-02-18,Supermarket,Fruits,126,126,0,3.0,8.4,138.0,No,,0,No Waste,No,Low
INV001115,2025-02-18,Restaurant,Prepared Food,75,71,4,1.0,14.7,71.0,No,Cloudy,1,Expired,No,Low
INV001116,2025-02-18,Supermarket,Bakery,150,150,0,1.0,18.6,162.0,No,Cloudy,0,No Waste,No,Low
INV001117,2025-02-18,Cafeteria,Bakery,57,57,0,2.0,18.0,62.0,No,Sunny,0,No Waste,No,Low
INV001118,2025-02-18,Cafeteria,Vegetables,78,78,0,5.0,5.4,78.0,Yes,Cloudy,0,No Waste,No,Low
INV001119,2025-02-18,Cafeteria,Dairy,43,42,1,11.0,3.3,42.0,No,Rainy,0,No Waste,No,Low
INV001120,2025-02-18,Cafeteria,Fruits,71,54,17,7.0,5.2,54.0,No,Cloudy,2,Low Demand,No,Medium
INV001121,2025-02-18,Restaurant,Vegetables,54,54,0,4.0,8.9,101.0,No,Sunny,0,No Waste,No,Low
INV001122,2025-02-19,Supermarket,Vegetables,231,126,105,6.0,3.6,126.0,No,Rainy,11,Overproduction,No,High
INV001123,2025-02-19,Supermarket,Prepared Food,171,129,42,2.0,12.2,129.0,No,Cloudy,12,Expired,No,Medium
INV001124,2025-02-19,Cafeteria,Vegetables,67,48,19,5.0,8.7,48.0,No,Rainy,3,Low Demand,Yes,Medium
INV001125,2025-02-19,Cloud Kitchen,Prepared Food,107,107,0,1.0,20.9,108.0,No,Cloudy,0,No Waste,,Low
INV001126,2025-02-19,Supermarket,Vegetables,248,237,11,4.0,3.4,237.0,Yes,Hot,2,Expired,No,Low
INV001127,2025-02-19,Supermarket,Fruits,190,148,42,5.0,4.9,148.0,No,Cloudy,9,Overproduction,No,Medium
INV001128,2025-02-19,Supermarket,Fruits,129,129,0,7.0,,149.0,Yes,Rainy,0,No Waste,No,Low
INV001129,2025-02-19,Restaurant,Prepared Food,86,71,15,2.0,21.3,71.0,No,Rainy,3,Low Demand,Yes,Medium
INV001130,2025-02-19,Cloud Kitchen,Fruits,110,106,4,5.0,9.3,106.0,No,Hot,1,Low Demand,No,Low
INV001131,2025-02-19,Supermarket,Prepared Food,187,176,11,3.0,28.4,176.0,Yes,Sunny,3,Storage Issue,No,Low
INV001132,2025-02-19,Restaurant,Bakery,72,58,14,4.0,22.1,58.0,No,Rainy,2,Low Demand,No,Medium
INV001133,2025-02-19,Cafeteria,Fruits,57,57,0,6.0,11.1,66.0,No,Hot,0,No Waste,No,Low
INV001134,2025-02-19,Cafeteria,Dairy,53,53,0,12.0,1.0,66.0,No,Sunny,0,No Waste,No,Low
INV001135,2025-02-19,Restaurant,Meat,72,62,10,6.0,5.5,62.0,No,Cloudy,1,Low Demand,No,Low
INV001136,2025-02-19,Cafeteria,Meat,87,87,0,1.0,1.9,89.0,Yes,,0,No Waste,No,Low
INV001137,2025-02-19,Restaurant,Meat,93,93,0,6.0,3.3,118.0,No,Sunny,0,No Waste,No,Low
INV001138,2025-02-19,Supermarket,Bakery,175,101,74,3.0,15.1,101.0,No,Cloudy,22,Overproduction,No,High
INV001139,2025-02-19,Supermarket,Vegetables,143,143,0,7.0,4.1,150.0,No,Cloudy,0,No Waste,No,Low
INV001140,2025-02-19,Restaurant,Fruits,76,76,0,1.0,10.4,79.0,No,Hot,0,No Waste,No,Low
INV001141,2025-02-19,Cloud Kitchen,Bakery,122,58,64,3.0,13.9,58.0,No,Rainy,17,Overproduction,Yes,High
INV001142,2025-02-20,Restaurant,Meat,90,79,11,3.0,2.1,79.0,No,Sunny,1,Low Demand,No,Low
INV001143,2025-02-20,Supermarket,Dairy,149,149,0,1.0,5.1,164.0,No,Sunny,0,No Waste,No,Low
INV001144,2025-02-20,Cloud Kitchen,Prepared Food,92,84,8,2.0,26.8,84.0,No,Rainy,3,Storage Issue,No,Medium
INV001145,2025-02-20,Cloud Kitchen,Meat,135,87,48,5.0,1.4,87.0,Yes,Rainy,8,Overproduction,No,Medium
INV001146,2025-02-20,Cafeteria,Prepared Food,45,39,6,1.0,21.9,39.0,No,Rainy,2,Expired,No,Medium
INV001147,2025-02-20,Restaurant,Bakery,77,56,21,3.0,15.4,56.0,No,Cloudy,6,Low Demand,No,Medium
INV001148,2025-02-20,Restaurant,Prepared Food,112,94,18,1.0,21.1,94.0,Yes,Cloudy,5,Expired,No,Medium
INV001149,2025-02-20,Cafeteria,Fruits,69,69,0,3.0,6.2,96.0,Yes,Hot,0,No Waste,No,Low
INV001150,2025-02-20,Supermarket,Meat,169,169,0,3.0,0.9,173.0,No,Sunny,0,No Waste,No,Low
INV001151,2025-02-20,Restaurant,Vegetables,110,88,22,4.0,6.6,88.0,No,Sunny,4,Low Demand,No,Medium
INV001152,2025-02-20,Cloud Kitchen,Fruits,101,101,0,9.0,5.1,113.0,No,Cloudy,0,No Waste,No,Low
INV001153,2025-02-20,Supermarket,Dairy,145,110,35,10.0,3.8,110.0,No,Rainy,3,Low Demand,Yes,Medium
INV001154,2025-02-20,Supermarket,Vegetables,151,91,60,3.0,6.4,91.0,No,Rainy,17,Overproduction,Yes,High
INV001155,2025-02-20,Restaurant,Fruits,96,88,8,7.0,7.5,88.0,No,Hot,1,Low Demand,No,Low
INV001156,2025-02-20,Supermarket,Prepared Food,121,99,22,1.0,20.9,99.0,No,Rainy,8,Expired,No,Medium
INV001157,2025-02-20,Supermarket,Prepared Food,238,166,72,1.0,19.0,166.0,No,Sunny,28,Expired,No,High
INV001158,2025-02-20,Restaurant,Fruits,109,99,10,,7.2,99.0,Yes,Cloudy,1,Low Demand,No,Low
INV001159,2025-02-20,Restaurant,Bakery,118,118,0,2.0,25.9,125.0,Yes,Sunny,0,No Waste,No,Low
INV001160,2025-02-20,Cloud Kitchen,Meat,122,122,0,3.0,0.3,124.0,No,Sunny,0,No Waste,No,Low
INV001161,2025-02-20,Restaurant,Prepared Food,69,69,0,1.0,16.0,92.0,No,Sunny,0,No Waste,No,Low
INV001162,2025-02-20,Cloud Kitchen,Fruits,122,122,0,7.0,6.6,133.0,Yes,Sunny,0,No Waste,No,Low
INV001163,2025-02-21,Supermarket,Prepared Food,189,169,20,1.0,14.2,169.0,No,Hot,7,Expired,No,Medium
INV001164,2025-02-21,Cafeteria,Meat,58,42,16,4.0,0.4,42.0,No,Rainy,3,Low Demand,No,Medium
INV001165,2025-02-21,Supermarket,Bakery,223,165,58,4.0,16.5,165.0,Yes,Sunny,11,Overproduction,Yes,Medium
INV001166,2025-02-21,Cloud Kitchen,Vegetables,139,132,7,8.0,2.3,132.0,No,Sunny,1,Expired,No,Low
INV001167,2025-02-21,Cafeteria,Bakery,71,52,19,5.0,16.3,52.0,No,Cloudy,3,Low Demand,No,Medium
INV001168,2025-02-21,Cloud Kitchen,Vegetables,65,65,0,,2.0,103.0,No,Hot,0,No Waste,No,Low
INV001169,2025-02-21,Supermarket,Dairy,203,145,58,4.0,-1.3,145.0,No,Sunny,13,Overproduction,Yes,Medium
INV001170,2025-02-21,Restaurant,Dairy,110,110,0,7.0,1.8,116.0,Yes,Sunny,0,No Waste,No,Low
INV001171,2025-02-21,Restaurant,Fruits,84,45,39,5.0,5.8,45.0,No,Rainy,6,Overproduction,No,Medium
INV001172,2025-02-21,Restaurant,Meat,77,77,0,,-0.0,97.0,Yes,Rainy,0,No Waste,No,Low
INV001173,2025-02-21,Restaurant,Dairy,72,72,0,5.0,14.0,77.0,No,Cloudy,0,No Waste,No,Low
INV001174,2025-02-21,Cloud Kitchen,Bakery,126,126,0,5.0,21.3,144.0,Yes,Sunny,0,No Waste,,Low
INV001175,2025-02-21,Cafeteria,Prepared Food,51,44,7,2.0,20.5,44.0,No,Rainy,2,Low Demand,No,Medium
INV001176,2025-02-21,Cloud Kitchen,Prepared Food,78,78,0,1.0,13.1,81.0,No,Rainy,0,No Waste,No,Low
INV001177,2025-02-21,Supermarket,Bakery,193,182,11,4.0,27.4,182.0,No,Cloudy,2,Storage Issue,,Low
INV001178,2025-02-21,Supermarket,Dairy,169,169,0,9.0,7.9,244.0,Yes,Hot,0,No Waste,No,Low
INV001179,2025-02-21,Cafeteria,Vegetables,67,45,22,6.0,1.5,45.0,No,Rainy,5,Overproduction,No,Medium
INV001180,2025-02-21,Cloud Kitchen,Prepared Food,116,113,3,2.0,16.8,113.0,No,Sunny,0,No Waste,No,High
INV001181,2025-02-21,Cafeteria,Meat,50,50,0,5.0,1.4,57.0,No,Cloudy,0,No Waste,No,Low
INV001182,2025-02-21,Restaurant,Meat,99,95,4,4.0,-0.0,,Yes,Rainy,1,Expired,No,Low
INV001183,2025-02-21,Cafeteria,Dairy,76,76,0,5.0,6.1,97.0,No,Sunny,0,No Waste,No,Low
INV001184,2025-02-21,Cafeteria,Meat,75,75,0,4.0,0.1,85.0,Yes,Cloudy,0,No Waste,No,Low
INV001185,2025-02-21,Cafeteria,Bakery,66,57,9,4.0,26.8,57.0,No,Cloudy,2,Low Demand,No,Medium
INV001186,2025-02-22,Cafeteria,Vegetables,63,63,0,5.0,7.8,63.0,No,Sunny,0,No Waste,No,Low
INV001187,2025-02-22,Restaurant,Prepared Food,75,61,14,,15.3,61.0,No,Rainy,4,Expired,No,Medium
INV001188,2025-02-22,Supermarket,Vegetables,229,214,15,4.0,7.2,214.0,Yes,Cloudy,2,Expired,No,Low
INV001189,2025-02-22,Cloud Kitchen,Prepared Food,118,83,35,1.0,28.7,83.0,No,Hot,16,Storage Issue,Yes,High
INV001190,2025-02-22,Supermarket,Meat,187,124,63,4.0,1.1,124.0,No,Rainy,16,Overproduction,Yes,Medium
INV001191,2025-02-22,Restaurant,Fruits,77,77,0,7.0,8.0,101.0,No,Hot,0,No Waste,No,Low
INV001192,2025-02-22,Supermarket,Prepared Food,148,137,11,1.0,21.3,137.0,No,Cloudy,4,Expired,No,Medium
INV001193,2025-02-22,Cafeteria,Meat,72,72,0,1.0,2.5,97.0,Yes,Sunny,0,No Waste,No,Low
INV001194,2025-02-22,Supermarket,Fruits,177,140,37,9.0,6.6,140.0,No,Cloudy,4,Overproduction,No,Medium
INV001195,2025-02-22,Supermarket,Dairy,144,128,16,8.0,2.9,128.0,No,Rainy,1,Low Demand,Yes,Low
INV001196,2025-02-22,Restaurant,Prepared Food,95,95,0,2.0,21.3,114.0,Yes,Hot,0,No Waste,No,Low
INV001197,2025-02-22,Supermarket,Prepared Food,146,146,0,2.0,15.5,174.0,No,Sunny,0,No Waste,No,Low
INV001198,2025-02-22,Cloud Kitchen,Meat,105,105,0,3.0,0.6,118.0,No,Cloudy,0,No Waste,No,Low
INV001199,2025-02-22,Supermarket,Meat,174,174,0,,2.0,208.0,Yes,Sunny,0,No Waste,No,Low
INV001200,2025-02-22,Restaurant,Bakery,133,79,54,1.0,19.8,79.0,No,Sunny,19,Expired,No,High
INV001201,2025-02-22,Supermarket,Vegetables,173,173,0,5.0,5.1,225.0,Yes,Hot,0,No Waste,No,Low
INV001202,2025-02-22,Cloud Kitchen,Meat,137,96,41,9.0,1.8,96.0,No,Cloudy,4,Overproduction,,Medium
INV001203,2025-02-22,Cafeteria,Vegetables,53,53,0,6.0,7.9,66.0,No,Cloudy,0,No Waste,No,Low
INV001204,2025-02-22,Cafeteria,Prepared Food,63,63,0,2.0,23.8,82.0,No,Sunny,0,No Waste,No,Low
INV001205,2025-02-23,Cloud Kitchen,Vegetables,106,106,0,4.0,12.0,127.0,No,Sunny,0,No Waste,No,Low
INV001206,2025-02-23,Restaurant,Dairy,119,71,48,9.0,5.9,71.0,No,Cloudy,9,Overproduction,Yes,Medium
INV001207,2025-02-23,Cafeteria,Meat,91,64,27,3.0,0.1,64.0,No,Hot,6,Overproduction,Yes,Medium
INV001208,2025-02-23,Supermarket,Meat,181,181,0,6.0,-1.0,203.0,Yes,Sunny,0,No Waste,No,High
INV001209,2025-02-23,Restaurant,Fruits,70,70,0,7.0,9.9,114.0,Yes,Sunny,0,No Waste,No,Low
INV001210,2025-02-23,Restaurant,Dairy,68,53,15,8.0,6.6,53.0,No,Rainy,1,Low Demand,No,Low
INV001211,2025-02-23,Cafeteria,Prepared Food,69,64,5,1.0,22.7,64.0,No,Sunny,2,Expired,No,Medium
INV001212,2025-02-23,Cafeteria,Meat,76,38,38,7.0,-1.8,38.0,No,Rainy,8,Overproduction,Yes,High
INV001213,2025-02-23,Supermarket,Meat,189,159,30,4.0,-0.2,159.0,No,,6,Expired,No,Medium
INV001214,2025-02-23,Cafeteria,Dairy,58,48,10,6.0,2.9,48.0,No,Cloudy,2,Low Demand,No,Medium
INV001215,2025-02-23,Cloud Kitchen,Meat,107,107,0,2.0,2.0,129.0,Yes,Cloudy,0,No Waste,No,Low
INV001216,2025-02-23,Cloud Kitchen,Prepared Food,111,105,6,2.0,21.2,105.0,No,Sunny,1,Expired,No,Medium
INV001217,2025-02-23,Supermarket,Vegetables,156,156,0,5.0,11.2,163.0,No,Sunny,0,No Waste,No,Low
INV001218,2025-02-23,Cafeteria,Vegetables,70,44,26,6.0,8.4,44.0,No,,6,Low Demand,No,Medium
INV001219,2025-02-23,Supermarket,Vegetables,133,133,0,,7.8,159.0,No,Sunny,0,No Waste,No,Low
INV001220,2025-02-23,Supermarket,Prepared Food,117,117,0,2.0,23.0,192.0,No,Sunny,0,No Waste,No,Low
INV001221,2025-02-23,Supermarket,Bakery,259,137,122,3.0,22.5,137.0,No,Cloudy,36,Overproduction,Yes,High
INV001222,2025-02-23,Restaurant,Prepared Food,78,78,0,2.0,20.7,87.0,No,Sunny,0,No Waste,No,Low
INV001223,2025-02-23,Supermarket,Fruits,157,143,14,8.0,6.7,143.0,No,Cloudy,1,Low Demand,No,Low
INV001224,2025-02-23,Cloud Kitchen,Prepared Food,96,96,0,1.0,21.0,123.0,No,Sunny,0,No Waste,No,Medium
INV001225,2025-02-23,Restaurant,Fruits,80,80,0,7.0,14.2,90.0,Yes,Sunny,0,No Waste,No,Low
INV001226,2025-02-23,Supermarket,Prepared Food,188,91,97,1.0,,91.0,No,Rainy,43,Overproduction,Yes,High
INV001227,2025-02-23,Restaurant,Vegetables,82,44,38,4.0,7.1,44.0,No,Rainy,10,Overproduction,Yes,High
INV001228,2025-02-23,Restaurant,Prepared Food,85,85,0,1.0,20.1,95.0,No,Hot,0,No Waste,No,High
INV001229,2025-02-23,Cafeteria,Vegetables,70,41,29,4.0,3.8,41.0,No,Rainy,6,Low Demand,No,Medium
INV001230,2025-02-23,Restaurant,Fruits,84,51,33,9.0,6.6,51.0,No,Rainy,8,Overproduction,No,High
INV001231,2025-02-23,Cafeteria,Bakery,65,65,0,6.0,23.0,65.0,No,Sunny,0,No Waste,No,Low
INV001232,2025-02-23,Restaurant,Bakery,98,96,2,5.0,23.6,96.0,No,Cloudy,0,No Waste,No,Low
INV001233,2025-02-23,Cafeteria,Prepared Food,60,60,0,1.0,20.7,60.0,No,Sunny,0,No Waste,No,Low
INV001234,2025-02-23,Cloud Kitchen,Bakery,101,101,0,2.0,16.0,125.0,No,Cloudy,0,No Waste,No,Low
INV001235,2025-02-23,Restaurant,Vegetables,84,84,0,7.0,3.9,118.0,Yes,Sunny,0,No Waste,No,Low
INV001236,2025-02-24,Restaurant,Fruits,83,77,6,4.0,6.1,77.0,No,Sunny,1,Low Demand,No,Low
INV001237,2025-02-24,Supermarket,Vegetables,217,139,78,6.0,6.3,139.0,No,Cloudy,17,Overproduction,Yes,Medium
INV001238,2025-02-24,Restaurant,Vegetables,87,79,8,5.0,2.9,79.0,No,Sunny,1,Low Demand,No,Low
INV001239,2025-02-24,Restaurant,Bakery,98,59,39,5.0,21.2,59.0,No,Rainy,8,Overproduction,No,Medium
INV001240,2025-02-24,Cloud Kitchen,Bakery,111,72,39,3.0,21.9,,No,Rainy,10,Overproduction,No,High
INV001241,2025-02-24,Restaurant,Fruits,74,74,0,3.0,10.5,99.0,Yes,Sunny,0,No Waste,No,Low
INV001242,2025-02-24,Cloud Kitchen,Dairy,127,81,46,2.0,7.6,81.0,Yes,Rainy,16,Overproduction,Yes,High
INV001243,2025-02-24,Cloud Kitchen,Dairy,123,92,31,5.0,5.1,92.0,No,Cloudy,7,Overproduction,No,Medium
INV001244,2025-02-24,Restaurant,Vegetables,60,60,0,7.0,8.4,77.0,No,Cloudy,0,No Waste,No,Low
INV001245,2025-02-24,Restaurant,Dairy,90,84,6,8.0,6.7,84.0,No,Hot,1,Low Demand,No,Low
INV001246,2025-02-24,Restaurant,Fruits,100,57,43,7.0,8.1,57.0,No,Rainy,7,Overproduction,No,Medium
INV001247,2025-02-24,Cafeteria,Dairy,61,61,0,8.0,4.4,64.0,No,Cloudy,0,No Waste,No,Low
INV001248,2025-02-24,Cloud Kitchen,Vegetables,106,106,0,3.0,0.1,109.0,No,Sunny,0,No Waste,No,Low
INV001249,2025-02-24,Supermarket,Vegetables,143,122,21,9.0,7.9,122.0,No,Sunny,3,Storage Issue,No,High
INV001250,2025-02-24,Restaurant,Bakery,106,106,0,3.0,25.6,144.0,Yes,Sunny,0,No Waste,No,Low
INV001251,2025-02-24,Restaurant,Fruits,342,123,219,2.0,5.9,123.0,Yes,Hot,100,Overproduction,Yes,High
INV001252,2025-02-24,Cloud Kitchen,Vegetables,84,84,0,1.0,3.3,102.0,No,Sunny,0,No Waste,No,Low
INV001253,2025-02-24,Cafeteria,Fruits,61,43,18,5.0,,43.0,No,Rainy,5,Low Demand,No,High
INV001254,2025-02-24,Cafeteria,Prepared Food,81,57,24,2.0,16.3,57.0,No,Cloudy,5,Expired,No,Medium
INV001255,2025-02-24,Cloud Kitchen,Meat,87,87,0,4.0,-0.6,113.0,No,Hot,0,No Waste,No,Low
INV001256,2025-02-24,Restaurant,Fruits,138,131,7,4.0,12.5,131.0,Yes,Hot,1,Storage Issue,No,Low
INV001257,2025-02-24,Restaurant,Dairy,166,96,70,1.0,,96.0,No,Cloudy,28,Overproduction,No,High
INV001258,2025-02-24,Cloud Kitchen,Bakery,100,82,18,3.0,25.1,82.0,No,Cloudy,5,Expired,No,Medium
INV001259,2025-02-25,Supermarket,Prepared Food,150,150,0,2.0,21.9,176.0,No,Cloudy,0,No Waste,No,Low
INV001260,2025-02-25,Cloud Kitchen,Prepared Food,114,113,1,2.0,15.0,113.0,No,Sunny,0,No Waste,No,Low
INV001261,2025-02-25,Cafeteria,Dairy,78,49,29,7.0,3.1,49.0,Yes,Rainy,6,Overproduction,No,Medium
INV001262,2025-02-25,Cafeteria,Prepared Food,56,56,0,1.0,19.1,58.0,No,Cloudy,0,No Waste,No,Low
INV001263,2025-02-25,Cafeteria,Fruits,88,66,22,6.0,7.0,66.0,No,Hot,4,Overproduction,No,Medium
INV001264,2025-02-25,Restaurant,Meat,87,87,0,8.0,-0.0,104.0,No,Sunny,0,No Waste,No,Low
INV001265,2025-02-25,Supermarket,Fruits,178,178,0,4.0,14.3,218.0,Yes,Sunny,0,No Waste,No,Low
INV001266,2025-02-25,Restaurant,Bakery,92,81,11,,19.9,81.0,No,Sunny,2,Low Demand,,Medium
INV001267,2025-02-25,Cafeteria,Fruits,73,31,42,3.0,9.6,31.0,No,Rainy,14,Overproduction,,High
INV001268,2025-02-25,Supermarket,Prepared Food,179,98,81,1.0,18.9,98.0,No,Rainy,26,Overproduction,Yes,High
INV001269,2025-02-25,Cloud Kitchen,Vegetables,103,86,17,8.0,7.8,86.0,No,Cloudy,3,Low Demand,No,Medium
INV001270,2025-02-25,Restaurant,Fruits,113,113,0,4.0,12.0,143.0,Yes,Cloudy,0,No Waste,No,Low
INV001271,2025-02-25,Restaurant,Fruits,115,105,10,5.0,8.5,105.0,No,Sunny,2,Low Demand,No,Low
INV001272,2025-02-25,Cloud Kitchen,Dairy,154,105,49,11.0,7.5,105.0,Yes,Sunny,9,Storage Issue,No,Medium
INV001273,2025-02-25,Cloud Kitchen,Vegetables,141,120,21,9.0,4.9,120.0,Yes,Cloudy,2,Overproduction,No,Low
INV001274,2025-02-25,Restaurant,Fruits,135,118,17,6.0,2.8,,Yes,,1,Expired,No,Low
INV001275,2025-02-25,Supermarket,Meat,201,189,12,3.0,4.7,189.0,No,Hot,1,Storage Issue,No,Low
INV001276,2025-02-25,Restaurant,Fruits,92,74,18,5.0,9.0,74.0,No,Cloudy,3,Low Demand,No,Medium
INV001277,2025-02-25,Cafeteria,Prepared Food,69,63,6,1.0,19.1,63.0,No,Sunny,1,Expired,No,Medium
INV001278,2025-02-25,Cafeteria,Dairy,90,63,27,6.0,1.8,63.0,No,Sunny,2,Low Demand,No,Medium
INV001279,2025-02-26,Cafeteria,Vegetables,63,43,20,6.0,7.6,43.0,No,Rainy,3,Low Demand,No,Medium
INV001280,2025-02-26,Cloud Kitchen,Meat,84,68,16,3.0,5.2,68.0,No,Rainy,4,Low Demand,No,Medium
INV001281,2025-02-26,Cafeteria,Vegetables,61,50,11,5.0,2.9,50.0,No,Cloudy,2,Low Demand,No,Medium
INV001282,2025-02-26,Supermarket,Meat,153,89,64,2.0,6.0,89.0,No,Rainy,23,Overproduction,Yes,High
INV001283,2025-02-26,Restaurant,Bakery,75,58,17,3.0,25.5,58.0,No,Rainy,5,Low Demand,No,Medium
INV001284,2025-02-26,Restaurant,Meat,81,81,0,3.0,4.3,88.0,No,Sunny,0,No Waste,No,Low
INV001285,2025-02-26,Cloud Kitchen,Meat,106,106,0,4.0,3.7,111.0,No,Cloudy,0,No Waste,No,Low
INV001286,2025-02-26,Supermarket,Dairy,235,154,81,4.0,-0.9,154.0,Yes,Rainy,16,Overproduction,Yes,Medium
INV001287,2025-02-26,Supermarket,Prepared Food,115,115,0,1.0,19.3,137.0,No,Cloudy,0,No Waste,No,Low
INV001288,2025-02-26,Restaurant,Meat,83,83,0,5.0,1.7,100.0,No,Sunny,0,No Waste,No,Low
INV001289,2025-02-26,Supermarket,Fruits,241,149,92,5.0,8.8,149.0,No,Sunny,16,Overproduction,Yes,Medium
INV001290,2025-02-26,Restaurant,Prepared Food,81,61,20,1.0,18.6,61.0,No,Rainy,6,Expired,,Medium
INV001291,2025-02-26,Supermarket,Meat,128,123,5,1.0,1.3,123.0,No,Cloudy,2,Expired,No,Low
INV001292,2025-02-26,Cafeteria,Prepared Food,55,55,0,2.0,27.9,77.0,No,Sunny,0,No Waste,,Low
INV001293,2025-02-26,Restaurant,Vegetables,101,80,21,10.0,10.6,80.0,No,Hot,5,Storage Issue,No,Medium
INV001294,2025-02-26,Supermarket,Fruits,153,153,0,6.0,4.2,250.0,Yes,Sunny,0,No Waste,No,Low
INV001295,2025-02-26,Supermarket,Dairy,190,190,0,6.0,3.2,211.0,Yes,Cloudy,0,No Waste,No,Low
INV001296,2025-02-26,Cafeteria,Dairy,59,47,12,11.0,1.6,47.0,No,Cloudy,1,Low Demand,No,Low
INV001297,2025-02-26,Restaurant,Vegetables,80,58,22,10.0,5.7,,No,Cloudy,2,Low Demand,No,Medium
INV001298,2025-02-26,Cafeteria,Prepared Food,79,58,21,1.0,18.1,58.0,No,Cloudy,7,Expired,No,High
INV001299,2025-02-26,Cloud Kitchen,Fruits,109,109,0,6.0,3.0,119.0,No,Hot,0,No Waste,No,Low
INV001300,2025-02-26,Supermarket,Bakery,127,127,0,3.0,24.7,167.0,No,Sunny,0,No Waste,No,Low
INV001301,2025-02-26,Restaurant,Fruits,76,76,0,7.0,,84.0,No,Sunny,0,No Waste,No,Low
INV001302,2025-02-26,Restaurant,Prepared Food,97,94,3,2.0,18.0,94.0,No,Sunny,0,No Waste,No,Low
INV001303,2025-02-26,Restaurant,Meat,95,94,1,5.0,7.4,94.0,No,Sunny,0,No Waste,No,Low
INV001304,2025-02-26,Cloud Kitchen,Fruits,80,80,0,7.0,10.6,,No,Sunny,0,No Waste,No,Low
INV001305,2025-02-27,Restaurant,Prepared Food,85,68,17,1.0,21.0,68.0,No,Hot,6,Expired,No,Medium
INV001306,2025-02-27,Cloud Kitchen,Prepared Food,79,79,0,2.0,18.3,118.0,No,Sunny,0,No Waste,No,Low
INV001307,2025-02-27,Restaurant,Dairy,84,84,0,7.0,1.1,87.0,No,Hot,0,No Waste,No,Low
INV001308,2025-02-27,Supermarket,Fruits,148,106,42,5.0,11.8,106.0,No,Rainy,10,Overproduction,No,Medium
INV001309,2025-02-27,Restaurant,Prepared Food,125,66,59,1.0,17.9,66.0,No,Sunny,23,Overproduction,No,High
INV001310,2025-02-27,Cafeteria,Vegetables,70,68,2,9.0,4.1,68.0,No,Hot,0,No Waste,No,Low
INV001311,2025-02-27,Restaurant,Dairy,96,59,37,10.0,2.0,59.0,Yes,Rainy,4,Overproduction,No,Medium
INV001312,2025-02-27,Cafeteria,Vegetables,79,61,18,8.0,3.1,61.0,No,Sunny,3,Low Demand,No,Medium
INV001313,2025-02-27,Cloud Kitchen,Bakery,163,115,48,3.0,22.5,115.0,Yes,Hot,13,Overproduction,No,Medium
INV001314,2025-02-27,Supermarket,Meat,210,121,89,6.0,2.1,121.0,No,Rainy,21,Overproduction,Yes,High
INV001315,2025-02-27,Restaurant,Prepared Food,91,91,0,1.0,17.5,98.0,No,Sunny,0,No Waste,No,Low
INV001316,2025-02-27,Restaurant,Dairy,119,119,0,14.0,4.1,123.0,Yes,Sunny,0,No Waste,No,Low
INV001317,2025-02-27,Cafeteria,Fruits,49,49,0,,1.9,57.0,No,Sunny,0,No Waste,No,Low
INV001318,2025-02-27,Restaurant,Vegetables,73,73,0,3.0,,120.0,Yes,Sunny,0,No Waste,No,Low
INV001319,2025-02-27,Cloud Kitchen,Prepared Food,113,75,38,1.0,31.3,75.0,No,Rainy,20,Storage Issue,Yes,High
INV001320,2025-02-27,Restaurant,Dairy,130,94,36,6.0,3.2,94.0,Yes,Sunny,6,Overproduction,No,Medium
INV001321,2025-02-27,Cloud Kitchen,Meat,105,105,0,3.0,2.5,144.0,Yes,Hot,0,No Waste,No,Low
INV001322,2025-02-27,Supermarket,Fruits,217,217,0,5.0,4.5,218.0,No,Hot,0,No Waste,No,Low
INV001323,2025-02-27,Supermarket,Meat,166,133,33,1.0,,133.0,No,Cloudy,9,Expired,No,Medium
INV001324,2025-02-27,Restaurant,Vegetables,94,79,15,4.0,6.9,79.0,No,Hot,3,Low Demand,No,Medium
INV001325,2025-02-27,Cloud Kitchen,Prepared Food,113,90,23,2.0,27.7,90.0,No,,10,Storage Issue,No,High
INV001326,2025-02-27,Supermarket,Dairy,249,163,86,8.0,6.3,163.0,No,Hot,19,Overproduction,Yes,Medium
INV001327,2025-02-27,Supermarket,Bakery,136,136,0,5.0,23.2,198.0,No,Hot,0,No Waste,No,Low
INV001328,2025-02-27,Supermarket,Vegetables,172,122,50,3.0,6.4,122.0,No,Rainy,10,Expired,No,Medium
INV001329,2025-02-27,Cloud Kitchen,Vegetables,139,139,0,4.0,7.6,214.0,Yes,Hot,0,No Waste,No,Low
INV001330,2025-02-27,Supermarket,Fruits,171,171,0,5.0,12.9,194.0,Yes,Cloudy,0,No Waste,,Low
INV001331,2025-02-27,Restaurant,Meat,75,75,0,4.0,3.5,115.0,No,Sunny,0,No Waste,No,Low
INV001332,2025-02-28,Restaurant,Dairy,108,81,27,7.0,7.1,81.0,Yes,Cloudy,6,Overproduction,No,Medium
INV001333,2025-02-28,Supermarket,Fruits,175,168,7,3.0,9.7,168.0,No,Hot,1,Expired,No,Low
INV001334,2025-02-28,Cloud Kitchen,Fruits,80,80,0,3.0,3.4,101.0,No,Sunny,0,No Waste,No,Low
INV001335,2025-02-28,Cafeteria,Bakery,50,50,0,3.0,20.1,94.0,No,Sunny,0,No Waste,No,Low
INV001336,2025-02-28,Cloud Kitchen,Bakery,71,71,0,1.0,23.2,108.0,No,Sunny,0,No Waste,No,Low
INV001337,2025-02-28,Cafeteria,Fruits,61,61,0,4.0,3.3,61.0,No,Sunny,0,No Waste,No,Low
INV001338,2025-02-28,Cloud Kitchen,Fruits,75,75,0,6.0,10.0,83.0,No,Cloudy,0,No Waste,No,Low
INV001339,2025-02-28,Cafeteria,Fruits,62,43,19,7.0,10.2,43.0,No,Cloudy,2,Low Demand,No,Medium
INV001340,2025-02-28,Cloud Kitchen,Prepared Food,110,99,11,2.0,23.5,99.0,No,Hot,3,Expired,No,Medium
INV001341,2025-02-28,Cafeteria,Meat,58,39,19,5.0,4.5,39.0,No,Rainy,4,Low Demand,No,Medium
INV001342,2025-02-28,Cloud Kitchen,Fruits,85,85,0,3.0,13.1,97.0,No,Cloudy,0,No Waste,No,Low
INV001343,2025-02-28,Cafeteria,Vegetables,38,38,0,11.0,2.5,61.0,No,Sunny,0,No Waste,No,Low
INV001344,2025-02-28,Cloud Kitchen,Prepared Food,77,77,0,2.0,22.3,100.0,No,Cloudy,0,No Waste,No,Low
INV001345,2025-02-28,Cafeteria,Dairy,71,43,28,5.0,-2.8,43.0,No,Rainy,5,Overproduction,No,Medium
INV001346,2025-02-28,Cloud Kitchen,Fruits,109,102,7,7.0,8.2,,No,,1,Low Demand,No,Low
INV001347,2025-02-28,Cloud Kitchen,Vegetables,172,100,72,10.0,7.1,100.0,Yes,Sunny,17,Overproduction,Yes,Low
INV001348,2025-02-28,Restaurant,Vegetables,71,71,0,4.0,4.2,79.0,No,Sunny,0,No Waste,No,Low
INV001349,2025-02-28,Restaurant,Meat,122,96,26,8.0,1.1,96.0,Yes,Cloudy,3,Low Demand,No,Medium
INV001350,2025-02-28,Supermarket,Dairy,139,139,0,4.0,5.0,162.0,No,Hot,0,No Waste,No,Low
INV001351,2025-02-28,Supermarket,Fruits,177,111,66,9.0,7.3,111.0,No,Cloudy,12,Overproduction,Yes,Medium
INV001352,2025-02-28,Cloud Kitchen,Dairy,106,105,1,13.0,-1.0,105.0,No,Sunny,0,No Waste,No,Low
INV001353,2025-02-28,Restaurant,Dairy,85,58,27,4.0,3.4,58.0,No,Rainy,5,Low Demand,No,Medium
INV001354,2025-02-28,Cloud Kitchen,Vegetables,120,93,27,2.0,9.5,93.0,No,Sunny,7,Expired,No,Medium
INV001355,2025-02-28,Cafeteria,Meat,57,57,0,4.0,2.9,57.0,No,Sunny,0,No Waste,No,Low
INV001356,2025-03-01,Cloud Kitchen,Prepared Food,104,101,3,1.0,22.2,101.0,No,Cloudy,1,Expired,No,Low
INV001357,2025-03-01,Cloud Kitchen,Meat,132,94,38,5.0,3.5,94.0,No,Sunny,5,Overproduction,No,Medium
INV001358,2025-03-01,Restaurant,Dairy,114,85,29,7.0,5.1,85.0,No,Hot,4,Overproduction,No,Medium
INV001359,2025-03-01,Restaurant,Meat,117,88,29,3.0,0.5,88.0,No,Cloudy,7,Overproduction,Yes,Medium
INV001360,2025-03-01,Cafeteria,Prepared Food,45,40,5,1.0,24.9,40.0,No,Rainy,2,Low Demand,No,Low
INV001361,2025-03-01,Cloud Kitchen,Vegetables,117,82,35,4.0,3.0,82.0,No,Sunny,7,Expired,No,Medium
INV001362,2025-03-01,Supermarket,Dairy,127,124,3,9.0,2.6,124.0,No,Cloudy,0,No Waste,No,Low
INV001363,2025-03-01,Supermarket,Fruits,178,119,59,8.0,5.3,119.0,No,Cloudy,8,Overproduction,No,Medium
INV001364,2025-03-01,Cloud Kitchen,Dairy,119,103,16,7.0,2.7,103.0,No,Sunny,1,Low Demand,No,Low
INV001365,2025-03-01,Supermarket,Vegetables,132,132,0,6.0,0.7,139.0,No,Cloudy,0,No Waste,No,Medium
INV001366,2025-03-01,Cloud Kitchen,Vegetables,101,97,4,2.0,13.6,97.0,No,Cloudy,1,Storage Issue,,Low
INV001367,2025-03-01,Cloud Kitchen,Fruits,110,110,0,6.0,6.5,119.0,No,Sunny,0,No Waste,No,Low
INV001368,2025-03-01,Cloud Kitchen,Dairy,89,89,0,9.0,2.5,114.0,No,Sunny,0,No Waste,No,Low
INV001369,2025-03-01,Cloud Kitchen,Prepared Food,105,105,0,1.0,17.7,124.0,No,Hot,0,No Waste,No,Low
INV001370,2025-03-01,Cafeteria,Meat,82,64,18,1.0,6.1,64.0,Yes,Cloudy,8,Expired,No,High
INV001371,2025-03-01,Supermarket,Meat,128,128,0,4.0,2.3,188.0,Yes,Sunny,0,No Waste,No,Low
INV001372,2025-03-01,Cloud Kitchen,Fruits,132,99,33,5.0,9.0,99.0,No,Sunny,5,Expired,No,Medium
INV001373,2025-03-01,Supermarket,Dairy,140,128,12,3.0,5.9,128.0,No,Rainy,3,Expired,No,Medium
INV001374,2025-03-01,Cafeteria,Meat,82,67,15,5.0,2.0,67.0,No,Sunny,1,Low Demand,No,Low
INV001375,2025-03-01,Restaurant,Vegetables,104,86,18,6.0,7.4,86.0,No,Sunny,2,Low Demand,No,Low
INV001376,2025-03-01,Supermarket,Bakery,142,142,0,2.0,20.4,151.0,No,Hot,0,No Waste,No,Low
INV001377,2025-03-01,Cloud Kitchen,Fruits,103,72,31,3.0,12.6,72.0,No,Rainy,8,Low Demand,No,Medium
INV001378,2025-03-01,Supermarket,Vegetables,171,159,12,9.0,4.8,159.0,No,Sunny,1,Low Demand,Yes,Low
INV001379,2025-03-02,Cafeteria,Vegetables,85,58,27,2.0,7.3,58.0,No,Rainy,8,Low Demand,No,High
INV001380,2025-03-02,Supermarket,Prepared Food,208,130,78,1.0,24.9,130.0,Yes,Rainy,36,Expired,No,High
INV001381,2025-03-02,Restaurant,Prepared Food,88,88,0,1.0,20.4,89.0,No,Hot,0,No Waste,No,Low
INV001382,2025-03-02,Cafeteria,Vegetables,63,63,0,4.0,6.3,73.0,No,Sunny,0,No Waste,No,Low
INV001383,2025-03-02,Supermarket,Meat,195,106,89,4.0,-1.1,106.0,No,Rainy,14,Overproduction,Yes,Medium
INV001384,2025-03-02,Supermarket,Meat,179,179,0,1.0,0.8,220.0,No,Sunny,0,No Waste,No,Low
INV001385,2025-03-02,Supermarket,Vegetables,155,155,0,1.0,4.7,197.0,No,Hot,0,No Waste,No,Low
INV001386,2025-03-02,Supermarket,Meat,158,158,0,4.0,0.9,217.0,Yes,Hot,0,No Waste,No,Low
INV001387,2025-03-02,Cloud Kitchen,Vegetables,116,102,14,5.0,10.2,102.0,No,Cloudy,3,Storage Issue,No,Medium
INV001388,2025-03-02,Supermarket,Prepared Food,169,169,0,2.0,21.8,245.0,Yes,Sunny,0,No Waste,No,Low
INV001389,2025-03-02,Cloud Kitchen,Meat,120,120,0,1.0,2.5,134.0,Yes,Hot,0,No Waste,No,Low
INV001390,2025-03-02,Restaurant,Bakery,74,74,0,3.0,22.7,113.0,No,Sunny,0,No Waste,No,Low
INV001391,2025-03-02,Restaurant,Dairy,74,73,1,7.0,1.4,73.0,No,Cloudy,0,No Waste,No,Low
INV001392,2025-03-02,Supermarket,Fruits,186,137,49,2.0,12.6,137.0,No,Hot,14,Storage Issue,Yes,Medium
INV001393,2025-03-02,Cloud Kitchen,Prepared Food,81,81,0,1.0,12.2,90.0,No,Cloudy,0,No Waste,,Low
INV001394,2025-03-02,Cafeteria,Meat,65,65,0,1.0,-1.2,68.0,No,Cloudy,0,No Waste,No,Low
INV001395,2025-03-02,Restaurant,Meat,88,88,0,3.0,4.4,112.0,No,Hot,0,No Waste,No,Low
INV001396,2025-03-02,Restaurant,Vegetables,97,95,2,8.0,8.9,95.0,No,Cloudy,0,No Waste,No,Low
INV001397,2025-03-02,Restaurant,Vegetables,69,53,16,7.0,0.7,53.0,No,Rainy,3,Low Demand,Yes,Low
INV001398,2025-03-02,Restaurant,Dairy,105,76,29,5.0,2.5,76.0,No,Hot,5,Overproduction,No,Medium
INV001399,2025-03-02,Restaurant,Prepared Food,100,48,52,2.0,23.2,48.0,No,Rainy,18,Overproduction,Yes,High
INV001400,2025-03-02,Cloud Kitchen,Fruits,113,71,42,6.0,11.0,,No,Rainy,8,Overproduction,Yes,Low
INV001401,2025-03-02,Supermarket,Meat,165,165,0,4.0,3.9,211.0,No,Sunny,0,No Waste,No,Low
INV001402,2025-03-03,Cloud Kitchen,Meat,117,109,8,3.0,1.0,109.0,No,Sunny,1,Expired,No,Low
INV001403,2025-03-03,Supermarket,Prepared Food,146,146,0,1.0,22.4,162.0,No,Sunny,0,No Waste,No,Low
INV001404,2025-03-03,Cloud Kitchen,Meat,94,92,2,3.0,4.4,92.0,No,Cloudy,0,No Waste,No,Low
INV001405,2025-03-03,Cafeteria,Meat,72,65,7,7.0,4.7,65.0,No,Cloudy,1,Low Demand,No,Low
INV001406,2025-03-03,Supermarket,Vegetables,178,178,0,6.0,1.3,179.0,No,Sunny,0,No Waste,No,Low
INV001407,2025-03-03,Cafeteria,Vegetables,62,46,16,5.0,6.0,46.0,No,Rainy,2,Low Demand,,High
INV001408,2025-03-03,Cloud Kitchen,Dairy,115,97,18,11.0,3.5,97.0,No,Sunny,1,Low Demand,No,Low
INV001409,2025-03-03,Supermarket,Prepared Food,149,136,13,1.0,17.1,136.0,No,Cloudy,4,Expired,No,Medium
INV001410,2025-03-03,Cafeteria,Vegetables,60,59,1,6.0,3.0,59.0,No,,0,No Waste,No,Low
INV001411,2025-03-03,Cafeteria,Fruits,54,54,0,5.0,7.3,59.0,No,Rainy,0,No Waste,No,Low
INV001412,2025-03-03,Restaurant,Prepared Food,84,84,0,2.0,13.2,97.0,No,Hot,0,No Waste,No,Low
INV001413,2025-03-03,Cafeteria,Fruits,99,58,41,5.0,8.1,58.0,Yes,Cloudy,13,Overproduction,Yes,High
INV001414,2025-03-03,Cafeteria,Vegetables,64,49,15,7.0,4.7,49.0,No,Rainy,3,Low Demand,Yes,Medium
INV001415,2025-03-03,Restaurant,Bakery,90,74,16,,26.4,74.0,No,Cloudy,7,Expired,No,Medium
INV001416,2025-03-03,Supermarket,Prepared Food,182,107,75,1.0,28.3,107.0,No,Rainy,43,Storage Issue,Yes,High
INV001417,2025-03-03,Supermarket,Meat,192,123,69,1.0,-0.9,123.0,No,Rainy,31,Expired,No,High
INV001418,2025-03-03,Cafeteria,Bakery,58,58,0,3.0,18.9,90.0,Yes,Cloudy,0,No Waste,No,Low
INV001419,2025-03-03,Supermarket,Prepared Food,168,131,37,2.0,19.7,131.0,No,Cloudy,9,Expired,No,Medium
INV001420,2025-03-03,Cafeteria,Bakery,49,42,7,3.0,19.4,42.0,No,Rainy,1,Low Demand,No,Low
INV001421,2025-03-03,Cloud Kitchen,Vegetables,96,66,30,5.0,3.1,66.0,No,Rainy,7,Overproduction,Yes,Medium
INV001422,2025-03-03,Supermarket,Prepared Food,150,127,23,1.0,18.9,127.0,No,Rainy,6,Expired,No,Medium
INV001423,2025-03-03,Supermarket,Meat,192,158,34,5.0,2.2,158.0,No,Hot,6,Expired,No,Medium
INV001424,2025-03-03,Cafeteria,Prepared Food,88,56,32,2.0,25.8,56.0,Yes,Rainy,12,Overproduction,Yes,High
INV001425,2025-03-04,Supermarket,Fruits,153,110,43,4.0,10.1,110.0,No,Rainy,13,Overproduction,Yes,Medium
INV001426,2025-03-04,Supermarket,Vegetables,145,145,0,7.0,1.1,166.0,No,Sunny,0,No Waste,No,Low
INV001427,2025-03-04,Cloud Kitchen,Fruits,151,93,58,3.0,8.0,93.0,No,Sunny,12,Overproduction,No,Medium
INV001428,2025-03-04,Restaurant,Bakery,95,55,40,6.0,25.1,55.0,No,Rainy,11,Overproduction,No,High
INV001429,2025-03-04,Restaurant,Prepared Food,85,81,4,2.0,5.0,81.0,No,Sunny,1,Expired,No,Low
INV001430,2025-03-04,Cafeteria,Dairy,77,77,0,,7.6,87.0,Yes,Hot,0,No Waste,No,Low
INV001431,2025-03-04,Supermarket,Bakery,110,110,0,3.0,23.1,143.0,No,Hot,0,No Waste,No,Low
INV001432,2025-03-04,Cafeteria,Dairy,55,39,16,7.0,1.8,39.0,No,Rainy,2,Low Demand,No,Medium
INV001433,2025-03-04,Cloud Kitchen,Vegetables,141,123,18,7.0,2.8,123.0,No,Sunny,2,Low Demand,No,Low
INV001434,2025-03-04,Supermarket,Prepared Food,138,138,0,2.0,20.9,170.0,No,Sunny,0,No Waste,No,Low
INV001435,2025-03-04,Supermarket,Vegetables,215,165,50,8.0,5.7,165.0,No,Sunny,4,Overproduction,No,Low
INV001436,2025-03-04,Restaurant,Bakery,62,62,0,5.0,21.1,96.0,No,Sunny,0,No Waste,No,High
INV001437,2025-03-04,Supermarket,Vegetables,184,184,0,8.0,7.1,196.0,No,Sunny,0,No Waste,No,Low
INV001438,2025-03-04,Cafeteria,Bakery,61,61,0,2.0,20.3,68.0,No,Sunny,0,No Waste,,Low
INV001439,2025-03-04,Supermarket,Fruits,145,99,46,4.0,15.0,99.0,No,Rainy,16,Storage Issue,No,High
INV001440,2025-03-04,Supermarket,Prepared Food,211,206,5,2.0,10.1,206.0,Yes,Sunny,1,Expired,No,Low
INV001441,2025-03-04,Cloud Kitchen,Vegetables,107,107,0,8.0,3.0,118.0,No,Hot,0,No Waste,No,Low
INV001442,2025-03-04,Restaurant,Prepared Food,99,58,41,2.0,25.8,58.0,No,Rainy,15,Storage Issue,No,Low
INV001443,2025-03-04,Cloud Kitchen,Prepared Food,107,88,19,2.0,15.0,88.0,No,Sunny,4,Expired,No,Medium
INV001444,2025-03-04,Supermarket,Vegetables,141,108,33,9.0,-0.6,108.0,No,Rainy,5,Overproduction,No,Medium
INV001445,2025-03-04,Cloud Kitchen,Bakery,120,81,39,4.0,23.6,81.0,No,Cloudy,9,Overproduction,Yes,Medium
INV001446,2025-03-05,Restaurant,Vegetables,91,78,13,8.0,5.5,78.0,No,Hot,1,Low Demand,No,Low
INV001447,2025-03-05,Cloud Kitchen,Fruits,100,79,21,8.0,4.1,79.0,No,Cloudy,3,Overproduction,No,Medium
INV001448,2025-03-05,Restaurant,Vegetables,79,79,0,3.0,11.9,91.0,No,Hot,0,No Waste,No,Low
INV001449,2025-03-05,Restaurant,Bakery,90,90,0,4.0,24.0,100.0,No,Cloudy,0,No Waste,No,Low
INV001450,2025-03-05,Supermarket,Prepared Food,119,119,0,1.0,27.8,161.0,No,Hot,0,No Waste,No,Low
INV001451,2025-03-05,Supermarket,Prepared Food,172,155,17,2.0,18.7,155.0,No,Sunny,4,Expired,No,Medium
INV001452,2025-03-05,Supermarket,Fruits,155,155,0,3.0,9.9,161.0,No,Cloudy,0,No Waste,,Low
INV001453,2025-03-05,Restaurant,Fruits,112,97,15,,9.3,97.0,No,Sunny,4,Low Demand,No,Medium
INV001454,2025-03-05,Restaurant,Fruits,86,86,0,4.0,8.0,91.0,No,Hot,0,No Waste,No,Low
INV001455,2025-03-05,Cafeteria,Dairy,64,60,4,7.0,2.3,60.0,No,Sunny,0,No Waste,No,Low
INV001456,2025-03-05,Restaurant,Dairy,143,109,34,2.0,3.2,109.0,Yes,Sunny,10,Expired,No,Medium
INV001457,2025-03-05,Restaurant,Fruits,82,77,5,7.0,6.6,77.0,No,Hot,0,No Waste,No,Low
INV001458,2025-03-05,Restaurant,Bakery,74,41,33,2.0,27.1,41.0,No,Rainy,12,Overproduction,Yes,High
INV001459,2025-03-05,Supermarket,Bakery,164,145,19,3.0,27.1,145.0,No,Hot,6,Expired,No,Medium
INV001460,2025-03-05,Cafeteria,Vegetables,109,47,62,1.0,9.9,47.0,No,Rainy,30,Overproduction,Yes,High
INV001461,2025-03-06,Restaurant,Vegetables,130,85,45,4.0,3.7,85.0,Yes,Rainy,10,Overproduction,Yes,Medium
INV001462,2025-03-06,Cloud Kitchen,Bakery,103,103,0,5.0,20.1,115.0,No,Sunny,0,No Waste,No,Medium
INV001463,2025-03-06,Cloud Kitchen,Meat,140,62,78,5.0,0.8,62.0,No,Rainy,18,Overproduction,Yes,High
INV001464,2025-03-06,Restaurant,Dairy,94,77,17,9.0,7.2,77.0,No,Hot,3,Low Demand,No,Medium
INV001465,2025-03-06,Cafeteria,Prepared Food,72,72,0,1.0,21.5,109.0,Yes,Hot,0,No Waste,No,Low
INV001466,2025-03-06,Cloud Kitchen,Dairy,114,74,40,5.0,6.6,74.0,No,Rainy,11,Low Demand,Yes,High
INV001467,2025-03-06,Supermarket,Bakery,191,117,74,3.0,19.9,117.0,Yes,Rainy,12,Overproduction,Yes,Medium
INV001468,2025-03-06,Cafeteria,Meat,51,39,12,3.0,4.8,39.0,No,Rainy,3,Low Demand,Yes,Medium
INV001469,2025-03-06,Cafeteria,Meat,76,61,15,3.0,0.8,61.0,No,Sunny,4,Low Demand,Yes,Medium
INV001470,2025-03-06,Supermarket,Prepared Food,133,110,23,1.0,22.9,110.0,No,Rainy,8,Expired,No,Medium
INV001471,2025-03-06,Restaurant,Bakery,113,64,49,1.0,22.0,64.0,No,Sunny,20,Overproduction,No,High
INV001472,2025-03-06,Restaurant,Prepared Food,97,64,33,1.0,18.4,64.0,No,Cloudy,11,Expired,No,High
INV001473,2025-03-06,Supermarket,Prepared Food,164,158,6,1.0,19.3,158.0,No,,2,Expired,No,Low
INV001474,2025-03-06,Cloud Kitchen,Fruits,127,96,31,4.0,9.8,96.0,No,Sunny,7,Overproduction,No,Medium
INV001475,2025-03-07,Restaurant,Meat,83,65,18,4.0,2.5,65.0,No,,2,Low Demand,,Medium
INV001476,2025-03-07,Restaurant,Bakery,84,84,0,3.0,20.9,99.0,No,Hot,0,No Waste,No,Low
INV001477,2025-03-07,Restaurant,Dairy,105,89,16,6.0,3.3,89.0,No,Hot,2,Low Demand,No,Low
INV001478,2025-03-07,Restaurant,Meat,118,78,40,5.0,2.8,78.0,No,Hot,8,Overproduction,No,Medium
INV001479,2025-03-07,Restaurant,Vegetables,67,67,0,10.0,3.5,95.0,No,Sunny,0,No Waste,No,Low
INV001480,2025-03-07,Supermarket,Meat,188,151,37,1.0,-1.4,151.0,No,Cloudy,12,Expired,No,Medium
INV001481,2025-03-07,Restaurant,Dairy,97,54,43,7.0,5.4,54.0,No,Rainy,7,Overproduction,No,High
INV001482,2025-03-07,Restaurant,Dairy,110,82,28,2.0,1.6,82.0,No,Sunny,5,Expired,No,Medium
INV001483,2025-03-07,Supermarket,Vegetables,210,163,47,6.0,2.7,163.0,Yes,,4,Overproduction,No,Low
INV001484,2025-03-07,Supermarket,Bakery,161,133,28,5.0,21.3,133.0,No,Sunny,5,Expired,No,Medium
INV001485,2025-03-07,Supermarket,Prepared Food,166,166,0,2.0,24.9,178.0,No,,0,No Waste,No,Low
INV001486,2025-03-07,Supermarket,Fruits,143,131,12,6.0,7.1,,No,Rainy,1,Low Demand,No,Low
INV001487,2025-03-07,Restaurant,Fruits,69,69,0,5.0,7.7,117.0,Yes,Sunny,0,No Waste,No,Low
INV001488,2025-03-07,Cloud Kitchen,Bakery,141,87,54,4.0,29.3,87.0,No,Cloudy,17,Storage Issue,Yes,High
INV001489,2025-03-07,Cloud Kitchen,Fruits,108,97,11,5.0,5.2,97.0,No,Cloudy,1,Low Demand,No,Low
INV001490,2025-03-07,Cloud Kitchen,Fruits,136,98,38,6.0,5.4,98.0,Yes,Cloudy,6,Overproduction,No,Medium
INV001491,2025-03-07,Supermarket,Meat,227,149,78,7.0,1.0,149.0,No,Sunny,17,Overproduction,Yes,Medium
INV001492,2025-03-07,Supermarket,Fruits,256,141,115,7.0,11.4,141.0,No,Sunny,29,Overproduction,Yes,High
INV001493,2025-03-07,Supermarket,Vegetables,147,147,0,5.0,9.4,202.0,No,Sunny,0,No Waste,No,Low
INV001494,2025-03-07,Restaurant,Meat,98,98,0,3.0,2.7,99.0,No,Hot,0,No Waste,No,Low
INV001495,2025-03-07,Restaurant,Fruits,86,86,0,6.0,10.7,92.0,No,Sunny,0,No Waste,No,Low
INV001496,2025-03-07,Supermarket,Vegetables,106,106,0,5.0,3.9,141.0,No,Sunny,0,No Waste,No,Low
INV001497,2025-03-07,Supermarket,Vegetables,166,104,62,5.0,7.7,104.0,No,Rainy,13,Overproduction,Yes,Medium
INV001498,2025-03-07,Cloud Kitchen,Meat,119,75,44,4.0,2.6,75.0,No,Rainy,10,Overproduction,,Medium
INV001499,2025-03-07,Cloud Kitchen,Dairy,142,100,42,4.0,4.4,100.0,No,Sunny,12,Overproduction,,Medium
INV001500,2025-03-08,Cafeteria,Vegetables,56,56,0,6.0,1.5,75.0,Yes,Sunny,0,No Waste,No,Low
INV001501,2025-03-08,Cloud Kitchen,Fruits,128,115,13,5.0,2.5,115.0,No,Cloudy,1,Expired,No,Low
INV001502,2025-03-08,Restaurant,Prepared Food,82,82,0,2.0,24.4,139.0,Yes,Sunny,0,No Waste,No,Low
INV001503,2025-03-08,Supermarket,Vegetables,157,157,0,6.0,5.9,163.0,No,Hot,0,No Waste,No,Low
INV001504,2025-03-08,Cafeteria,Prepared Food,69,61,8,2.0,17.9,61.0,No,Cloudy,2,Low Demand,No,Medium
INV001505,2025-03-08,Supermarket,Fruits,145,95,50,6.0,6.2,95.0,No,Rainy,9,Overproduction,No,Medium
INV001506,2025-03-08,Restaurant,Fruits,92,88,4,5.0,10.5,88.0,No,Sunny,1,Expired,No,Low
INV001507,2025-03-08,Cloud Kitchen,Vegetables,86,86,0,9.0,6.0,106.0,No,Sunny,0,No Waste,No,Low
INV001508,2025-03-08,Restaurant,Prepared Food,79,79,0,3.0,18.3,91.0,No,Hot,0,No Waste,No,Low
INV001509,2025-03-08,Supermarket,Bakery,196,196,0,3.0,22.2,237.0,Yes,Cloudy,0,No Waste,No,Low
INV001510,2025-03-08,Cloud Kitchen,Fruits,116,116,0,2.0,12.1,137.0,No,Cloudy,0,No Waste,No,Low
INV001511,2025-03-08,Restaurant,Fruits,89,51,38,4.0,6.8,51.0,No,Rainy,11,Overproduction,No,High
INV001512,2025-03-08,Restaurant,Vegetables,99,99,0,9.0,10.8,110.0,No,Cloudy,0,No Waste,No,Low
INV001513,2025-03-08,Restaurant,Bakery,79,79,0,4.0,23.6,94.0,No,Hot,0,No Waste,No,Low
INV001514,2025-03-08,Supermarket,Vegetables,144,104,40,1.0,3.4,104.0,No,Rainy,14,Expired,No,High
INV001515,2025-03-08,Cafeteria,Prepared Food,70,58,12,1.0,21.2,58.0,No,Sunny,4,Expired,No,Medium
INV001516,2025-03-08,Supermarket,Prepared Food,137,115,22,2.0,20.7,115.0,No,Cloudy,5,Expired,No,Medium
INV001517,2025-03-08,Restaurant,Meat,97,74,23,1.0,1.3,74.0,No,Cloudy,7,Expired,No,Medium
INV001518,2025-03-08,Supermarket,Vegetables,168,145,23,5.0,11.7,145.0,No,Sunny,4,Storage Issue,No,Low
INV001519,2025-03-08,Cafeteria,Dairy,63,63,0,2.0,4.8,65.0,No,Hot,0,No Waste,No,Low
INV001520,2025-03-08,Restaurant,Dairy,89,51,38,10.0,5.7,51.0,No,Rainy,6,Overproduction,No,Medium
INV001521,2025-03-08,Cloud Kitchen,Vegetables,97,97,0,,7.0,103.0,No,Hot,0,No Waste,No,Low
INV001522,2025-03-08,Restaurant,Prepared Food,89,60,29,1.0,21.1,60.0,No,Rainy,11,Expired,No,High
INV001523,2025-03-08,Restaurant,Fruits,110,102,8,8.0,10.7,102.0,No,Hot,1,Low Demand,No,Low
INV001524,2025-03-08,Supermarket,Fruits,194,132,62,3.0,10.4,132.0,No,Sunny,15,Overproduction,No,Medium
INV001525,2025-03-08,Cafeteria,Fruits,94,85,9,5.0,7.9,85.0,No,Cloudy,1,Low Demand,Yes,Low
INV001526,2025-03-08,Restaurant,Bakery,64,64,0,2.0,23.3,105.0,No,Cloudy,0,No Waste,No,Low
INV001527,2025-03-09,Restaurant,Meat,106,71,35,2.0,2.5,71.0,No,Cloudy,9,Overproduction,No,Medium
INV001528,2025-03-09,Cloud Kitchen,Fruits,118,97,21,5.0,6.0,97.0,Yes,Cloudy,3,Low Demand,No,Medium
INV001529,2025-03-09,Restaurant,Meat,118,95,23,1.0,3.7,95.0,Yes,,8,Expired,No,Medium
INV001530,2025-03-09,Cloud Kitchen,Vegetables,95,86,9,5.0,1.8,86.0,No,Cloudy,1,Low Demand,No,Low
INV001531,2025-03-09,Supermarket,Prepared Food,155,155,0,2.0,22.3,158.0,No,Sunny,0,No Waste,No,Low
INV001532,2025-03-09,Cloud Kitchen,Fruits,95,95,0,9.0,12.9,127.0,Yes,Sunny,0,No Waste,No,Low
INV001533,2025-03-09,Cafeteria,Dairy,67,65,2,6.0,2.6,65.0,No,Sunny,0,No Waste,No,Low
INV001534,2025-03-09,Supermarket,Vegetables,162,137,25,6.0,8.0,,No,Hot,4,Storage Issue,No,Medium
INV001535,2025-03-09,Supermarket,Prepared Food,152,152,0,2.0,18.0,172.0,No,Cloudy,0,No Waste,No,Low
INV001536,2025-03-09,Cloud Kitchen,Meat,111,106,5,3.0,3.5,,No,Sunny,1,Expired,No,Low
INV001537,2025-03-09,Cloud Kitchen,Vegetables,128,103,25,1.0,7.7,103.0,No,Hot,10,Expired,No,Medium
INV001538,2025-03-09,Restaurant,Vegetables,86,64,22,6.0,0.9,64.0,No,Cloudy,4,Low Demand,No,Medium
INV001539,2025-03-09,Cloud Kitchen,Meat,113,72,41,3.0,4.3,72.0,No,Rainy,11,Overproduction,No,High
INV001540,2025-03-09,Cafeteria,Bakery,59,56,3,4.0,23.5,56.0,No,Hot,0,No Waste,No,Low
INV001541,2025-03-09,Supermarket,Dairy,209,187,22,10.0,5.9,187.0,Yes,Cloudy,3,Expired,No,Low
INV001542,2025-03-09,Restaurant,Prepared Food,107,72,35,1.0,20.9,72.0,No,Cloudy,14,Expired,No,High
INV001543,2025-03-09,Supermarket,Bakery,133,133,0,4.0,26.9,167.0,No,Sunny,0,No Waste,No,Low
INV001544,2025-03-09,Cafeteria,Fruits,63,63,0,6.0,5.8,67.0,No,Sunny,0,No Waste,No,Low
INV001545,2025-03-09,Restaurant,Dairy,86,85,1,6.0,4.0,85.0,No,Hot,0,No Waste,No,Low
INV001546,2025-03-09,Cloud Kitchen,Bakery,92,92,0,2.0,16.3,138.0,Yes,Sunny,0,No Waste,No,Low
INV001547,2025-03-09,Supermarket,Bakery,190,170,20,3.0,24.8,170.0,No,Sunny,3,Expired,No,Low
INV001548,2025-03-09,Cafeteria,Vegetables,70,61,9,7.0,0.6,61.0,Yes,Rainy,1,Low Demand,No,Low
INV001549,2025-03-10,Cafeteria,Meat,54,51,3,1.0,-1.9,51.0,No,Hot,1,Expired,No,Low
INV001550,2025-03-10,Supermarket,Vegetables,153,131,22,1.0,6.4,131.0,No,Cloudy,5,Expired,No,Medium
INV001551,2025-03-10,Restaurant,Prepared Food,63,63,0,1.0,20.5,76.0,No,Cloudy,0,No Waste,No,Low
INV001552,2025-03-10,Restaurant,Dairy,109,71,38,3.0,5.5,71.0,No,Cloudy,10,Low Demand,Yes,High
INV001553,2025-03-10,Cloud Kitchen,Fruits,115,74,41,5.0,5.8,74.0,No,Rainy,6,Overproduction,No,Medium
INV001554,2025-03-10,Restaurant,Meat,90,51,39,5.0,4.6,51.0,No,Rainy,12,Overproduction,Yes,High
INV001555,2025-03-10,Cafeteria,Prepared Food,66,66,0,1.0,14.8,74.0,No,Hot,0,No Waste,No,Low
INV001556,2025-03-10,Cloud Kitchen,Bakery,128,75,53,1.0,20.0,75.0,Yes,Rainy,23,Overproduction,Yes,High
INV001557,2025-03-10,Supermarket,Bakery,176,98,78,3.0,,98.0,No,Rainy,17,Overproduction,Yes,High
INV001558,2025-03-10,Restaurant,Prepared Food,74,74,0,1.0,17.8,87.0,No,Sunny,0,No Waste,No,Low
INV001559,2025-03-10,Supermarket,Meat,113,113,0,6.0,2.4,183.0,No,Hot,0,No Waste,No,Low
INV001560,2025-03-10,Cafeteria,Dairy,63,63,0,9.0,1.5,83.0,Yes,,0,No Waste,No,Low
INV001561,2025-03-10,Restaurant,Meat,103,63,40,3.0,0.9,63.0,No,Rainy,9,Overproduction,Yes,High
INV001562,2025-03-10,Cloud Kitchen,Meat,111,98,13,10.0,,98.0,No,Hot,1,Low Demand,No,Low
INV001563,2025-03-10,Restaurant,Bakery,70,57,13,4.0,21.4,57.0,No,Cloudy,2,Low Demand,No,Medium
INV001564,2025-03-10,Cafeteria,Bakery,85,60,25,4.0,,60.0,No,Sunny,6,Expired,No,Medium
INV001565,2025-03-11,Supermarket,Dairy,102,98,4,,5.7,98.0,No,Rainy,0,No Waste,No,Low
INV001566,2025-03-11,Restaurant,Fruits,71,71,0,6.0,9.5,81.0,No,Sunny,0,No Waste,No,High
INV001567,2025-03-11,Cloud Kitchen,Meat,90,79,11,1.0,4.2,79.0,No,Rainy,4,Expired,No,Medium
INV001568,2025-03-11,Supermarket,Vegetables,192,159,33,6.0,3.8,159.0,No,Sunny,5,Overproduction,No,Medium
INV001569,2025-03-11,Cloud Kitchen,Vegetables,100,100,0,4.0,4.3,108.0,No,Sunny,0,No Waste,No,Low
INV001570,2025-03-11,Restaurant,Prepared Food,98,84,14,1.0,21.4,84.0,No,Cloudy,5,Expired,No,Medium
INV001571,2025-03-11,Restaurant,Fruits,76,76,0,4.0,6.4,90.0,No,Sunny,0,No Waste,No,Low
INV001572,2025-03-11,Restaurant,Fruits,87,87,0,2.0,9.9,92.0,No,Sunny,0,No Waste,No,Low
INV001573,2025-03-11,Supermarket,Meat,117,117,0,5.0,0.9,192.0,No,Sunny,0,No Waste,No,Low
INV001574,2025-03-11,Cloud Kitchen,Prepared Food,117,117,0,1.0,28.5,144.0,Yes,Sunny,0,No Waste,No,Low
INV001575,2025-03-11,Cafeteria,Fruits,89,68,21,4.0,11.2,68.0,No,Hot,6,Storage Issue,No,Medium
INV001576,2025-03-11,Cloud Kitchen,Bakery,122,122,0,4.0,13.9,162.0,Yes,Hot,0,No Waste,No,Low
INV001577,2025-03-11,Cloud Kitchen,Bakery,117,106,11,5.0,19.3,106.0,No,Cloudy,2,Expired,No,Low
INV001578,2025-03-11,Cafeteria,Vegetables,75,75,0,6.0,3.2,98.0,No,Hot,0,No Waste,No,Low
INV001579,2025-03-11,Cafeteria,Meat,70,44,26,2.0,2.7,44.0,No,Rainy,6,Low Demand,No,Medium
INV001580,2025-03-11,Restaurant,Vegetables,95,95,0,6.0,7.2,159.0,Yes,Sunny,0,No Waste,No,Low
INV001581,2025-03-11,Restaurant,Meat,97,81,16,7.0,4.6,81.0,No,Hot,3,Low Demand,No,Medium
INV001582,2025-03-11,Cafeteria,Fruits,53,53,0,7.0,,109.0,Yes,Sunny,0,No Waste,,Low
INV001583,2025-03-11,Restaurant,Meat,118,118,0,3.0,2.3,145.0,Yes,Sunny,0,No Waste,No,Low
INV001584,2025-03-11,Restaurant,Vegetables,113,48,65,8.0,6.8,48.0,No,Rainy,15,Overproduction,Yes,High
INV001585,2025-03-11,Supermarket,Fruits,155,138,17,6.0,7.6,138.0,No,Hot,2,Expired,No,Low
INV001586,2025-03-11,Cloud Kitchen,Vegetables,116,116,0,6.0,,133.0,Yes,Sunny,0,No Waste,No,Low
INV001587,2025-03-12,Supermarket,Bakery,104,100,4,5.0,,100.0,No,Rainy,0,No Waste,No,Low
INV001588,2025-03-12,Restaurant,Prepared Food,87,87,0,2.0,21.1,111.0,No,Sunny,0,No Waste,No,Low
INV001589,2025-03-12,Restaurant,Prepared Food,450,97,353,2.0,20.7,97.0,No,Sunny,162,Overproduction,No,High
INV001590,2025-03-12,Supermarket,Dairy,155,155,0,,4.9,159.0,No,Cloudy,0,No Waste,No,Low
INV001591,2025-03-12,Supermarket,Prepared Food,178,176,2,2.0,,,Yes,Sunny,0,No Waste,No,Low
INV001592,2025-03-12,Supermarket,Dairy,115,115,0,4.0,6.3,124.0,Yes,Rainy,0,No Waste,No,Low
INV001593,2025-03-12,Restaurant,Prepared Food,149,55,94,2.0,19.9,55.0,No,Cloudy,32,Overproduction,No,Low
INV001594,2025-03-12,Supermarket,Fruits,153,104,49,3.0,11.3,104.0,No,Rainy,15,Overproduction,No,High
INV001595,2025-03-12,Cafeteria,Meat,68,68,0,4.0,5.8,90.0,Yes,Hot,0,No Waste,No,Low
INV001596,2025-03-12,Restaurant,Bakery,103,86,17,2.0,24.6,86.0,No,Hot,5,Expired,No,Medium
INV001597,2025-03-12,Supermarket,Vegetables,149,102,47,6.0,8.6,102.0,No,Rainy,11,Overproduction,Yes,Medium
INV001598,2025-03-12,Cloud Kitchen,Vegetables,73,73,0,,3.3,96.0,No,Sunny,0,No Waste,No,Low
INV001599,2025-03-12,Supermarket,Prepared Food,168,120,48,2.0,14.4,120.0,No,Rainy,13,Expired,No,Medium
INV001600,2025-03-12,Cloud Kitchen,Meat,88,64,24,1.0,3.3,64.0,No,Rainy,8,Expired,No,Low
INV001601,2025-03-12,Restaurant,Fruits,118,75,43,2.0,9.9,75.0,No,Hot,17,Overproduction,Yes,High
INV001602,2025-03-12,Supermarket,Meat,148,148,0,5.0,3.6,166.0,Yes,Cloudy,0,No Waste,No,Low
INV001603,2025-03-12,Cloud Kitchen,Vegetables,109,109,0,8.0,5.2,112.0,No,Hot,0,No Waste,No,Low
INV001604,2025-03-12,Restaurant,Dairy,89,64,25,7.0,3.4,64.0,No,Sunny,5,Overproduction,No,Medium
INV001605,2025-03-12,Supermarket,Meat,179,179,0,4.0,-0.3,192.0,No,Hot,0,No Waste,No,Low
INV001606,2025-03-12,Supermarket,Meat,159,159,0,3.0,0.5,173.0,No,Sunny,0,No Waste,No,Low
INV001607,2025-03-12,Cloud Kitchen,Fruits,146,100,46,7.0,13.5,100.0,No,Cloudy,12,Storage Issue,No,Medium
INV001608,2025-03-13,Cloud Kitchen,Bakery,107,107,0,4.0,14.0,149.0,No,Sunny,0,No Waste,No,Low
INV001609,2025-03-13,Restaurant,Fruits,69,69,0,4.0,2.7,75.0,No,Sunny,0,No Waste,No,Low
INV001610,2025-03-13,Supermarket,Fruits,208,198,10,6.0,5.9,198.0,No,Sunny,1,Low Demand,No,Low
INV001611,2025-03-13,Restaurant,Bakery,70,70,0,3.0,28.5,89.0,No,Sunny,0,No Waste,No,Low
INV001612,2025-03-13,Supermarket,Fruits,152,152,0,,8.4,211.0,No,Hot,0,No Waste,No,Low
INV001613,2025-03-13,Cloud Kitchen,Fruits,108,108,0,4.0,9.9,119.0,No,Sunny,0,No Waste,No,Low
INV001614,2025-03-13,Supermarket,Vegetables,174,174,0,5.0,3.8,,No,Cloudy,0,No Waste,No,Low
INV001615,2025-03-13,Restaurant,Dairy,75,75,0,7.0,2.6,97.0,No,Hot,0,No Waste,No,Low
INV001616,2025-03-13,Supermarket,Vegetables,155,155,0,2.0,5.8,225.0,No,Hot,0,No Waste,No,Low
INV001617,2025-03-13,Cafeteria,Prepared Food,67,39,28,2.0,13.1,39.0,No,Cloudy,11,Low Demand,Yes,High
INV001618,2025-03-13,Cafeteria,Fruits,62,62,0,1.0,7.3,75.0,No,Hot,0,No Waste,No,Low
INV001619,2025-03-13,Cafeteria,Fruits,85,63,22,7.0,7.0,63.0,No,Sunny,5,Low Demand,Yes,Medium
INV001620,2025-03-13,Supermarket,Fruits,172,132,40,2.0,11.9,132.0,No,Sunny,10,Expired,No,Medium
INV001621,2025-03-13,Restaurant,Bakery,84,77,7,2.0,13.5,77.0,No,Sunny,1,Expired,No,Low
INV001622,2025-03-13,Restaurant,Prepared Food,105,105,0,2.0,25.7,124.0,Yes,Hot,0,No Waste,No,Low
INV001623,2025-03-13,Cloud Kitchen,Prepared Food,146,95,51,1.0,9.0,95.0,No,Cloudy,19,Expired,No,High
INV001624,2025-03-13,Supermarket,Prepared Food,151,115,36,1.0,13.0,115.0,No,Sunny,16,Expired,No,High
INV001625,2025-03-14,Supermarket,Vegetables,157,109,48,6.0,3.3,109.0,No,Rainy,7,Overproduction,Yes,Medium
INV001626,2025-03-14,Cloud Kitchen,Bakery,77,77,0,2.0,23.5,86.0,No,Rainy,0,No Waste,No,Low
INV001627,2025-03-14,Restaurant,Fruits,110,107,3,9.0,13.8,107.0,Yes,Hot,0,No Waste,No,Low
INV001628,2025-03-14,Cloud Kitchen,Vegetables,118,82,36,9.0,8.3,82.0,No,Cloudy,7,Overproduction,Yes,Medium
INV001629,2025-03-14,Restaurant,Fruits,73,55,18,5.0,8.2,55.0,No,Rainy,4,Low Demand,No,Medium
INV001630,2025-03-14,Restaurant,Prepared Food,94,71,23,1.0,15.6,71.0,No,Hot,8,Expired,No,Medium
INV001631,2025-03-14,Supermarket,Vegetables,176,176,0,3.0,4.6,216.0,Yes,Sunny,0,No Waste,No,Low
INV001632,2025-03-14,Restaurant,Dairy,84,82,2,6.0,4.5,82.0,No,Sunny,0,No Waste,No,Low
INV001633,2025-03-14,Cloud Kitchen,Vegetables,144,139,5,11.0,2.2,139.0,Yes,Cloudy,0,No Waste,No,Low
INV001634,2025-03-14,Supermarket,Fruits,139,118,21,5.0,7.5,118.0,No,Cloudy,2,Low Demand,No,Low
INV001635,2025-03-14,Supermarket,Bakery,257,138,119,3.0,23.3,138.0,No,Rainy,26,Overproduction,Yes,High
INV001636,2025-03-14,Cloud Kitchen,Dairy,118,118,0,3.0,3.3,133.0,No,Hot,0,No Waste,No,Low
INV001637,2025-03-14,Cafeteria,Prepared Food,56,56,0,2.0,24.4,63.0,No,Hot,0,No Waste,No,Low
INV001638,2025-03-14,Cloud Kitchen,Dairy,92,92,0,5.0,6.4,104.0,No,Sunny,0,No Waste,No,Low
INV001639,2025-03-14,Cafeteria,Vegetables,52,52,0,1.0,3.7,63.0,No,Sunny,0,No Waste,No,Low
INV001640,2025-03-14,Cafeteria,Meat,86,61,25,2.0,2.0,61.0,No,Hot,7,Expired,No,Medium
INV001641,2025-03-14,Cloud Kitchen,Vegetables,183,133,50,8.0,6.6,133.0,Yes,Cloudy,9,Overproduction,No,Medium
INV001642,2025-03-15,Cafeteria,Fruits,90,48,42,4.0,8.7,48.0,Yes,Rainy,11,Overproduction,Yes,High
INV001643,2025-03-15,Supermarket,Dairy,168,168,0,2.0,3.6,182.0,Yes,Cloudy,0,No Waste,No,Low
INV001644,2025-03-15,Cafeteria,Fruits,72,72,0,2.0,9.6,107.0,Yes,Sunny,0,No Waste,No,Low
INV001645,2025-03-15,Restaurant,Vegetables,577,99,478,4.0,7.8,99.0,Yes,Sunny,195,Overproduction,Yes,High
INV001646,2025-03-15,Restaurant,Vegetables,88,88,0,5.0,5.0,96.0,No,Sunny,0,No Waste,No,Low
INV001647,2025-03-15,Restaurant,Prepared Food,91,66,25,1.0,20.5,66.0,No,,8,Expired,No,High
INV001648,2025-03-15,Restaurant,Vegetables,77,77,0,7.0,2.6,92.0,No,Cloudy,0,No Waste,No,Low
INV001649,2025-03-15,Cloud Kitchen,Fruits,97,97,0,5.0,,139.0,No,Hot,0,No Waste,No,Low
INV001650,2025-03-15,Supermarket,Prepared Food,189,189,0,1.0,14.6,211.0,Yes,Cloudy,0,No Waste,No,Low
INV001651,2025-03-15,Cafeteria,Meat,71,59,12,3.0,0.1,59.0,Yes,Cloudy,1,Low Demand,No,Low
INV001652,2025-03-15,Supermarket,Vegetables,113,113,0,7.0,7.6,154.0,No,Sunny,0,No Waste,No,Low
INV001653,2025-03-15,Cloud Kitchen,Bakery,100,100,0,1.0,25.2,110.0,No,Cloudy,0,No Waste,No,Low
INV001654,2025-03-15,Supermarket,Bakery,155,155,0,4.0,18.9,166.0,No,Hot,0,No Waste,No,Low
INV001655,2025-03-15,Cafeteria,Vegetables,93,44,49,7.0,8.4,44.0,No,Cloudy,14,Overproduction,No,Low
INV001656,2025-03-15,Cloud Kitchen,Bakery,80,80,0,4.0,19.8,87.0,No,Sunny,0,No Waste,No,Low
INV001657,2025-03-15,Restaurant,Vegetables,103,60,43,6.0,-1.1,60.0,No,Cloudy,7,Overproduction,No,Medium
INV001658,2025-03-15,Cafeteria,Dairy,56,56,0,6.0,4.3,72.0,No,Sunny,0,No Waste,No,Low
INV001659,2025-03-15,Cafeteria,Meat,61,43,18,8.0,-0.1,43.0,No,Rainy,4,Low Demand,No,Medium
INV001660,2025-03-15,Supermarket,Dairy,85,85,0,5.0,3.6,176.0,No,Sunny,0,No Waste,No,Low
INV001661,2025-03-15,Supermarket,Dairy,156,111,45,4.0,2.6,111.0,No,Rainy,7,Overproduction,Yes,Low
INV001662,2025-03-15,Cloud Kitchen,Meat,78,78,0,1.0,4.9,89.0,No,Cloudy,0,No Waste,No,Low
INV001663,2025-03-15,Supermarket,Meat,148,85,63,3.0,3.0,85.0,No,Rainy,17,Overproduction,Yes,High
INV001664,2025-03-15,Supermarket,Bakery,116,116,0,3.0,22.6,116.0,No,Rainy,0,No Waste,No,Low
INV001665,2025-03-15,Restaurant,Bakery,69,69,0,4.0,20.8,86.0,No,Cloudy,0,No Waste,No,Low
INV001666,2025-03-15,Cloud Kitchen,Meat,103,94,9,7.0,0.2,94.0,No,Cloudy,1,Low Demand,No,Low
INV001667,2025-03-16,Cafeteria,Fruits,58,38,20,4.0,10.7,38.0,No,Rainy,5,Low Demand,No,Medium
INV001668,2025-03-16,Cafeteria,Vegetables,68,40,28,6.0,8.3,40.0,No,Rainy,6,Overproduction,Yes,High
INV001669,2025-03-16,Cafeteria,Fruits,60,60,0,5.0,11.5,61.0,No,Cloudy,0,No Waste,No,Low
INV001670,2025-03-16,Restaurant,Vegetables,89,43,46,4.0,2.9,43.0,No,Rainy,11,Overproduction,Yes,High
INV001671,2025-03-16,Supermarket,Meat,118,118,0,5.0,4.6,132.0,No,Cloudy,0,No Waste,No,Low
INV001672,2025-03-16,Cloud Kitchen,Dairy,84,84,0,10.0,2.9,104.0,No,Cloudy,0,No Waste,No,Low
INV001673,2025-03-16,Restaurant,Prepared Food,89,85,4,2.0,12.8,85.0,No,Cloudy,1,Expired,No,Low
INV001674,2025-03-16,Cafeteria,Meat,99,66,33,1.0,1.3,66.0,No,Hot,13,Expired,No,High
INV001675,2025-03-16,Restaurant,Dairy,75,75,0,7.0,4.7,82.0,No,Sunny,0,No Waste,No,Low
INV001676,2025-03-16,Cafeteria,Prepared Food,55,55,0,1.0,25.3,61.0,No,Hot,0,No Waste,No,Low
INV001677,2025-03-16,Cloud Kitchen,Dairy,79,79,0,3.0,1.9,129.0,No,Hot,0,No Waste,No,Low
INV001678,2025-03-16,Supermarket,Fruits,138,138,0,6.0,8.3,160.0,No,Sunny,0,No Waste,No,Low
INV001679,2025-03-16,Cloud Kitchen,Prepared Food,101,74,27,1.0,17.3,74.0,No,Rainy,9,Expired,No,High
INV001680,2025-03-16,Supermarket,Fruits,179,179,0,5.0,14.5,181.0,No,Sunny,0,No Waste,No,Low
INV001681,2025-03-16,Supermarket,Vegetables,156,126,30,4.0,-0.0,126.0,No,Sunny,6,Expired,No,Medium
INV001682,2025-03-16,Restaurant,Vegetables,86,86,0,5.0,4.1,87.0,No,Sunny,0,No Waste,No,High
INV001683,2025-03-16,Supermarket,Bakery,176,98,78,3.0,19.0,98.0,No,Rainy,18,Overproduction,Yes,High
INV001684,2025-03-16,Supermarket,Dairy,141,141,0,7.0,2.6,165.0,No,Hot,0,No Waste,No,Low
INV001685,2025-03-16,Restaurant,Meat,84,48,36,,0.7,48.0,No,Rainy,8,Overproduction,No,High
INV001686,2025-03-16,Supermarket,Vegetables,187,152,35,8.0,7.4,152.0,No,Cloudy,4,Low Demand,No,Medium
INV001687,2025-03-16,Restaurant,Meat,86,86,0,5.0,,86.0,No,Sunny,0,No Waste,No,Low
INV001688,2025-03-17,Restaurant,Vegetables,89,89,0,7.0,4.2,100.0,No,Sunny,0,No Waste,No,Low
INV001689,2025-03-17,Cloud Kitchen,Bakery,152,114,38,3.0,23.8,114.0,No,Hot,7,Expired,No,Medium
INV001690,2025-03-17,Restaurant,Prepared Food,103,81,22,1.0,10.1,81.0,No,Sunny,6,Expired,No,Medium
INV001691,2025-03-17,Cloud Kitchen,Vegetables,119,57,62,8.0,10.6,57.0,No,Rainy,15,Overproduction,Yes,High
INV001692,2025-03-17,Cloud Kitchen,Prepared Food,101,101,0,1.0,21.1,105.0,No,Hot,0,No Waste,No,Low
INV001693,2025-03-17,Supermarket,Meat,198,171,27,2.0,,171.0,No,Hot,7,Expired,No,High
INV001694,2025-03-17,Cloud Kitchen,Meat,111,111,0,6.0,,131.0,No,Hot,0,No Waste,No,Low
INV001695,2025-03-17,Cafeteria,Meat,41,41,0,4.0,5.8,55.0,No,Cloudy,0,No Waste,No,Low
INV001696,2025-03-17,Supermarket,Meat,193,74,119,2.0,3.0,74.0,No,Rainy,46,Overproduction,Yes,High
INV001697,2025-03-17,Restaurant,Prepared Food,99,74,25,1.0,20.0,74.0,No,Hot,7,Expired,No,Medium
INV001698,2025-03-17,Restaurant,Meat,93,93,0,5.0,0.0,109.0,No,Sunny,0,No Waste,No,Low
INV001699,2025-03-17,Supermarket,Prepared Food,214,163,51,2.0,17.7,163.0,No,Sunny,10,Expired,No,Medium
INV001700,2025-03-17,Restaurant,Bakery,88,88,0,4.0,19.9,95.0,No,Hot,0,No Waste,No,Low
INV001701,2025-03-17,Restaurant,Fruits,109,81,28,8.0,11.5,81.0,No,Rainy,6,Overproduction,Yes,Medium
INV001702,2025-03-17,Supermarket,Dairy,119,119,0,5.0,5.1,233.0,No,Hot,0,No Waste,No,Low
INV001703,2025-03-17,Supermarket,Fruits,260,95,165,4.0,11.0,,No,Rainy,55,Overproduction,Yes,High
INV001704,2025-03-17,Cloud Kitchen,Vegetables,92,92,0,5.0,4.2,105.0,No,Sunny,0,No Waste,No,Low
INV001705,2025-03-17,Restaurant,Meat,91,73,18,1.0,0.8,73.0,No,Sunny,6,Expired,,Medium
INV001706,2025-03-17,Cloud Kitchen,Dairy,113,113,0,6.0,2.1,135.0,No,Sunny,0,No Waste,No,Low
INV001707,2025-03-17,Restaurant,Bakery,83,83,0,3.0,27.0,92.0,No,Sunny,0,No Waste,No,Low
INV001708,2025-03-18,Restaurant,Bakery,106,72,34,5.0,21.6,72.0,No,Hot,8,Overproduction,No,Medium
INV001709,2025-03-18,Cafeteria,Meat,72,72,0,7.0,1.1,86.0,Yes,Cloudy,0,No Waste,No,Low
INV001710,2025-03-18,Supermarket,Fruits,190,190,0,6.0,14.6,224.0,No,Sunny,0,No Waste,No,Low
INV001711,2025-03-18,Supermarket,Bakery,159,146,13,2.0,18.4,146.0,No,Sunny,2,Expired,No,Low
INV001712,2025-03-18,Supermarket,Vegetables,222,122,100,8.0,2.4,122.0,No,Rainy,24,Overproduction,Yes,High
INV001713,2025-03-18,Restaurant,Fruits,91,91,0,9.0,6.9,135.0,Yes,Hot,0,No Waste,No,Low
INV001714,2025-03-18,Cloud Kitchen,Vegetables,68,68,0,8.0,4.6,102.0,No,Sunny,0,No Waste,No,Low
INV001715,2025-03-18,Cafeteria,Vegetables,71,51,20,6.0,4.2,51.0,No,Cloudy,3,Low Demand,No,Medium
INV001716,2025-03-18,Restaurant,Bakery,90,70,20,3.0,28.3,70.0,No,Cloudy,5,Storage Issue,,Medium
INV001717,2025-03-18,Supermarket,Prepared Food,211,172,39,1.0,23.3,172.0,No,Hot,16,Expired,No,Medium
INV001718,2025-03-18,Restaurant,Dairy,78,75,3,5.0,3.7,75.0,No,Cloudy,0,No Waste,No,Low
INV001719,2025-03-18,Cafeteria,Fruits,47,45,2,8.0,,45.0,No,Rainy,0,No Waste,No,Low
INV001720,2025-03-18,Restaurant,Fruits,69,60,9,3.0,3.6,60.0,No,Hot,2,Low Demand,No,Medium
INV001721,2025-03-18,Supermarket,Vegetables,151,117,34,,-0.6,117.0,No,Sunny,4,Expired,No,Medium
INV001722,2025-03-18,Cafeteria,Meat,65,43,22,4.0,3.5,43.0,No,Rainy,5,Overproduction,No,Medium
INV001723,2025-03-18,Supermarket,Dairy,275,116,159,3.0,8.4,116.0,No,Rainy,71,Overproduction,Yes,High
INV001724,2025-03-19,Cafeteria,Dairy,70,63,7,10.0,3.2,63.0,No,Sunny,0,No Waste,No,Low
INV001725,2025-03-19,Restaurant,Fruits,89,57,32,5.0,9.5,57.0,No,Rainy,8,Overproduction,No,High
INV001726,2025-03-19,Cloud Kitchen,Prepared Food,102,98,4,2.0,31.1,98.0,No,Hot,1,Storage Issue,No,Low
INV001727,2025-03-19,Restaurant,Vegetables,84,67,17,7.0,6.4,67.0,No,Rainy,3,Low Demand,No,Medium
INV001728,2025-03-19,Cloud Kitchen,Fruits,81,81,0,2.0,11.3,119.0,No,Sunny,0,No Waste,No,Low
INV001729,2025-03-19,Supermarket,Bakery,167,167,0,2.0,20.0,176.0,Yes,Hot,0,No Waste,No,Low
INV001730,2025-03-19,Cafeteria,Dairy,55,55,0,8.0,5.2,63.0,Yes,Rainy,0,No Waste,No,Low
INV001731,2025-03-19,Cafeteria,Bakery,81,68,13,4.0,22.8,68.0,No,Hot,2,Low Demand,No,High
INV001732,2025-03-19,Restaurant,Bakery,89,83,6,3.0,23.1,83.0,No,Hot,1,Expired,No,Low
INV001733,2025-03-19,Supermarket,Vegetables,133,133,0,6.0,8.3,162.0,No,,0,No Waste,No,Low
INV001734,2025-03-19,Cafeteria,Fruits,81,81,0,6.0,11.5,81.0,Yes,Cloudy,0,No Waste,No,Low
INV001735,2025-03-19,Restaurant,Prepared Food,71,71,0,2.0,21.2,83.0,No,Sunny,0,No Waste,No,Low
INV001736,2025-03-19,Restaurant,Dairy,70,70,0,5.0,4.8,91.0,No,Hot,0,No Waste,No,Medium
INV001737,2025-03-19,Restaurant,Prepared Food,108,84,24,2.0,22.8,84.0,No,Sunny,8,Expired,No,Medium
INV001738,2025-03-19,Cafeteria,Fruits,66,56,10,6.0,14.8,56.0,No,Cloudy,3,Storage Issue,Yes,Medium
INV001739,2025-03-20,Supermarket,Meat,119,119,0,4.0,3.3,189.0,No,Sunny,0,No Waste,No,Low
INV001740,2025-03-20,Restaurant,Fruits,95,88,7,7.0,6.2,88.0,No,Hot,0,No Waste,No,Low
INV001741,2025-03-20,Restaurant,Meat,103,84,19,1.0,0.7,,No,Cloudy,6,Expired,No,Medium
INV001742,2025-03-20,Cloud Kitchen,Vegetables,118,97,21,4.0,3.4,97.0,Yes,Rainy,4,Low Demand,No,Medium
INV001743,2025-03-20,Supermarket,Prepared Food,201,162,39,1.0,18.9,162.0,No,Cloudy,14,Expired,No,Medium
INV001744,2025-03-20,Restaurant,Fruits,69,69,0,3.0,8.2,93.0,No,Hot,0,No Waste,No,Low
INV001745,2025-03-20,Cloud Kitchen,Meat,141,81,60,2.0,1.9,81.0,No,Sunny,17,Overproduction,Yes,High
INV001746,2025-03-20,Cafeteria,Vegetables,66,66,0,9.0,12.6,66.0,No,Sunny,0,No Waste,No,Low
INV001747,2025-03-20,Supermarket,Prepared Food,219,162,57,1.0,23.7,162.0,No,Hot,21,Expired,No,High
INV001748,2025-03-20,Restaurant,Dairy,113,63,50,8.0,5.2,63.0,No,Rainy,6,Overproduction,No,Medium
INV001749,2025-03-20,Cafeteria,Fruits,68,55,13,7.0,9.9,55.0,No,Cloudy,1,Low Demand,No,Low
INV001750,2025-03-20,Restaurant,Meat,74,74,0,7.0,,85.0,No,Hot,0,No Waste,No,Low
INV001751,2025-03-20,Cloud Kitchen,Meat,93,93,0,3.0,5.4,118.0,No,Hot,0,No Waste,No,Low
INV001752,2025-03-20,Cloud Kitchen,Bakery,77,77,0,4.0,19.6,99.0,No,Hot,0,No Waste,No,Low
INV001753,2025-03-20,Cloud Kitchen,Vegetables,76,76,0,7.0,4.2,92.0,No,Sunny,0,No Waste,No,Low
INV001754,2025-03-20,Supermarket,Vegetables,262,91,171,4.0,6.4,91.0,No,Rainy,48,Overproduction,Yes,High
INV001755,2025-03-20,Restaurant,Meat,101,101,0,2.0,0.3,102.0,Yes,Sunny,0,No Waste,No,Low
INV001756,2025-03-20,Cafeteria,Fruits,75,67,8,3.0,6.4,67.0,No,Sunny,1,Expired,No,Low
INV001757,2025-03-20,Restaurant,Bakery,82,75,7,3.0,20.6,75.0,Yes,Sunny,1,Low Demand,Yes,Low
INV001758,2025-03-20,Cloud Kitchen,Meat,95,91,4,5.0,,91.0,No,Sunny,0,No Waste,No,Low
INV001759,2025-03-20,Supermarket,Dairy,170,121,49,1.0,5.5,121.0,No,Cloudy,17,Expired,No,High
INV001760,2025-03-20,Cafeteria,Vegetables,76,64,12,4.0,9.4,64.0,No,Sunny,2,Low Demand,No,Medium
INV001761,2025-03-20,Supermarket,Prepared Food,102,102,0,3.0,22.0,124.0,No,Sunny,0,No Waste,No,Low
INV001762,2025-03-20,Restaurant,Prepared Food,84,76,8,2.0,15.9,76.0,No,Cloudy,2,Expired,No,Medium
INV001763,2025-03-20,Restaurant,Prepared Food,79,71,8,2.0,16.3,71.0,No,Cloudy,2,Low Demand,No,Medium
INV001764,2025-03-20,Restaurant,Bakery,86,86,0,4.0,21.1,102.0,No,Sunny,0,No Waste,No,Low
INV001765,2025-03-20,Supermarket,Fruits,126,126,0,4.0,11.1,131.0,No,Sunny,0,No Waste,No,Low
INV001766,2025-03-20,Restaurant,Dairy,89,59,30,8.0,3.1,59.0,No,Cloudy,4,Low Demand,No,Medium
INV001767,2025-03-20,Cafeteria,Dairy,52,52,0,8.0,-0.8,58.0,No,Hot,0,No Waste,No,Low
INV001768,2025-03-20,Restaurant,Bakery,84,80,4,4.0,21.1,80.0,No,Hot,0,No Waste,No,Low
INV001769,2025-03-20,Cloud Kitchen,Fruits,107,107,0,6.0,4.2,136.0,No,Hot,0,No Waste,No,Low
INV001770,2025-03-21,Restaurant,Meat,111,66,45,2.0,0.3,66.0,No,Hot,15,Overproduction,Yes,High
INV001771,2025-03-21,Cafeteria,Fruits,63,59,4,9.0,9.5,59.0,No,Sunny,1,Low Demand,No,Low
INV001772,2025-03-21,Cloud Kitchen,Prepared Food,97,53,44,3.0,20.4,53.0,No,Rainy,12,Overproduction,No,High
INV001773,2025-03-21,Cloud Kitchen,Bakery,149,121,28,2.0,13.1,121.0,No,Cloudy,5,Expired,No,Medium
INV001774,2025-03-21,Restaurant,Prepared Food,118,57,61,1.0,21.9,57.0,No,Rainy,28,Overproduction,Yes,High
INV001775,2025-03-21,Cafeteria,Fruits,64,48,16,8.0,10.8,48.0,No,Cloudy,3,Low Demand,No,Medium
INV001776,2025-03-21,Restaurant,Vegetables,66,66,0,4.0,7.5,88.0,No,Hot,0,No Waste,No,Low
INV001777,2025-03-21,Cloud Kitchen,Bakery,159,123,36,3.0,23.0,123.0,Yes,Sunny,8,Expired,No,Medium
INV001778,2025-03-21,Cloud Kitchen,Prepared Food,89,67,22,1.0,6.1,67.0,No,Rainy,10,Expired,No,High
INV001779,2025-03-21,Cloud Kitchen,Dairy,170,92,78,6.0,3.0,92.0,Yes,Rainy,15,Overproduction,Yes,High
INV001780,2025-03-21,Supermarket,Dairy,174,155,19,6.0,3.6,155.0,No,Sunny,2,Low Demand,No,Low
INV001781,2025-03-21,Cafeteria,Meat,94,66,28,4.0,-1.2,66.0,Yes,Sunny,6,Low Demand,No,Medium
INV001782,2025-03-21,Restaurant,Vegetables,101,59,42,3.0,6.6,59.0,No,Rainy,12,Overproduction,Yes,High
INV001783,2025-03-21,Cloud Kitchen,Meat,106,106,0,5.0,1.4,130.0,Yes,Sunny,0,No Waste,No,Low
INV001784,2025-03-21,Restaurant,Meat,104,96,8,2.0,3.0,96.0,No,Sunny,2,Expired,No,Low
INV001785,2025-03-21,Supermarket,Meat,164,164,0,4.0,-1.1,167.0,Yes,Rainy,0,No Waste,No,Low
INV001786,2025-03-21,Cafeteria,Vegetables,66,66,0,3.0,4.3,77.0,No,Sunny,0,No Waste,No,Low
INV001787,2025-03-21,Cafeteria,Fruits,68,53,15,6.0,11.9,53.0,No,Hot,4,Low Demand,No,Medium
INV001788,2025-03-21,Supermarket,Dairy,197,158,39,8.0,4.1,158.0,Yes,Rainy,4,Overproduction,No,Low
INV001789,2025-03-21,Restaurant,Vegetables,78,69,9,8.0,6.2,69.0,No,Hot,1,Low Demand,No,Low
INV001790,2025-03-21,Cafeteria,Fruits,195,58,137,4.0,2.4,58.0,No,Cloudy,52,Overproduction,Yes,High
INV001791,2025-03-21,Restaurant,Dairy,139,127,12,6.0,8.2,127.0,Yes,Sunny,1,Storage Issue,No,Low
INV001792,2025-03-21,Cafeteria,Fruits,44,34,10,,8.0,34.0,No,Rainy,2,Low Demand,No,Medium
INV001793,2025-03-21,Restaurant,Vegetables,116,100,16,7.0,9.2,100.0,Yes,Sunny,3,Low Demand,No,Medium
INV001794,2025-03-21,Restaurant,Vegetables,118,118,0,7.0,8.7,122.0,Yes,Sunny,0,No Waste,No,Low
INV001795,2025-03-21,Cafeteria,Meat,75,75,0,1.0,1.9,102.0,Yes,Cloudy,0,No Waste,No,Low
INV001796,2025-03-21,Supermarket,Bakery,118,118,0,2.0,25.2,137.0,No,Cloudy,0,No Waste,No,High
INV001797,2025-03-21,Supermarket,Prepared Food,211,147,64,2.0,23.2,147.0,No,Sunny,22,Expired,No,High
INV001798,2025-03-21,Supermarket,Prepared Food,171,149,22,1.0,23.1,149.0,No,Cloudy,6,Expired,No,Medium
INV001799,2025-03-21,Supermarket,Dairy,139,139,0,5.0,3.6,178.0,No,Sunny,0,No Waste,No,Low
INV001800,2025-03-21,Cafeteria,Fruits,53,53,0,5.0,9.9,54.0,No,Cloudy,0,No Waste,No,Low
INV001801,2025-03-21,Supermarket,Dairy,168,156,12,7.0,6.0,156.0,Yes,Cloudy,2,Storage Issue,Yes,Low
INV001802,2025-03-22,Cafeteria,Meat,84,47,37,3.0,2.5,47.0,No,Cloudy,8,Overproduction,Yes,High
INV001803,2025-03-22,Restaurant,Bakery,98,52,46,4.0,21.5,52.0,Yes,Rainy,10,Overproduction,Yes,High
INV001804,2025-03-22,Cloud Kitchen,Prepared Food,115,91,24,2.0,23.7,91.0,Yes,Rainy,7,Storage Issue,No,Medium
INV001805,2025-03-22,Restaurant,Prepared Food,108,105,3,2.0,17.3,105.0,Yes,,0,No Waste,No,Low
INV001806,2025-03-22,Supermarket,Bakery,164,164,0,4.0,24.3,188.0,No,Hot,0,No Waste,No,Low
INV001807,2025-03-22,Supermarket,Vegetables,220,174,46,4.0,1.1,174.0,No,Hot,6,Low Demand,No,Medium
INV001808,2025-03-22,Supermarket,Prepared Food,191,111,80,1.0,29.6,111.0,No,Cloudy,39,Storage Issue,Yes,High
INV001809,2025-03-22,Supermarket,Vegetables,157,139,18,3.0,7.9,139.0,No,,5,Expired,No,Medium
INV001810,2025-03-22,Supermarket,Fruits,214,121,93,7.0,12.6,121.0,No,Rainy,19,Overproduction,Yes,High
INV001811,2025-03-22,Restaurant,Prepared Food,111,66,45,1.0,14.9,66.0,No,Cloudy,19,Expired,No,High
INV001812,2025-03-22,Supermarket,Bakery,143,143,0,4.0,22.7,143.0,No,Cloudy,0,No Waste,No,Low
INV001813,2025-03-22,Restaurant,Prepared Food,111,90,21,1.0,22.3,90.0,No,Hot,8,Expired,No,Medium
INV001814,2025-03-22,Supermarket,Vegetables,169,137,32,2.0,1.5,137.0,No,Sunny,8,Expired,No,Medium
INV001815,2025-03-22,Restaurant,Dairy,71,71,0,5.0,5.8,99.0,No,Hot,0,No Waste,No,Low
INV001816,2025-03-22,Supermarket,Meat,201,201,0,3.0,-1.2,226.0,Yes,Sunny,0,No Waste,No,Low
INV001817,2025-03-22,Supermarket,Dairy,221,183,38,8.0,2.7,183.0,No,Sunny,5,Low Demand,No,Medium
INV001818,2025-03-22,Supermarket,Fruits,159,135,24,7.0,1.3,135.0,No,Cloudy,3,Expired,No,Low
INV001819,2025-03-22,Supermarket,Meat,175,146,29,1.0,1.4,146.0,No,Hot,10,Expired,No,Medium
INV001820,2025-03-22,Cafeteria,Dairy,65,57,8,9.0,4.5,57.0,No,Cloudy,1,Low Demand,Yes,Low
INV001821,2025-03-22,Restaurant,Vegetables,123,122,1,3.0,2.0,122.0,Yes,Sunny,0,No Waste,No,Low
INV001822,2025-03-23,Cloud Kitchen,Prepared Food,147,61,86,2.0,20.9,61.0,No,Rainy,37,Overproduction,Yes,High
INV001823,2025-03-23,Cafeteria,Bakery,92,78,14,5.0,20.1,,Yes,Sunny,0,No Waste,No,Low
INV001824,2025-03-23,Cafeteria,Prepared Food,54,54,0,2.0,21.4,86.0,Yes,Sunny,0,No Waste,No,High
INV001825,2025-03-23,Supermarket,Dairy,168,151,17,9.0,5.5,151.0,No,Cloudy,1,Low Demand,No,Low
INV001826,2025-03-23,Supermarket,Fruits,146,127,19,7.0,5.0,127.0,No,Sunny,2,Low Demand,No,Low
INV001827,2025-03-23,Supermarket,Vegetables,141,103,38,,10.0,103.0,No,Rainy,7,Overproduction,No,High
INV001828,2025-03-23,Restaurant,Dairy,51,51,0,10.0,5.1,99.0,No,Sunny,0,No Waste,No,Low
INV001829,2025-03-23,Restaurant,Vegetables,105,105,0,4.0,,126.0,Yes,Sunny,0,No Waste,No,Low
INV001830,2025-03-23,Restaurant,Fruits,85,51,34,7.0,9.3,51.0,No,Rainy,7,Low Demand,No,Medium
INV001831,2025-03-23,Restaurant,Bakery,95,83,12,4.0,18.2,,No,,2,Low Demand,No,Medium
INV001832,2025-03-23,Cafeteria,Vegetables,84,63,21,9.0,1.7,63.0,No,Sunny,2,Low Demand,No,Medium
INV001833,2025-03-23,Supermarket,Vegetables,163,132,31,5.0,8.2,132.0,No,Sunny,4,Low Demand,No,Medium
INV001834,2025-03-23,Supermarket,Fruits,156,144,12,4.0,6.2,144.0,Yes,Rainy,2,Expired,No,Low
INV001835,2025-03-23,Supermarket,Dairy,190,190,0,5.0,1.7,211.0,Yes,Hot,0,No Waste,No,Low
INV001836,2025-03-23,Supermarket,Meat,136,136,0,7.0,2.6,191.0,No,Sunny,0,No Waste,No,Low
INV001837,2025-03-23,Cloud Kitchen,Vegetables,103,103,0,9.0,8.6,144.0,No,Sunny,0,No Waste,No,Low
INV001838,2025-03-23,Restaurant,Vegetables,81,81,0,4.0,4.0,83.0,No,Sunny,0,No Waste,No,Low
INV001839,2025-03-23,Cafeteria,Vegetables,82,82,0,,4.5,90.0,Yes,Sunny,0,No Waste,No,Low
INV001840,2025-03-23,Cloud Kitchen,Bakery,104,102,2,1.0,24.9,102.0,No,Sunny,1,Expired,No,Low
INV001841,2025-03-23,Supermarket,Fruits,207,138,69,7.0,7.4,138.0,No,Cloudy,13,Overproduction,Yes,Medium
INV001842,2025-03-23,Cafeteria,Vegetables,52,52,0,8.0,4.0,110.0,Yes,Hot,0,No Waste,No,Low
INV001843,2025-03-24,Cafeteria,Meat,99,97,2,1.0,3.5,,Yes,Hot,1,Expired,No,Low
INV001844,2025-03-24,Cafeteria,Bakery,52,52,0,3.0,25.4,58.0,No,Hot,0,No Waste,No,Low
INV001845,2025-03-24,Cloud Kitchen,Prepared Food,99,69,30,1.0,17.0,69.0,No,Rainy,9,Expired,No,High
INV001846,2025-03-24,Supermarket,Fruits,152,121,31,5.0,9.9,121.0,No,Rainy,6,Low Demand,Yes,Medium
INV001847,2025-03-24,Restaurant,Dairy,82,62,20,4.0,2.9,62.0,No,Sunny,3,Low Demand,No,Medium
INV001848,2025-03-24,Restaurant,Prepared Food,78,78,0,1.0,20.1,98.0,No,Sunny,0,No Waste,No,Low
INV001849,2025-03-24,Cafeteria,Dairy,76,68,8,7.0,4.2,68.0,No,Sunny,1,Low Demand,No,Low
INV001850,2025-03-24,Cloud Kitchen,Meat,116,116,0,3.0,0.3,176.0,Yes,Sunny,0,No Waste,No,Low
INV001851,2025-03-24,Supermarket,Vegetables,170,104,66,5.0,7.0,104.0,No,Rainy,17,Overproduction,No,High
INV001852,2025-03-24,Restaurant,Vegetables,107,71,36,6.0,5.2,71.0,No,Cloudy,7,Overproduction,Yes,Medium
INV001853,2025-03-24,Cloud Kitchen,Prepared Food,111,110,1,,19.1,110.0,Yes,Cloudy,0,No Waste,No,Low
INV001854,2025-03-24,Restaurant,Meat,98,98,0,3.0,1.2,109.0,Yes,Sunny,0,No Waste,No,Low
INV001855,2025-03-24,Restaurant,Prepared Food,99,69,30,1.0,18.2,69.0,Yes,Rainy,11,Expired,No,High
INV001856,2025-03-24,Supermarket,Vegetables,176,176,0,8.0,10.1,216.0,Yes,Sunny,0,No Waste,No,Low
INV001857,2025-03-24,Restaurant,Prepared Food,73,71,2,1.0,17.9,71.0,No,Cloudy,1,Expired,No,Low
INV001858,2025-03-24,Supermarket,Fruits,176,149,27,3.0,5.0,149.0,No,Sunny,4,Expired,No,Medium
INV001859,2025-03-24,Supermarket,Meat,207,196,11,4.0,1.1,196.0,No,,1,Expired,No,Low
INV001860,2025-03-25,Restaurant,Meat,101,88,13,2.0,1.2,88.0,No,Cloudy,3,Expired,No,Medium
INV001861,2025-03-25,Supermarket,Vegetables,134,106,28,9.0,1.9,106.0,No,Rainy,2,Low Demand,No,Low
INV001862,2025-03-25,Supermarket,Dairy,595,176,419,4.0,-2.1,176.0,No,Sunny,133,Overproduction,Yes,High
INV001863,2025-03-25,Restaurant,Bakery,84,66,18,5.0,30.4,66.0,No,Cloudy,6,Storage Issue,Yes,Medium
INV001864,2025-03-25,Cloud Kitchen,Prepared Food,108,108,0,2.0,11.8,129.0,No,Hot,0,No Waste,No,Low
INV001865,2025-03-25,Restaurant,Prepared Food,61,61,0,1.0,23.0,110.0,No,Sunny,0,No Waste,No,Low
INV001866,2025-03-25,Cloud Kitchen,Meat,116,59,57,5.0,2.3,59.0,No,Rainy,12,Overproduction,No,High
INV001867,2025-03-25,Supermarket,Prepared Food,145,145,0,1.0,14.9,145.0,No,Cloudy,0,No Waste,No,Low
INV001868,2025-03-25,Restaurant,Meat,117,79,38,4.0,0.1,79.0,Yes,Rainy,6,Overproduction,No,Low
INV001869,2025-03-25,Restaurant,Prepared Food,109,80,29,2.0,10.5,80.0,No,Hot,7,Expired,No,Medium
INV001870,2025-03-25,Supermarket,Fruits,215,215,0,6.0,9.2,237.0,Yes,Hot,0,No Waste,No,Low
INV001871,2025-03-25,Cloud Kitchen,Meat,128,126,2,4.0,3.1,126.0,No,Hot,0,No Waste,No,Low
INV001872,2025-03-25,Cafeteria,Dairy,70,40,30,12.0,5.8,40.0,No,Rainy,5,Overproduction,No,Medium
INV001873,2025-03-25,Supermarket,Vegetables,169,135,34,5.0,9.0,135.0,No,Sunny,3,Storage Issue,No,Low
INV001874,2025-03-25,Restaurant,Fruits,97,57,40,5.0,11.0,57.0,No,Rainy,9,Overproduction,Yes,High
INV001875,2025-03-25,Cloud Kitchen,Fruits,125,81,44,6.0,6.5,81.0,No,,8,Overproduction,Yes,Medium
INV001876,2025-03-25,Restaurant,Fruits,64,45,19,7.0,10.8,45.0,No,Rainy,5,Low Demand,No,Medium
INV001877,2025-03-25,Supermarket,Bakery,117,117,0,3.0,25.7,200.0,No,Hot,0,No Waste,No,Low
INV001878,2025-03-25,Cloud Kitchen,Meat,96,90,6,2.0,0.0,90.0,No,Rainy,1,Expired,No,Low
INV001879,2025-03-25,Supermarket,Prepared Food,153,150,3,2.0,20.1,150.0,No,Cloudy,0,No Waste,No,Low
INV001880,2025-03-25,Restaurant,Fruits,114,79,35,6.0,7.9,79.0,No,Cloudy,6,Overproduction,No,Medium
INV001881,2025-03-25,Cafeteria,Vegetables,55,55,0,5.0,2.6,75.0,No,Sunny,0,No Waste,No,Low
INV001882,2025-03-26,Restaurant,Vegetables,89,67,22,6.0,6.1,67.0,No,Rainy,4,Low Demand,Yes,Medium
INV001883,2025-03-26,Cloud Kitchen,Dairy,121,97,24,7.0,6.2,97.0,No,Sunny,4,Low Demand,No,Medium
INV001884,2025-03-26,Restaurant,Vegetables,111,49,62,4.0,8.1,49.0,No,Rainy,21,Overproduction,No,High
INV001885,2025-03-26,Restaurant,Prepared Food,82,62,20,1.0,19.6,62.0,No,Cloudy,8,Expired,No,High
INV001886,2025-03-26,Cloud Kitchen,Vegetables,112,82,30,6.0,7.8,82.0,No,Sunny,4,Overproduction,No,Medium
INV001887,2025-03-26,Cloud Kitchen,Prepared Food,105,67,38,1.0,8.7,67.0,No,Rainy,14,Expired,No,High
INV001888,2025-03-26,Cloud Kitchen,Fruits,98,98,0,5.0,9.6,120.0,No,Sunny,0,No Waste,No,Low
INV001889,2025-03-26,Cafeteria,Fruits,58,53,5,5.0,8.9,53.0,Yes,Rainy,1,Low Demand,No,Low
INV001890,2025-03-26,Cloud Kitchen,Dairy,75,75,0,2.0,2.0,94.0,No,Sunny,0,No Waste,No,Low
INV001891,2025-03-26,Restaurant,Bakery,71,71,0,5.0,29.9,107.0,No,Hot,0,No Waste,No,Low
INV001892,2025-03-26,Supermarket,Prepared Food,184,169,15,1.0,24.8,169.0,No,Cloudy,5,Expired,No,Medium
INV001893,2025-03-26,Cafeteria,Bakery,86,52,34,3.0,22.3,52.0,No,Hot,7,Overproduction,No,Medium
INV001894,2025-03-26,Cloud Kitchen,Prepared Food,141,115,26,2.0,22.1,115.0,No,,8,Expired,No,Medium
INV001895,2025-03-26,Supermarket,Fruits,173,165,8,6.0,6.1,165.0,No,Sunny,1,Expired,No,Low
INV001896,2025-03-26,Cafeteria,Fruits,71,71,0,7.0,6.4,120.0,Yes,Sunny,0,No Waste,No,Low
INV001897,2025-03-26,Cloud Kitchen,Meat,129,121,8,5.0,-3.4,121.0,Yes,Rainy,1,Low Demand,No,Low
INV001898,2025-03-26,Cloud Kitchen,Prepared Food,149,80,69,1.0,11.9,80.0,Yes,Rainy,29,Overproduction,No,High
INV001899,2025-03-26,Cloud Kitchen,Meat,100,100,0,5.0,1.2,159.0,Yes,Sunny,0,No Waste,No,Low
INV001900,2025-03-26,Cafeteria,Dairy,91,65,26,6.0,,65.0,No,Cloudy,4,Overproduction,No,Medium
INV001901,2025-03-26,Cloud Kitchen,Fruits,126,67,59,5.0,3.8,67.0,No,Rainy,14,Overproduction,Yes,High
INV001902,2025-03-26,Cloud Kitchen,Fruits,220,87,133,5.0,5.0,,No,Cloudy,39,Overproduction,No,High
INV001903,2025-03-26,Supermarket,Bakery,177,177,0,3.0,22.6,191.0,Yes,Cloudy,0,No Waste,No,Low
INV001904,2025-03-26,Supermarket,Fruits,200,174,26,9.0,11.7,174.0,Yes,Hot,2,Storage Issue,No,Low
INV001905,2025-03-27,Restaurant,Dairy,90,74,16,8.0,5.1,74.0,No,Sunny,3,Low Demand,No,Medium
INV001906,2025-03-27,Cafeteria,Meat,59,59,0,5.0,3.5,60.0,No,Cloudy,0,No Waste,No,Low
INV001907,2025-03-27,Supermarket,Prepared Food,159,109,50,,,109.0,No,Cloudy,14,Expired,No,High
INV001908,2025-03-27,Cloud Kitchen,Dairy,102,96,6,6.0,3.9,96.0,No,Cloudy,1,Low Demand,No,Low
INV001909,2025-03-27,Restaurant,Prepared Food,80,61,19,2.0,18.8,61.0,No,Rainy,4,Expired,No,Medium
INV001910,2025-03-27,Supermarket,Vegetables,190,142,48,6.0,6.1,142.0,No,Cloudy,8,Overproduction,Yes,Medium
INV001911,2025-03-27,Restaurant,Meat,77,77,0,4.0,-1.5,94.0,No,Sunny,0,No Waste,No,Low
INV001912,2025-03-27,Supermarket,Vegetables,172,140,32,3.0,,140.0,No,Hot,8,Expired,No,Medium
INV001913,2025-03-27,Cloud Kitchen,Bakery,101,101,0,3.0,22.5,123.0,No,,0,No Waste,No,Low
INV001914,2025-03-27,Cafeteria,Meat,69,69,0,6.0,4.9,81.0,Yes,Hot,0,No Waste,No,Low
INV001915,2025-03-27,Supermarket,Meat,138,83,55,3.0,2.9,83.0,No,Rainy,14,Overproduction,No,High
INV001916,2025-03-27,Cafeteria,Meat,93,82,11,9.0,0.4,82.0,Yes,Sunny,1,Low Demand,No,Low
INV001917,2025-03-27,Supermarket,Meat,141,141,0,6.0,1.0,205.0,Yes,Cloudy,0,No Waste,No,Low
INV001918,2025-03-27,Cloud Kitchen,Dairy,118,117,1,9.0,,117.0,No,Sunny,0,No Waste,No,Low
INV001919,2025-03-27,Cafeteria,Meat,53,37,16,7.0,1.8,37.0,No,Rainy,3,Low Demand,Yes,Medium
INV001920,2025-03-27,Restaurant,Vegetables,78,78,0,3.0,9.6,84.0,No,Cloudy,0,No Waste,No,Low
INV001921,2025-03-27,Supermarket,Bakery,159,103,56,3.0,14.1,103.0,No,Rainy,15,Overproduction,Yes,High
INV001922,2025-03-27,Restaurant,Dairy,143,83,60,11.0,3.5,83.0,No,Sunny,13,Overproduction,No,High
INV001923,2025-03-27,Restaurant,Bakery,69,69,0,1.0,17.5,75.0,No,Sunny,0,No Waste,No,Low
INV001924,2025-03-27,Restaurant,Dairy,107,78,29,9.0,2.8,78.0,No,Cloudy,4,Low Demand,Yes,Medium
INV001925,2025-03-27,Cloud Kitchen,Meat,97,89,8,2.0,-0.2,89.0,No,Sunny,1,Expired,No,Low
INV001926,2025-03-27,Cloud Kitchen,Fruits,119,75,44,4.0,12.1,75.0,No,Rainy,12,Overproduction,No,High
INV001927,2025-03-27,Restaurant,Fruits,109,106,3,3.0,9.1,106.0,Yes,Hot,0,No Waste,No,Low
INV001928,2025-03-27,Restaurant,Fruits,82,82,0,5.0,10.3,116.0,Yes,Hot,0,No Waste,No,Low
INV001929,2025-03-27,Supermarket,Prepared Food,703,204,499,1.0,15.1,204.0,Yes,Rainy,265,Overproduction,Yes,High
INV001930,2025-03-27,Supermarket,Dairy,194,131,63,6.0,3.6,131.0,No,Cloudy,12,Overproduction,Yes,Medium
INV001931,2025-03-27,Cloud Kitchen,Vegetables,85,85,0,6.0,3.9,117.0,No,Sunny,0,No Waste,No,Low
INV001932,2025-03-27,Supermarket,Dairy,200,130,70,2.0,4.3,130.0,Yes,Rainy,19,Overproduction,Yes,High
INV001933,2025-03-28,Supermarket,Bakery,191,133,58,1.0,15.3,133.0,No,Sunny,16,Expired,No,Medium
INV001934,2025-03-28,Restaurant,Vegetables,82,82,0,6.0,4.2,82.0,No,Sunny,0,No Waste,No,Low
INV001935,2025-03-28,Cloud Kitchen,Bakery,113,85,28,5.0,19.5,85.0,No,Cloudy,3,Low Demand,No,High
INV001936,2025-03-28,Supermarket,Dairy,98,98,0,8.0,2.9,111.0,No,Rainy,0,No Waste,No,Low
INV001937,2025-03-28,Restaurant,Prepared Food,79,70,9,1.0,19.5,70.0,No,Cloudy,3,Expired,No,Medium
INV001938,2025-03-28,Supermarket,Bakery,201,154,47,2.0,19.5,154.0,No,Sunny,12,Expired,No,Medium
INV001939,2025-03-28,Restaurant,Prepared Food,64,55,9,1.0,18.8,55.0,No,Rainy,3,Expired,No,Medium
INV001940,2025-03-28,Restaurant,Fruits,116,85,31,1.0,,85.0,No,Sunny,11,Expired,No,High
INV001941,2025-03-28,Restaurant,Vegetables,75,47,28,8.0,7.9,47.0,No,Rainy,4,Overproduction,No,Medium
INV001942,2025-03-28,Supermarket,Bakery,157,157,0,5.0,22.0,180.0,No,Hot,0,No Waste,No,Low
INV001943,2025-03-28,Supermarket,Bakery,150,150,0,3.0,22.8,156.0,No,Sunny,0,No Waste,No,Low
INV001944,2025-03-28,Cloud Kitchen,Vegetables,129,101,28,5.0,7.6,101.0,No,Sunny,5,Low Demand,No,Medium
INV001945,2025-03-28,Supermarket,Prepared Food,135,116,19,,11.8,116.0,No,Rainy,6,Expired,No,Medium
INV001946,2025-03-28,Cloud Kitchen,Prepared Food,147,114,33,2.0,19.9,114.0,No,Hot,9,Expired,No,Medium
INV001947,2025-03-28,Restaurant,Fruits,150,94,56,9.0,6.0,94.0,Yes,Sunny,8,Overproduction,No,Medium
INV001948,2025-03-28,Supermarket,Prepared Food,159,128,31,2.0,19.2,128.0,No,Cloudy,10,Expired,No,Medium
INV001949,2025-03-28,Supermarket,Dairy,169,115,54,6.0,5.0,115.0,No,Rainy,13,Overproduction,Yes,Medium
INV001950,2025-03-28,Restaurant,Meat,95,84,11,4.0,1.7,84.0,No,Sunny,1,Expired,No,Low
INV001951,2025-03-28,Restaurant,Fruits,86,78,8,5.0,4.0,78.0,No,Hot,1,Low Demand,No,Low
INV001952,2025-03-28,Supermarket,Dairy,165,165,0,1.0,4.5,172.0,No,Sunny,0,No Waste,No,Low
INV001953,2025-03-28,Supermarket,Vegetables,223,129,94,9.0,6.4,129.0,No,Sunny,16,Overproduction,Yes,Medium
INV001954,2025-03-28,Restaurant,Prepared Food,87,56,31,1.0,17.8,56.0,No,Rainy,10,Expired,No,High
INV001955,2025-03-28,Supermarket,Bakery,180,141,39,1.0,26.2,141.0,No,Cloudy,17,Expired,No,High
INV001956,2025-03-28,Cafeteria,Prepared Food,66,53,13,1.0,19.9,53.0,No,Hot,6,Expired,No,High
INV001957,2025-03-29,Supermarket,Prepared Food,180,87,93,2.0,20.0,87.0,No,Rainy,30,Overproduction,Yes,High
INV001958,2025-03-29,Supermarket,Dairy,122,122,0,6.0,6.1,127.0,No,Cloudy,0,No Waste,No,Low
INV001959,2025-03-29,Cafeteria,Meat,71,50,21,3.0,2.9,50.0,No,Hot,4,Low Demand,No,Medium
INV001960,2025-03-29,Restaurant,Dairy,96,96,0,6.0,4.1,124.0,Yes,Sunny,0,No Waste,No,Low
INV001961,2025-03-29,Restaurant,Vegetables,81,77,4,7.0,9.6,77.0,No,Cloudy,1,Low Demand,No,Low
INV001962,2025-03-29,Cafeteria,Bakery,53,53,0,4.0,17.3,66.0,No,Cloudy,0,No Waste,No,Low
INV001963,2025-03-29,Cloud Kitchen,Meat,133,133,0,5.0,4.2,140.0,Yes,Cloudy,0,No Waste,No,Low
INV001964,2025-03-29,Restaurant,Meat,74,73,1,7.0,3.3,73.0,No,Sunny,0,No Waste,No,Low
INV001965,2025-03-29,Supermarket,Prepared Food,209,173,36,2.0,22.4,173.0,No,Hot,13,Expired,No,Medium
INV001966,2025-03-29,Cloud Kitchen,Dairy,63,63,0,5.0,4.4,80.0,No,Cloudy,0,No Waste,No,Low
INV001967,2025-03-29,Cafeteria,Meat,52,43,9,3.0,1.0,43.0,No,Rainy,2,Low Demand,No,Medium
INV001968,2025-03-29,Restaurant,Prepared Food,79,70,9,3.0,18.3,70.0,No,Sunny,1,Low Demand,No,Low
INV001969,2025-03-29,Restaurant,Bakery,49,49,0,2.0,24.7,82.0,No,Hot,0,No Waste,No,Low
INV001970,2025-03-29,Supermarket,Prepared Food,152,122,30,1.0,18.4,122.0,No,Sunny,10,Expired,No,Medium
INV001971,2025-03-29,Restaurant,Prepared Food,117,108,9,1.0,21.1,108.0,Yes,Sunny,3,Expired,No,Medium
INV001972,2025-03-29,Cafeteria,Prepared Food,80,63,17,2.0,18.1,63.0,No,Sunny,3,Low Demand,No,Medium
INV001973,2025-03-29,Supermarket,Vegetables,170,159,11,4.0,0.5,159.0,No,Sunny,1,Low Demand,No,Low
INV001974,2025-03-29,Supermarket,Bakery,158,158,0,3.0,22.6,,No,Hot,0,No Waste,No,Low
INV001975,2025-03-29,Cafeteria,Bakery,72,65,7,4.0,15.1,65.0,No,Sunny,1,Low Demand,No,Low
INV001976,2025-03-29,Restaurant,Bakery,66,66,0,2.0,19.6,96.0,No,Sunny,0,No Waste,No,Low
INV001977,2025-03-29,Cafeteria,Dairy,58,58,0,9.0,3.4,87.0,Yes,Sunny,0,No Waste,No,Low
INV001978,2025-03-29,Cloud Kitchen,Dairy,111,103,8,5.0,1.6,103.0,No,Rainy,1,Low Demand,No,Low
INV001979,2025-03-29,Cloud Kitchen,Vegetables,120,85,35,9.0,11.8,85.0,No,Cloudy,8,Storage Issue,No,Medium
INV001980,2025-03-29,Restaurant,Bakery,103,58,45,2.0,31.4,58.0,Yes,Rainy,23,Storage Issue,No,High
INV001981,2025-03-30,Supermarket,Fruits,223,121,102,5.0,7.4,121.0,Yes,Rainy,28,Overproduction,Yes,High
INV001982,2025-03-30,Restaurant,Bakery,113,71,42,3.0,16.3,71.0,No,Rainy,12,Overproduction,Yes,High
INV001983,2025-03-30,Restaurant,Prepared Food,78,78,0,2.0,22.0,,No,Sunny,0,No Waste,No,Low
INV001984,2025-03-30,Cafeteria,Meat,72,49,23,6.0,,49.0,No,Cloudy,5,Low Demand,No,Medium
INV001985,2025-03-30,Supermarket,Dairy,150,150,0,5.0,4.2,196.0,No,Sunny,0,No Waste,No,Low
INV001986,2025-03-30,Supermarket,Dairy,193,193,0,8.0,5.6,196.0,Yes,Cloudy,0,No Waste,No,Low
INV001987,2025-03-30,Supermarket,Meat,97,97,0,5.0,,101.0,No,Cloudy,0,No Waste,No,Low
INV001988,2025-03-30,Cafeteria,Vegetables,69,62,7,4.0,9.0,62.0,No,Cloudy,1,Low Demand,No,Low
INV001989,2025-03-30,Cloud Kitchen,Dairy,131,94,37,10.0,2.9,94.0,Yes,Rainy,9,Low Demand,No,Medium
INV001990,2025-03-30,Cloud Kitchen,Bakery,127,103,24,2.0,24.2,103.0,No,Hot,7,Expired,No,Medium
INV001991,2025-03-30,Supermarket,Vegetables,196,139,57,7.0,,139.0,No,Sunny,8,Overproduction,Yes,Medium
INV001992,2025-03-30,Cafeteria,Vegetables,82,53,29,6.0,3.1,53.0,No,Hot,5,Low Demand,No,Medium
INV001993,2025-03-30,Restaurant,Meat,110,98,12,6.0,1.7,98.0,No,Sunny,1,Low Demand,No,Low
INV001994,2025-03-30,Cafeteria,Bakery,68,68,0,2.0,20.4,71.0,No,Hot,0,No Waste,No,Medium
INV001995,2025-03-30,Cafeteria,Fruits,63,63,0,7.0,10.4,73.0,No,Sunny,0,No Waste,No,Low
INV001996,2025-03-30,Cafeteria,Prepared Food,70,49,21,1.0,17.4,49.0,No,Sunny,9,Expired,No,High
INV001997,2025-03-30,Cafeteria,Fruits,62,56,6,7.0,6.8,56.0,No,Cloudy,1,Low Demand,No,Low
INV001998,2025-03-30,Supermarket,Prepared Food,157,157,0,2.0,22.4,168.0,No,Hot,0,No Waste,No,Low
INV001999,2025-03-31,Cafeteria,Vegetables,61,61,0,8.0,6.1,61.0,No,Cloudy,0,No Waste,No,Medium
INV002000,2025-03-31,Supermarket,Meat,165,149,16,6.0,1.9,149.0,No,Hot,2,Expired,,Low
INV002001,2025-03-31,Restaurant,Prepared Food,111,99,12,3.0,21.4,99.0,No,Sunny,3,Expired,No,Medium
INV002002,2025-03-31,Restaurant,Bakery,82,82,0,5.0,20.7,93.0,No,Hot,0,No Waste,No,Low
INV002003,2025-03-31,Cafeteria,Fruits,41,41,0,9.0,9.3,66.0,No,Hot,0,No Waste,No,Low
INV002004,2025-03-31,Cafeteria,Vegetables,76,46,30,3.0,5.7,46.0,No,Cloudy,8,Overproduction,Yes,High
INV002005,2025-03-31,Cloud Kitchen,Fruits,123,115,8,8.0,7.8,115.0,No,Cloudy,1,Low Demand,No,Low
INV002006,2025-03-31,Cloud Kitchen,Vegetables,144,66,78,4.0,5.6,66.0,No,Rainy,15,Overproduction,No,High
INV002007,2025-03-31,Cloud Kitchen,Dairy,110,98,12,10.0,-0.5,98.0,No,Sunny,1,Low Demand,No,Low
INV002008,2025-03-31,Cafeteria,Bakery,96,62,34,2.0,18.8,62.0,Yes,Rainy,9,Low Demand,No,High
INV002009,2025-03-31,Cloud Kitchen,Meat,102,68,34,6.0,3.6,68.0,No,Rainy,9,Overproduction,No,High
INV002010,2025-03-31,Cafeteria,Fruits,64,64,0,5.0,8.4,75.0,No,Sunny,0,No Waste,No,Low
INV002011,2025-03-31,Cloud Kitchen,Dairy,98,98,0,6.0,5.5,166.0,Yes,Cloudy,0,No Waste,No,Low
INV002012,2025-03-31,Cafeteria,Vegetables,51,51,0,6.0,8.2,55.0,No,Hot,0,No Waste,No,Low
INV002013,2025-03-31,Cafeteria,Meat,61,47,14,8.0,0.1,47.0,No,Rainy,2,Low Demand,No,Medium
INV002014,2025-03-31,Cloud Kitchen,Bakery,112,112,0,3.0,25.4,113.0,Yes,Cloudy,0,No Waste,No,Low
INV002015,2025-03-31,Supermarket,Prepared Food,164,152,12,1.0,22.8,152.0,No,Hot,4,Expired,No,Medium
INV002016,2025-03-31,Supermarket,Bakery,165,132,33,3.0,24.5,132.0,No,Sunny,8,Expired,No,Medium
INV002017,2025-03-31,Restaurant,Dairy,94,51,43,13.0,,51.0,No,Rainy,10,Overproduction,No,High
INV002018,2025-03-31,Cloud Kitchen,Fruits,102,102,0,5.0,11.0,107.0,No,Sunny,0,No Waste,No,Low
INV002019,2025-03-31,Cafeteria,Vegetables,56,42,14,8.0,4.6,42.0,No,Rainy,1,Low Demand,Yes,Low
INV002020,2025-04-01,Supermarket,Fruits,163,163,0,6.0,8.4,182.0,No,Sunny,0,No Waste,No,Low
INV002021,2025-04-01,Supermarket,Prepared Food,179,118,61,1.0,15.4,118.0,No,Rainy,20,Expired,No,High
INV002022,2025-04-01,Restaurant,Bakery,99,68,31,4.0,29.6,68.0,No,Sunny,9,Storage Issue,No,High
INV002023,2025-04-01,Supermarket,Prepared Food,176,157,19,1.0,17.8,157.0,No,Sunny,8,Expired,No,Medium
INV002024,2025-04-01,Cafeteria,Fruits,80,68,12,5.0,6.6,68.0,No,Sunny,1,Low Demand,No,Low
INV002025,2025-04-01,Restaurant,Dairy,110,91,19,2.0,4.9,91.0,No,Sunny,5,Expired,No,Medium
INV002026,2025-04-01,Supermarket,Meat,101,101,0,2.0,1.5,127.0,No,Cloudy,0,No Waste,No,Low
INV002027,2025-04-01,Supermarket,Meat,166,166,0,5.0,3.3,218.0,No,Hot,0,No Waste,No,Low
INV002028,2025-04-01,Restaurant,Bakery,140,93,47,5.0,23.2,93.0,No,Hot,9,Overproduction,No,Medium
INV002029,2025-04-01,Supermarket,Bakery,178,178,0,3.0,21.0,201.0,No,Sunny,0,No Waste,No,Low
INV002030,2025-04-01,Restaurant,Fruits,94,78,16,3.0,8.1,78.0,No,Sunny,3,Low Demand,No,Medium
INV002031,2025-04-01,Restaurant,Meat,98,84,14,3.0,2.2,84.0,Yes,Rainy,2,Expired,No,Low
INV002032,2025-04-01,Restaurant,Dairy,72,72,0,9.0,1.6,81.0,No,Cloudy,0,No Waste,No,Low
INV002033,2025-04-01,Restaurant,Vegetables,96,96,0,2.0,8.7,128.0,Yes,Cloudy,0,No Waste,No,Low
INV002034,2025-04-01,Cloud Kitchen,Dairy,88,88,0,3.0,3.0,154.0,No,Sunny,0,No Waste,No,Low
INV002035,2025-04-01,Supermarket,Vegetables,101,101,0,2.0,4.6,113.0,No,Rainy,0,No Waste,No,Low
INV002036,2025-04-01,Supermarket,Dairy,137,137,0,6.0,7.4,210.0,No,Hot,0,No Waste,No,Low
INV002037,2025-04-01,Cloud Kitchen,Bakery,100,100,0,4.0,24.2,101.0,No,Sunny,0,No Waste,No,Low
INV002038,2025-04-01,Restaurant,Meat,67,67,0,6.0,4.1,109.0,No,Hot,0,No Waste,No,Low
INV002039,2025-04-01,Cloud Kitchen,Bakery,88,88,0,2.0,27.8,98.0,No,Cloudy,0,No Waste,No,Low
INV002040,2025-04-01,Restaurant,Fruits,78,74,4,6.0,-1.8,74.0,No,Hot,0,No Waste,No,Low
INV002041,2025-04-01,Restaurant,Meat,71,71,0,4.0,-2.4,82.0,No,Sunny,0,No Waste,No,Low
INV002042,2025-04-01,Cloud Kitchen,Bakery,146,109,37,3.0,21.5,109.0,No,Sunny,7,Expired,No,Medium
INV002043,2025-04-01,Supermarket,Meat,164,124,40,6.0,3.1,124.0,No,Hot,8,Overproduction,No,Medium
INV002044,2025-04-01,Restaurant,Meat,80,80,0,3.0,-1.8,102.0,No,Hot,0,No Waste,No,Low
INV002045,2025-04-02,Supermarket,Prepared Food,185,153,32,2.0,18.3,153.0,Yes,Cloudy,9,Expired,No,Medium
INV002046,2025-04-02,Cloud Kitchen,Prepared Food,101,72,29,1.0,21.3,72.0,No,Rainy,11,Expired,No,High
INV002047,2025-04-02,Cloud Kitchen,Meat,130,100,30,5.0,0.8,100.0,No,Cloudy,4,Overproduction,Yes,Medium
INV002048,2025-04-02,Cafeteria,Vegetables,71,64,7,5.0,7.8,64.0,No,Sunny,1,Low Demand,No,Low
INV002049,2025-04-02,Cafeteria,Meat,88,52,36,3.0,2.9,52.0,Yes,Rainy,8,Overproduction,No,High
INV002050,2025-04-02,Restaurant,Prepared Food,116,116,0,2.0,10.3,122.0,Yes,Hot,0,No Waste,,Low
INV002051,2025-04-02,Supermarket,Prepared Food,192,148,44,1.0,17.4,148.0,No,Cloudy,12,Expired,No,Medium
INV002052,2025-04-02,Supermarket,Bakery,160,160,0,3.0,16.8,192.0,No,Cloudy,0,No Waste,No,Low
INV002053,2025-04-02,Restaurant,Vegetables,109,67,42,6.0,3.7,67.0,No,Cloudy,9,Overproduction,Yes,Medium
INV002054,2025-04-02,Cloud Kitchen,Meat,81,81,0,3.0,0.3,121.0,No,Sunny,0,No Waste,No,Low
INV002055,2025-04-02,Supermarket,Vegetables,151,151,0,6.0,6.3,236.0,Yes,Sunny,0,No Waste,No,Low
INV002056,2025-04-02,Cloud Kitchen,Meat,128,98,30,6.0,0.4,98.0,No,Cloudy,5,Overproduction,No,Medium
INV002057,2025-04-02,Restaurant,Fruits,103,79,24,4.0,10.8,79.0,No,Cloudy,6,Expired,No,Medium
INV002058,2025-04-02,Supermarket,Dairy,195,166,29,8.0,5.6,166.0,No,Cloudy,3,Storage Issue,No,Low
INV002059,2025-04-02,Restaurant,Vegetables,82,82,0,3.0,7.4,89.0,No,Sunny,0,No Waste,No,Low
INV002060,2025-04-02,Cafeteria,Bakery,67,64,3,4.0,28.2,64.0,No,Cloudy,1,Storage Issue,No,Low
INV002061,2025-04-02,Cloud Kitchen,Dairy,92,86,6,11.0,4.5,86.0,No,Cloudy,0,No Waste,No,Low
INV002062,2025-04-02,Cafeteria,Bakery,95,82,13,2.0,18.9,82.0,Yes,Cloudy,3,Expired,No,Medium
INV002063,2025-04-02,Cloud Kitchen,Dairy,122,95,27,10.0,5.7,95.0,No,Hot,5,Low Demand,No,Medium
INV002064,2025-04-02,Supermarket,Prepared Food,145,131,14,2.0,12.3,,No,Sunny,3,Expired,No,Medium
INV002065,2025-04-02,Cafeteria,Bakery,85,85,0,3.0,19.9,92.0,Yes,Cloudy,0,No Waste,No,Low
INV002066,2025-04-02,Restaurant,Vegetables,70,70,0,10.0,7.1,73.0,No,Sunny,0,No Waste,No,Low
INV002067,2025-04-02,Cloud Kitchen,Meat,97,97,0,1.0,0.8,150.0,Yes,Sunny,0,No Waste,No,Low
INV002068,2025-04-02,Restaurant,Prepared Food,78,78,0,2.0,22.8,97.0,No,Sunny,0,No Waste,No,Low
INV002069,2025-04-02,Cafeteria,Fruits,93,88,5,5.0,12.4,88.0,Yes,Sunny,1,Storage Issue,No,Low
INV002070,2025-04-02,Supermarket,Fruits,216,194,22,4.0,8.4,194.0,No,Sunny,3,Expired,No,Low
INV002071,2025-04-02,Restaurant,Fruits,106,106,0,5.0,10.4,112.0,Yes,Sunny,0,No Waste,No,High
INV002072,2025-04-02,Supermarket,Bakery,214,136,78,4.0,15.7,136.0,Yes,Rainy,19,Overproduction,Yes,High
INV002073,2025-04-02,Supermarket,Bakery,133,133,0,,28.5,136.0,Yes,Rainy,0,No Waste,No,Low
INV002074,2025-04-03,Supermarket,Meat,226,184,42,5.0,5.7,184.0,No,Sunny,10,Storage Issue,Yes,Medium
INV002075,2025-04-03,Cafeteria,Dairy,80,73,7,8.0,4.1,73.0,Yes,Cloudy,1,Low Demand,No,Low
INV002076,2025-04-03,Supermarket,Meat,154,154,0,3.0,3.8,184.0,No,,0,No Waste,No,Low
INV002077,2025-04-03,Restaurant,Fruits,94,94,0,4.0,7.6,96.0,No,Sunny,0,No Waste,No,Low
INV002078,2025-04-03,Cafeteria,Prepared Food,85,62,23,2.0,4.8,62.0,No,Sunny,6,Expired,No,Medium
INV002079,2025-04-03,Restaurant,Prepared Food,84,84,0,2.0,19.3,116.0,Yes,Cloudy,0,No Waste,,Low
INV002080,2025-04-03,Restaurant,Prepared Food,90,90,0,2.0,21.7,111.0,No,Hot,0,No Waste,No,Low
INV002081,2025-04-03,Supermarket,Dairy,149,149,0,7.0,1.3,210.0,Yes,Cloudy,0,No Waste,,Low
INV002082,2025-04-03,Cloud Kitchen,Vegetables,135,97,38,4.0,7.8,97.0,No,Hot,10,Overproduction,No,Low
INV002083,2025-04-03,Cafeteria,Fruits,75,61,14,3.0,10.9,61.0,No,Hot,3,Low Demand,No,Medium
INV002084,2025-04-03,Supermarket,Fruits,210,153,57,6.0,4.2,153.0,No,,15,Low Demand,Yes,Medium
INV002085,2025-04-03,Cafeteria,Bakery,57,57,0,2.0,22.5,86.0,No,Hot,0,No Waste,No,Low
INV002086,2025-04-03,Supermarket,Vegetables,163,142,21,3.0,1.5,142.0,No,Sunny,2,Expired,No,Low
INV002087,2025-04-03,Cafeteria,Dairy,64,58,6,7.0,4.1,58.0,No,Hot,1,Low Demand,No,Low
INV002088,2025-04-03,Supermarket,Fruits,192,161,31,4.0,,161.0,No,Sunny,3,Expired,No,Low
INV002089,2025-04-03,Restaurant,Prepared Food,63,63,0,,18.9,102.0,No,Sunny,0,No Waste,No,Low
INV002090,2025-04-03,Cafeteria,Prepared Food,104,51,53,1.0,11.1,51.0,No,Cloudy,25,Overproduction,Yes,High
INV002091,2025-04-03,Cafeteria,Dairy,86,52,34,7.0,4.6,52.0,No,Sunny,6,Overproduction,No,Medium
INV002092,2025-04-03,Restaurant,Dairy,104,73,31,9.0,5.1,73.0,No,Rainy,7,Overproduction,No,Medium
INV002093,2025-04-04,Cafeteria,Meat,87,70,17,3.0,1.3,70.0,Yes,Cloudy,4,Low Demand,No,Medium
INV002094,2025-04-04,Supermarket,Bakery,174,156,18,4.0,23.7,156.0,No,,2,Expired,,Low
INV002095,2025-04-04,Cloud Kitchen,Prepared Food,85,78,7,1.0,20.8,78.0,No,Cloudy,2,Expired,No,Medium
INV002096,2025-04-04,Cloud Kitchen,Fruits,107,107,0,8.0,11.1,134.0,No,Hot,0,No Waste,No,Low
INV002097,2025-04-04,Restaurant,Vegetables,97,90,7,2.0,6.0,90.0,No,Cloudy,1,Expired,No,Low
INV002098,2025-04-04,Restaurant,Bakery,106,47,59,,20.2,47.0,No,Rainy,13,Overproduction,No,High
INV002099,2025-04-04,Supermarket,Vegetables,219,182,37,8.0,3.3,182.0,No,Sunny,3,Overproduction,No,Low
INV002100,2025-04-04,Restaurant,Fruits,100,69,31,8.0,8.2,69.0,No,Cloudy,5,Overproduction,No,Medium
INV002101,2025-04-04,Cafeteria,Dairy,83,67,16,10.0,3.8,67.0,No,Hot,1,Low Demand,No,Low
INV002102,2025-04-04,Supermarket,Meat,204,171,33,5.0,1.3,171.0,No,Sunny,3,Expired,No,Low
INV002103,2025-04-04,Supermarket,Prepared Food,172,134,38,1.0,18.6,134.0,No,Cloudy,12,Expired,No,Medium
INV002104,2025-04-04,Cafeteria,Dairy,76,60,16,3.0,5.0,60.0,No,Cloudy,4,Low Demand,,Medium
INV002105,2025-04-04,Restaurant,Dairy,102,56,46,9.0,5.8,56.0,No,Rainy,9,Overproduction,Yes,High
INV002106,2025-04-04,Restaurant,Prepared Food,91,76,15,1.0,20.1,76.0,No,Hot,6,Expired,No,Medium
INV002107,2025-04-04,Cafeteria,Fruits,60,60,0,5.0,3.1,63.0,No,Sunny,0,No Waste,No,High
INV002108,2025-04-04,Cafeteria,Fruits,51,51,0,7.0,13.3,93.0,Yes,Hot,0,No Waste,No,Low
INV002109,2025-04-04,Supermarket,Dairy,157,154,3,6.0,5.9,154.0,Yes,Rainy,0,No Waste,No,Low
INV002110,2025-04-05,Supermarket,Fruits,199,108,91,2.0,8.5,108.0,No,Rainy,40,Overproduction,Yes,High
INV002111,2025-04-05,Restaurant,Bakery,90,63,27,4.0,18.8,63.0,No,Sunny,4,Low Demand,No,Medium
INV002112,2025-04-05,Restaurant,Prepared Food,58,58,0,1.0,16.0,80.0,No,Sunny,0,No Waste,No,Low
INV002113,2025-04-05,Supermarket,Fruits,192,192,0,10.0,6.7,245.0,Yes,Sunny,0,No Waste,No,Low
INV002114,2025-04-05,Restaurant,Fruits,117,89,28,7.0,4.5,89.0,Yes,Cloudy,5,Low Demand,No,Medium
INV002115,2025-04-05,Cafeteria,Fruits,93,86,7,4.0,4.9,86.0,Yes,Cloudy,1,Low Demand,,Low
INV002116,2025-04-05,Cafeteria,Bakery,58,34,24,4.0,12.9,34.0,No,Rainy,5,Low Demand,No,Medium
INV002117,2025-04-05,Supermarket,Vegetables,190,165,25,6.0,1.3,165.0,No,,3,Expired,No,Low
INV002118,2025-04-05,Supermarket,Meat,141,97,44,3.0,2.2,97.0,No,Rainy,9,Overproduction,No,Medium
INV002119,2025-04-05,Restaurant,Vegetables,91,91,0,6.0,7.4,102.0,No,Hot,0,No Waste,No,Low
INV002120,2025-04-05,Cloud Kitchen,Bakery,143,113,30,2.0,20.7,113.0,Yes,Sunny,7,Expired,No,Medium
INV002121,2025-04-05,Supermarket,Dairy,229,156,73,,,156.0,No,Hot,14,Overproduction,No,Medium
INV002122,2025-04-05,Cafeteria,Bakery,64,50,14,3.0,22.5,50.0,No,Rainy,3,Low Demand,Yes,Medium
INV002123,2025-04-05,Restaurant,Bakery,110,92,18,7.0,21.4,92.0,No,Hot,2,Overproduction,No,Low
INV002124,2025-04-05,Restaurant,Meat,94,62,32,3.0,3.4,62.0,No,Rainy,8,Overproduction,No,Medium
INV002125,2025-04-05,Supermarket,Prepared Food,177,133,44,2.0,17.0,133.0,No,Cloudy,12,Expired,No,Medium
INV002126,2025-04-05,Supermarket,Meat,172,151,21,8.0,1.1,151.0,No,Sunny,2,Low Demand,No,Low
INV002127,2025-04-05,Restaurant,Dairy,89,89,0,10.0,2.9,111.0,Yes,Cloudy,0,No Waste,No,Low
INV002128,2025-04-05,Supermarket,Vegetables,164,116,48,8.0,4.4,116.0,No,Cloudy,6,Overproduction,Yes,Medium
INV002129,2025-04-06,Restaurant,Vegetables,109,78,31,5.0,6.8,78.0,No,Sunny,5,Overproduction,No,Medium
INV002130,2025-04-06,Supermarket,Fruits,148,88,60,8.0,3.7,,No,Rainy,6,Overproduction,No,Medium
INV002131,2025-04-06,Restaurant,Prepared Food,94,94,0,1.0,24.4,111.0,Yes,Hot,0,No Waste,No,Low
INV002132,2025-04-06,Restaurant,Dairy,103,103,0,8.0,1.7,133.0,Yes,Sunny,0,No Waste,No,Low
INV002133,2025-04-06,Cloud Kitchen,Vegetables,128,86,42,4.0,5.7,86.0,No,Cloudy,9,Expired,No,Medium
INV002134,2025-04-06,Cafeteria,Meat,52,52,0,3.0,1.1,75.0,No,Sunny,0,No Waste,No,Low
INV002135,2025-04-06,Cafeteria,Meat,59,59,0,2.0,0.3,91.0,Yes,Hot,0,No Waste,No,Low
INV002136,2025-04-06,Cafeteria,Prepared Food,71,54,17,1.0,12.2,54.0,Yes,Rainy,7,Expired,,High
INV002137,2025-04-06,Cafeteria,Dairy,69,66,3,13.0,-0.9,66.0,No,Sunny,0,No Waste,No,Low
INV002138,2025-04-06,Cloud Kitchen,Bakery,81,81,0,2.0,21.4,125.0,No,Hot,0,No Waste,No,Low
INV002139,2025-04-06,Cloud Kitchen,Meat,134,134,0,2.0,1.6,151.0,Yes,Hot,0,No Waste,No,Low
INV002140,2025-04-06,Restaurant,Fruits,75,75,0,3.0,9.0,124.0,Yes,Sunny,0,No Waste,No,Low
INV002141,2025-04-06,Supermarket,Meat,189,106,83,,3.2,106.0,No,Rainy,12,Overproduction,Yes,Medium
INV002142,2025-04-06,Supermarket,Prepared Food,174,131,43,1.0,23.7,,Yes,Rainy,16,Expired,No,High
INV002143,2025-04-06,Restaurant,Fruits,84,49,35,6.0,6.8,49.0,No,Rainy,8,Overproduction,Yes,High
INV002144,2025-04-06,Restaurant,Prepared Food,94,75,19,1.0,24.8,75.0,No,Cloudy,9,Expired,No,High
INV002145,2025-04-06,Restaurant,Dairy,70,43,27,4.0,2.9,43.0,No,Rainy,5,Low Demand,No,Medium
INV002146,2025-04-06,Supermarket,Vegetables,219,166,53,5.0,7.2,166.0,No,Sunny,11,Low Demand,Yes,Medium
INV002147,2025-04-07,Supermarket,Vegetables,157,157,0,3.0,11.5,158.0,No,Hot,0,No Waste,No,Low
INV002148,2025-04-07,Restaurant,Dairy,105,105,0,8.0,6.7,121.0,Yes,Hot,0,No Waste,No,Low
INV002149,2025-04-07,Cafeteria,Dairy,66,53,13,6.0,1.1,53.0,No,Sunny,1,Low Demand,No,Low
INV002150,2025-04-07,Cloud Kitchen,Prepared Food,111,110,1,2.0,18.0,110.0,No,Sunny,0,No Waste,,Low
INV002151,2025-04-07,Restaurant,Prepared Food,88,71,17,1.0,17.6,71.0,No,Cloudy,6,Expired,No,Medium
INV002152,2025-04-07,Cafeteria,Prepared Food,63,63,0,1.0,17.0,63.0,No,Sunny,0,No Waste,No,Low
INV002153,2025-04-07,Supermarket,Meat,175,96,79,7.0,1.6,96.0,No,Rainy,13,Overproduction,No,Medium
INV002154,2025-04-07,Supermarket,Fruits,114,114,0,2.0,7.2,122.0,No,Cloudy,0,No Waste,No,Low
INV002155,2025-04-07,Supermarket,Vegetables,201,173,28,,1.9,173.0,Yes,Cloudy,3,Expired,No,Low
INV002156,2025-04-07,Restaurant,Dairy,97,72,25,8.0,2.9,72.0,No,Cloudy,3,Low Demand,No,Medium
INV002157,2025-04-07,Restaurant,Prepared Food,105,100,5,1.0,18.5,100.0,Yes,Sunny,2,Expired,No,Low
INV002158,2025-04-07,Restaurant,Fruits,80,80,0,6.0,4.7,94.0,No,Cloudy,0,No Waste,No,Low
INV002159,2025-04-07,Cafeteria,Prepared Food,76,71,5,1.0,24.7,71.0,No,Sunny,2,Expired,No,Medium
INV002160,2025-04-07,Restaurant,Fruits,69,54,15,2.0,7.5,54.0,No,Sunny,4,Low Demand,No,Medium
INV002161,2025-04-07,Supermarket,Prepared Food,161,150,11,2.0,22.0,150.0,No,,3,Expired,No,Low
INV002162,2025-04-07,Supermarket,Dairy,191,150,41,9.0,3.8,150.0,No,Cloudy,6,Overproduction,No,Medium
INV002163,2025-04-07,Restaurant,Bakery,122,92,30,,21.4,92.0,No,Sunny,7,Expired,No,Medium
INV002164,2025-04-07,Supermarket,Prepared Food,200,113,87,1.0,11.4,113.0,No,Cloudy,34,Expired,No,High
INV002165,2025-04-07,Cloud Kitchen,Meat,97,92,5,8.0,1.7,92.0,No,Cloudy,0,No Waste,No,Low
INV002166,2025-04-08,Cloud Kitchen,Dairy,135,95,40,6.0,3.6,95.0,No,Cloudy,8,Overproduction,Yes,Medium
INV002167,2025-04-08,Cloud Kitchen,Meat,123,95,28,2.0,5.2,95.0,No,Hot,9,Storage Issue,No,Medium
INV002168,2025-04-08,Cafeteria,Vegetables,199,65,134,7.0,9.7,65.0,No,Sunny,44,Overproduction,Yes,High
INV002169,2025-04-08,Supermarket,Fruits,187,187,0,6.0,13.0,237.0,Yes,Hot,0,No Waste,No,Low
INV002170,2025-04-08,Restaurant,Fruits,115,111,4,,10.5,111.0,Yes,Sunny,0,No Waste,No,Low
INV002171,2025-04-08,Restaurant,Dairy,83,83,0,9.0,5.6,130.0,Yes,Sunny,0,No Waste,No,Low
INV002172,2025-04-08,Cloud Kitchen,Prepared Food,112,87,25,3.0,18.1,87.0,No,Sunny,5,Low Demand,No,Medium
INV002173,2025-04-08,Cloud Kitchen,Meat,103,89,14,5.0,4.0,89.0,No,Cloudy,2,Low Demand,No,Low
INV002174,2025-04-08,Restaurant,Vegetables,63,63,0,12.0,3.5,77.0,Yes,Rainy,0,No Waste,No,Low
INV002175,2025-04-08,Supermarket,Fruits,204,182,22,3.0,7.8,,No,Sunny,5,Expired,No,Medium
INV002176,2025-04-08,Cafeteria,Fruits,70,69,1,6.0,6.9,69.0,No,Sunny,0,No Waste,No,Low
INV002177,2025-04-08,Cloud Kitchen,Dairy,83,62,21,9.0,7.2,62.0,No,Rainy,4,Low Demand,No,Medium
INV002178,2025-04-08,Supermarket,Vegetables,125,125,0,10.0,6.1,211.0,Yes,Sunny,0,No Waste,No,Low
INV002179,2025-04-08,Restaurant,Prepared Food,68,68,0,1.0,24.7,75.0,No,,0,No Waste,No,Low
INV002180,2025-04-08,Supermarket,Meat,183,143,40,2.0,1.4,143.0,No,Hot,11,Expired,No,Medium
INV002181,2025-04-08,Restaurant,Vegetables,112,53,59,9.0,3.8,53.0,No,Rainy,9,Overproduction,Yes,Medium
INV002182,2025-04-08,Cloud Kitchen,Dairy,125,80,45,5.0,6.9,80.0,No,Rainy,11,Overproduction,No,High
INV002183,2025-04-08,Supermarket,Fruits,140,132,8,5.0,6.9,132.0,No,Cloudy,1,Low Demand,No,Low
INV002184,2025-04-08,Supermarket,Meat,125,125,0,4.0,4.7,133.0,No,Cloudy,0,No Waste,No,Low
INV002185,2025-04-08,Supermarket,Dairy,162,133,29,,6.5,133.0,No,Cloudy,3,Storage Issue,No,Low
INV002186,2025-04-08,Cafeteria,Bakery,75,59,16,2.0,21.8,59.0,No,Hot,4,Low Demand,No,Medium
INV002187,2025-04-08,Restaurant,Bakery,83,83,0,1.0,22.7,136.0,Yes,,0,No Waste,No,Low
INV002188,2025-04-09,Restaurant,Vegetables,107,56,51,4.0,9.1,56.0,No,Cloudy,18,Overproduction,No,High
INV002189,2025-04-09,Supermarket,Fruits,171,148,23,4.0,7.6,148.0,No,Cloudy,4,Expired,No,Medium
INV002190,2025-04-09,Cloud Kitchen,Dairy,98,98,0,14.0,3.7,115.0,No,Sunny,0,No Waste,No,Low
INV002191,2025-04-09,Cloud Kitchen,Meat,117,117,0,5.0,1.6,117.0,No,Hot,0,No Waste,No,Low
INV002192,2025-04-09,Supermarket,Prepared Food,230,230,0,1.0,25.6,276.0,Yes,Hot,0,No Waste,No,Low
INV002193,2025-04-09,Supermarket,Fruits,143,140,3,6.0,9.3,140.0,No,Hot,0,No Waste,No,Low
INV002194,2025-04-09,Restaurant,Fruits,84,84,0,1.0,4.3,116.0,No,Hot,0,No Waste,No,Low
INV002195,2025-04-09,Restaurant,Vegetables,117,101,16,5.0,8.9,101.0,Yes,Cloudy,2,Storage Issue,No,Low
INV002196,2025-04-09,Cloud Kitchen,Meat,119,100,19,2.0,4.6,100.0,No,Hot,5,Expired,No,Medium
INV002197,2025-04-09,Cafeteria,Meat,51,51,0,6.0,2.1,55.0,No,Cloudy,0,No Waste,No,Low
INV002198,2025-04-09,Supermarket,Vegetables,133,123,10,7.0,10.5,123.0,No,Sunny,2,Storage Issue,No,Low
INV002199,2025-04-09,Cafeteria,Bakery,58,58,0,3.0,24.8,59.0,No,Hot,0,No Waste,No,Low
INV002200,2025-04-09,Cafeteria,Prepared Food,86,74,12,1.0,17.4,74.0,Yes,Cloudy,4,Expired,No,Medium
INV002201,2025-04-09,Cafeteria,Prepared Food,56,56,0,2.0,16.9,60.0,No,Hot,0,No Waste,No,Low
INV002202,2025-04-09,Supermarket,Fruits,130,130,0,5.0,8.9,173.0,No,Sunny,0,No Waste,No,Low
INV002203,2025-04-09,Restaurant,Prepared Food,85,78,7,1.0,17.0,78.0,No,Sunny,2,Expired,No,Medium
INV002204,2025-04-09,Supermarket,Prepared Food,231,116,115,3.0,10.8,116.0,Yes,Rainy,31,Overproduction,No,High
INV002205,2025-04-09,Supermarket,Fruits,202,140,62,5.0,6.0,140.0,No,Cloudy,16,Overproduction,Yes,Medium
INV002206,2025-04-09,Supermarket,Meat,191,191,0,3.0,1.9,216.0,Yes,Hot,0,No Waste,No,Low
INV002207,2025-04-10,Cafeteria,Prepared Food,62,36,26,,19.3,36.0,No,Rainy,10,Low Demand,No,High
INV002208,2025-04-10,Cloud Kitchen,Fruits,122,106,16,4.0,7.3,106.0,No,Hot,2,Expired,No,Low
INV002209,2025-04-10,Cloud Kitchen,Prepared Food,129,79,50,1.0,18.1,79.0,No,Rainy,20,Expired,No,High
INV002210,2025-04-10,Restaurant,Bakery,81,42,39,4.0,19.9,42.0,No,Rainy,8,Overproduction,No,High
INV002211,2025-04-10,Supermarket,Bakery,202,202,0,5.0,25.0,211.0,Yes,Sunny,0,No Waste,No,Low
INV002212,2025-04-10,Cafeteria,Bakery,75,71,4,4.0,21.3,71.0,No,Hot,0,No Waste,No,Low
INV002213,2025-04-10,Restaurant,Dairy,119,110,9,8.0,-0.1,110.0,No,Sunny,1,Expired,No,Low
INV002214,2025-04-10,Cloud Kitchen,Vegetables,123,123,0,7.0,-0.4,123.0,No,Sunny,0,No Waste,No,Low
INV002215,2025-04-10,Restaurant,Bakery,80,80,0,3.0,24.8,86.0,No,Sunny,0,No Waste,No,Low
INV002216,2025-04-10,Cloud Kitchen,Bakery,98,98,0,3.0,27.3,102.0,No,Sunny,0,No Waste,No,Low
INV002217,2025-04-10,Supermarket,Vegetables,131,131,0,6.0,5.1,170.0,No,Sunny,0,No Waste,No,Low
INV002218,2025-04-10,Supermarket,Bakery,260,186,74,3.0,19.8,186.0,Yes,Sunny,18,Overproduction,Yes,Medium
INV002219,2025-04-10,Cloud Kitchen,Prepared Food,135,104,31,3.0,25.9,,No,Hot,9,Storage Issue,No,Medium
INV002220,2025-04-10,Cloud Kitchen,Vegetables,80,80,0,7.0,,106.0,No,Hot,0,No Waste,No,Low
INV002221,2025-04-10,Restaurant,Fruits,90,72,18,2.0,7.9,72.0,No,Sunny,5,Expired,No,Medium
INV002222,2025-04-10,Restaurant,Fruits,102,71,31,8.0,4.4,71.0,No,Cloudy,4,Low Demand,No,Medium
INV002223,2025-04-10,Cloud Kitchen,Prepared Food,149,126,23,2.0,25.5,126.0,Yes,Sunny,8,Storage Issue,No,Medium
INV002224,2025-04-10,Cloud Kitchen,Prepared Food,81,81,0,1.0,26.3,126.0,No,Sunny,0,No Waste,No,Low
INV002225,2025-04-10,Supermarket,Dairy,132,132,0,6.0,3.3,194.0,Yes,Sunny,0,No Waste,No,Low
INV002226,2025-04-10,Restaurant,Bakery,80,80,0,4.0,24.3,94.0,No,Cloudy,0,No Waste,No,Low
INV002227,2025-04-10,Cafeteria,Vegetables,57,54,3,4.0,4.4,54.0,No,Sunny,1,Low Demand,No,Low
INV002228,2025-04-10,Cloud Kitchen,Prepared Food,117,97,20,2.0,22.3,97.0,No,Cloudy,6,Expired,No,Medium
INV002229,2025-04-10,Cloud Kitchen,Fruits,79,79,0,9.0,6.8,102.0,No,Cloudy,0,No Waste,No,Low
INV002230,2025-04-10,Supermarket,Meat,206,130,76,5.0,-0.5,130.0,No,Sunny,18,Overproduction,Yes,Low
INV002231,2025-04-10,Cloud Kitchen,Meat,117,117,0,2.0,2.7,118.0,No,Cloudy,0,No Waste,No,Low
INV002232,2025-04-11,Cafeteria,Prepared Food,54,54,0,3.0,24.8,71.0,No,Cloudy,0,No Waste,No,Low
INV002233,2025-04-11,Supermarket,Prepared Food,161,161,0,2.0,20.8,165.0,Yes,Cloudy,0,No Waste,No,Low
INV002234,2025-04-11,Restaurant,Vegetables,83,50,33,7.0,2.8,50.0,No,Rainy,2,Overproduction,No,Medium
INV002235,2025-04-11,Restaurant,Bakery,100,87,13,,23.8,87.0,No,Sunny,3,Expired,No,Medium
INV002236,2025-04-11,Supermarket,Dairy,224,185,39,7.0,0.9,185.0,No,Sunny,2,Expired,No,Low
INV002237,2025-04-11,Cafeteria,Prepared Food,77,77,0,2.0,15.6,89.0,Yes,,0,No Waste,No,Low
INV002238,2025-04-11,Cloud Kitchen,Dairy,111,92,19,7.0,5.3,92.0,No,Rainy,3,Low Demand,No,Medium
INV002239,2025-04-11,Cafeteria,Bakery,67,58,9,3.0,21.8,58.0,Yes,Rainy,2,Low Demand,No,Medium
INV002240,2025-04-11,Supermarket,Fruits,136,125,11,4.0,,125.0,No,Sunny,1,Expired,No,High
INV002241,2025-04-11,Restaurant,Prepared Food,114,80,34,1.0,27.5,80.0,No,Cloudy,17,Expired,No,High
INV002242,2025-04-11,Restaurant,Fruits,130,100,30,8.0,6.4,100.0,Yes,Sunny,4,Overproduction,Yes,Medium
INV002243,2025-04-11,Cafeteria,Fruits,71,69,2,5.0,10.6,69.0,No,Sunny,0,No Waste,No,Low
INV002244,2025-04-11,Restaurant,Bakery,119,119,0,4.0,19.5,129.0,Yes,Hot,0,No Waste,No,Low
INV002245,2025-04-11,Cloud Kitchen,Meat,109,88,21,4.0,1.5,88.0,No,Hot,5,Low Demand,No,Medium
INV002246,2025-04-11,Cloud Kitchen,Meat,84,84,0,5.0,3.6,99.0,No,Sunny,0,No Waste,No,Low
INV002247,2025-04-11,Supermarket,Dairy,164,164,0,10.0,4.1,166.0,No,Sunny,0,No Waste,No,Low
INV002248,2025-04-11,Restaurant,Meat,82,82,0,7.0,1.0,106.0,No,Sunny,0,No Waste,No,Low
INV002249,2025-04-11,Restaurant,Fruits,69,69,0,1.0,3.9,75.0,No,Sunny,0,No Waste,No,Low
INV002250,2025-04-11,Cloud Kitchen,Meat,82,81,1,3.0,3.8,,No,Hot,0,No Waste,No,Low
INV002251,2025-04-11,Cafeteria,Dairy,75,72,3,4.0,2.9,72.0,No,Sunny,0,No Waste,No,Low
INV002252,2025-04-11,Cloud Kitchen,Dairy,124,94,30,9.0,-0.0,94.0,No,Hot,4,Low Demand,No,Medium
INV002253,2025-04-12,Restaurant,Dairy,90,90,0,8.0,6.7,127.0,Yes,Hot,0,No Waste,No,Low
INV002254,2025-04-12,Restaurant,Prepared Food,98,81,17,2.0,20.1,81.0,No,Hot,5,Expired,No,Medium
INV002255,2025-04-12,Cafeteria,Dairy,60,55,5,13.0,,55.0,No,Sunny,1,Low Demand,No,Low
INV002256,2025-04-12,Restaurant,Prepared Food,73,73,0,2.0,22.1,118.0,Yes,Cloudy,0,No Waste,No,Low
INV002257,2025-04-12,Cafeteria,Prepared Food,56,54,2,2.0,20.9,54.0,Yes,Rainy,0,No Waste,No,Low
INV002258,2025-04-12,Supermarket,Fruits,167,106,61,6.0,,106.0,No,Rainy,15,Overproduction,Yes,High
INV002259,2025-04-12,Cloud Kitchen,Bakery,110,76,34,2.0,23.0,76.0,No,Sunny,10,Expired,No,High
INV002260,2025-04-12,Supermarket,Bakery,184,126,58,5.0,21.6,126.0,No,,10,Overproduction,No,Medium
INV002261,2025-04-12,Supermarket,Fruits,206,206,0,2.0,10.1,235.0,Yes,Sunny,0,No Waste,,Low
INV002262,2025-04-12,Restaurant,Meat,87,86,1,6.0,2.0,86.0,No,Hot,0,No Waste,No,Low
INV002263,2025-04-12,Supermarket,Vegetables,137,137,0,3.0,7.4,190.0,No,Hot,0,No Waste,No,Low
INV002264,2025-04-12,Supermarket,Vegetables,161,110,51,5.0,6.8,110.0,No,,13,Overproduction,No,Medium
INV002265,2025-04-12,Supermarket,Vegetables,160,153,7,7.0,10.1,153.0,No,Hot,1,Storage Issue,No,Low
INV002266,2025-04-12,Supermarket,Dairy,237,171,66,9.0,5.8,171.0,Yes,Rainy,13,Overproduction,Yes,Medium
INV002267,2025-04-12,Cloud Kitchen,Bakery,99,89,10,3.0,18.0,89.0,No,Cloudy,2,Low Demand,No,Low
INV002268,2025-04-12,Supermarket,Fruits,169,160,9,,1.7,160.0,No,Hot,2,Expired,No,Low
INV002269,2025-04-12,Supermarket,Vegetables,228,123,105,11.0,6.1,123.0,No,Sunny,21,Overproduction,Yes,High
INV002270,2025-04-12,Supermarket,Bakery,232,98,134,2.0,23.6,98.0,No,Rainy,37,Overproduction,Yes,High
INV002271,2025-04-12,Supermarket,Dairy,160,123,37,,0.3,123.0,No,Rainy,5,Expired,No,Medium
INV002272,2025-04-12,Restaurant,Fruits,88,57,31,4.0,5.4,57.0,No,,7,Overproduction,Yes,Medium
INV002273,2025-04-12,Cloud Kitchen,Prepared Food,116,116,0,3.0,23.2,155.0,Yes,Sunny,0,No Waste,No,Low
INV002274,2025-04-12,Supermarket,Dairy,181,165,16,7.0,5.3,165.0,No,Hot,2,Expired,No,Low
INV002275,2025-04-12,Cloud Kitchen,Prepared Food,87,87,0,2.0,20.5,92.0,No,Hot,0,No Waste,No,Low
INV002276,2025-04-12,Restaurant,Prepared Food,88,81,7,1.0,25.2,81.0,No,Sunny,2,Expired,No,Medium
INV002277,2025-04-12,Restaurant,Meat,114,82,32,5.0,0.6,82.0,No,Sunny,7,Low Demand,Yes,Medium
INV002278,2025-04-12,Cloud Kitchen,Prepared Food,136,136,0,1.0,25.4,189.0,Yes,Sunny,0,No Waste,No,Low
INV002279,2025-04-12,Supermarket,Dairy,213,198,15,5.0,1.5,198.0,Yes,Hot,2,Expired,No,Low
INV002280,2025-04-12,Supermarket,Vegetables,154,154,0,,6.2,164.0,No,Cloudy,0,No Waste,No,Low
INV002281,2025-04-12,Restaurant,Prepared Food,88,88,0,1.0,23.5,88.0,No,Hot,0,No Waste,No,Low
INV002282,2025-04-12,Cloud Kitchen,Vegetables,100,100,0,6.0,9.2,102.0,Yes,Cloudy,0,No Waste,No,Low
INV002283,2025-04-12,Supermarket,Meat,150,112,38,5.0,0.8,112.0,No,Rainy,5,Overproduction,No,Medium
INV002284,2025-04-12,Cafeteria,Vegetables,62,61,1,4.0,8.7,61.0,No,Sunny,0,No Waste,No,Low
INV002285,2025-04-12,Restaurant,Dairy,85,74,11,8.0,4.6,74.0,No,Cloudy,1,Low Demand,,Low
INV002286,2025-04-13,Cloud Kitchen,Vegetables,113,106,7,5.0,5.1,106.0,No,Hot,1,Low Demand,No,Low
INV002287,2025-04-13,Cafeteria,Bakery,75,71,4,6.0,23.7,71.0,Yes,Rainy,0,No Waste,No,Low
INV002288,2025-04-13,Restaurant,Fruits,100,64,36,4.0,8.4,64.0,No,Cloudy,8,Overproduction,No,Medium
INV002289,2025-04-13,Cafeteria,Bakery,72,72,0,3.0,28.3,78.0,No,Hot,0,No Waste,No,Low
INV002290,2025-04-13,Restaurant,Fruits,80,80,0,3.0,6.1,86.0,No,Hot,0,No Waste,No,Low
INV002291,2025-04-13,Cloud Kitchen,Dairy,108,71,37,10.0,2.9,71.0,No,Sunny,7,Overproduction,Yes,Medium
INV002292,2025-04-13,Cafeteria,Vegetables,62,55,7,8.0,5.3,55.0,No,,1,Low Demand,No,Low
INV002293,2025-04-13,Cafeteria,Vegetables,66,34,32,8.0,4.2,34.0,No,Rainy,8,Overproduction,No,High
INV002294,2025-04-13,Cloud Kitchen,Dairy,132,86,46,4.0,8.1,86.0,Yes,Rainy,15,Overproduction,No,High
INV002295,2025-04-13,Restaurant,Vegetables,94,85,9,6.0,2.2,85.0,No,Sunny,0,No Waste,,Low
INV002296,2025-04-13,Restaurant,Meat,81,81,0,6.0,2.5,94.0,No,Hot,0,No Waste,No,Low
INV002297,2025-04-13,Restaurant,Fruits,94,73,21,6.0,8.6,73.0,No,Hot,3,Low Demand,No,Medium
INV002298,2025-04-13,Supermarket,Meat,107,107,0,4.0,2.8,172.0,No,Hot,0,No Waste,,Low
INV002299,2025-04-13,Cloud Kitchen,Dairy,102,102,0,1.0,5.3,115.0,No,Sunny,0,No Waste,No,Low
INV002300,2025-04-13,Cloud Kitchen,Fruits,146,132,14,2.0,1.4,132.0,Yes,Cloudy,3,Expired,No,Medium
INV002301,2025-04-13,Cafeteria,Dairy,49,47,2,3.0,,47.0,No,Cloudy,0,No Waste,No,Low
INV002302,2025-04-14,Cloud Kitchen,Prepared Food,110,86,24,1.0,9.9,86.0,No,Rainy,7,Expired,No,Medium
INV002303,2025-04-14,Restaurant,Dairy,110,71,39,9.0,4.4,71.0,No,Rainy,7,Overproduction,Yes,Medium
INV002304,2025-04-14,Restaurant,Prepared Food,81,80,1,1.0,30.8,80.0,No,Cloudy,0,No Waste,No,Low
INV002305,2025-04-14,Cloud Kitchen,Vegetables,105,67,38,5.0,6.7,67.0,No,Rainy,9,Overproduction,,Medium
INV002306,2025-04-14,Restaurant,Meat,78,78,0,6.0,2.8,122.0,Yes,Cloudy,0,No Waste,No,Low
INV002307,2025-04-14,Cloud Kitchen,Meat,87,87,0,2.0,-0.5,92.0,No,Sunny,0,No Waste,No,Low
INV002308,2025-04-14,Supermarket,Dairy,184,169,15,9.0,3.7,169.0,No,Hot,1,Expired,No,Low
INV002309,2025-04-14,Cloud Kitchen,Meat,98,98,0,5.0,-0.4,118.0,No,Hot,0,No Waste,No,Low
INV002310,2025-04-14,Supermarket,Fruits,186,104,82,6.0,2.7,104.0,No,Rainy,21,Overproduction,Yes,High
INV002311,2025-04-14,Cafeteria,Dairy,68,68,0,8.0,1.8,69.0,No,Hot,0,No Waste,No,Low
INV002312,2025-04-14,Supermarket,Meat,251,102,149,3.0,2.3,102.0,No,Rainy,53,Overproduction,Yes,High
INV002313,2025-04-14,Cloud Kitchen,Dairy,85,59,26,9.0,-1.3,59.0,No,Rainy,4,Low Demand,No,Medium
INV002314,2025-04-14,Restaurant,Vegetables,104,77,27,4.0,7.9,77.0,No,Cloudy,6,Overproduction,Yes,Medium
INV002315,2025-04-14,Cloud Kitchen,Meat,91,81,10,6.0,-0.6,81.0,No,Cloudy,1,Low Demand,No,Low
INV002316,2025-04-14,Restaurant,Fruits,71,71,0,4.0,10.2,74.0,Yes,Rainy,0,No Waste,No,Low
INV002317,2025-04-14,Cloud Kitchen,Vegetables,113,84,29,6.0,9.9,84.0,No,Cloudy,5,Overproduction,,Medium
INV002318,2025-04-14,Supermarket,Meat,209,123,86,7.0,1.0,123.0,No,Cloudy,16,Overproduction,Yes,Medium
INV002319,2025-04-14,Restaurant,Vegetables,96,96,0,6.0,6.2,102.0,Yes,Cloudy,0,No Waste,No,Low
INV002320,2025-04-14,Restaurant,Fruits,81,66,15,7.0,7.9,66.0,No,Cloudy,2,Low Demand,No,Medium
INV002321,2025-04-14,Restaurant,Dairy,75,62,13,4.0,2.8,62.0,No,Rainy,2,Low Demand,No,Medium
INV002322,2025-04-14,Cafeteria,Fruits,81,56,25,5.0,8.8,56.0,Yes,Rainy,4,Low Demand,No,Medium
INV002323,2025-04-14,Restaurant,Meat,123,58,65,7.0,4.4,58.0,No,Rainy,18,Overproduction,Yes,High
INV002324,2025-04-15,Cafeteria,Meat,74,51,23,4.0,-0.6,51.0,No,Cloudy,5,Low Demand,No,Medium
INV002325,2025-04-15,Restaurant,Meat,87,47,40,6.0,0.8,47.0,No,Rainy,7,Overproduction,No,Medium
INV002326,2025-04-15,Supermarket,Dairy,151,151,0,6.0,3.1,169.0,No,,0,No Waste,No,Low
INV002327,2025-04-15,Restaurant,Vegetables,103,103,0,5.0,8.9,110.0,No,Hot,0,No Waste,No,Low
INV002328,2025-04-15,Cafeteria,Bakery,73,73,0,2.0,29.1,75.0,No,Sunny,0,No Waste,No,Low
INV002329,2025-04-15,Restaurant,Prepared Food,96,64,32,1.0,16.5,64.0,Yes,Rainy,12,Expired,No,High
INV002330,2025-04-15,Supermarket,Meat,188,169,19,3.0,1.0,169.0,No,Sunny,2,Expired,No,Low
INV002331,2025-04-15,Supermarket,Bakery,246,246,0,4.0,25.9,253.0,Yes,Sunny,0,No Waste,No,Low
INV002332,2025-04-15,Cafeteria,Meat,56,55,1,5.0,4.9,55.0,No,Sunny,0,No Waste,No,Low
INV002333,2025-04-15,Restaurant,Bakery,104,90,14,4.0,25.1,90.0,No,Hot,2,Low Demand,No,Low
INV002334,2025-04-15,Cafeteria,Fruits,61,32,29,8.0,5.6,32.0,No,Rainy,6,Low Demand,Yes,High
INV002335,2025-04-15,Cafeteria,Dairy,79,48,31,9.0,0.6,48.0,No,Sunny,3,Overproduction,No,Medium
INV002336,2025-04-15,Cloud Kitchen,Fruits,102,91,11,6.0,2.7,91.0,No,Hot,1,Low Demand,No,High
INV002337,2025-04-15,Cafeteria,Meat,75,39,36,3.0,3.9,39.0,No,Rainy,11,Overproduction,Yes,High
INV002338,2025-04-15,Restaurant,Dairy,98,98,0,5.0,4.3,98.0,No,Sunny,0,No Waste,No,Low
INV002339,2025-04-15,Supermarket,Vegetables,166,144,22,10.0,7.4,144.0,No,Hot,4,Expired,No,Medium
INV002340,2025-04-15,Cafeteria,Vegetables,60,60,0,3.0,5.1,64.0,No,Sunny,0,No Waste,No,Low
INV002341,2025-04-15,Cafeteria,Fruits,54,54,0,5.0,9.2,63.0,No,Cloudy,0,No Waste,No,Low
INV002342,2025-04-15,Cloud Kitchen,Meat,117,104,13,4.0,-2.1,104.0,No,Hot,2,Expired,No,Low
INV002343,2025-04-16,Supermarket,Vegetables,145,138,7,8.0,1.2,138.0,No,Sunny,0,No Waste,No,Low
INV002344,2025-04-16,Cafeteria,Dairy,70,58,12,5.0,4.9,58.0,No,Hot,2,Low Demand,Yes,Medium
INV002345,2025-04-16,Cloud Kitchen,Prepared Food,108,100,8,1.0,15.8,100.0,No,Hot,3,Expired,No,Medium
INV002346,2025-04-16,Restaurant,Dairy,76,64,12,8.0,2.6,64.0,No,,1,Low Demand,No,Low
INV002347,2025-04-16,Cloud Kitchen,Meat,198,149,49,1.0,5.0,149.0,Yes,Sunny,16,Expired,No,Medium
INV002348,2025-04-16,Cloud Kitchen,Fruits,133,112,21,5.0,3.8,112.0,Yes,Sunny,4,Expired,No,Medium
INV002349,2025-04-16,Cloud Kitchen,Fruits,147,103,44,5.0,11.3,103.0,No,,11,Overproduction,No,Medium
INV002350,2025-04-16,Supermarket,Meat,189,124,65,5.0,1.3,124.0,Yes,Cloudy,13,Overproduction,No,Medium
INV002351,2025-04-16,Restaurant,Meat,87,55,32,6.0,-1.6,55.0,No,Rainy,6,Overproduction,,Medium
INV002352,2025-04-16,Supermarket,Fruits,164,138,26,6.0,10.0,138.0,No,Sunny,3,Storage Issue,No,Low
INV002353,2025-04-16,Cafeteria,Vegetables,68,43,25,7.0,6.4,43.0,No,Hot,6,Low Demand,No,High
INV002354,2025-04-16,Cafeteria,Meat,69,69,0,1.0,0.5,73.0,No,Sunny,0,No Waste,No,Low
INV002355,2025-04-16,Cafeteria,Prepared Food,55,55,0,1.0,20.9,59.0,No,Sunny,0,No Waste,No,Low
INV002356,2025-04-16,Cloud Kitchen,Bakery,127,127,0,2.0,30.8,188.0,Yes,Sunny,0,No Waste,No,Low
INV002357,2025-04-16,Supermarket,Meat,154,154,0,6.0,3.3,199.0,No,Hot,0,No Waste,No,Low
INV002358,2025-04-16,Cafeteria,Dairy,116,96,20,4.0,3.5,96.0,Yes,,4,Expired,No,Medium
INV002359,2025-04-16,Supermarket,Bakery,159,131,28,2.0,22.5,131.0,No,Sunny,8,Expired,No,Medium
INV002360,2025-04-16,Supermarket,Dairy,151,151,0,5.0,7.3,164.0,No,Sunny,0,No Waste,No,Low
INV002361,2025-04-17,Cafeteria,Prepared Food,77,77,0,2.0,28.5,91.0,Yes,Sunny,0,No Waste,No,Low
INV002362,2025-04-17,Cafeteria,Prepared Food,51,40,11,1.0,13.4,40.0,No,Rainy,4,Low Demand,No,Medium
INV002363,2025-04-17,Cafeteria,Vegetables,74,59,15,6.0,10.6,59.0,No,Sunny,3,Storage Issue,No,Medium
INV002364,2025-04-17,Cloud Kitchen,Fruits,120,82,38,,10.8,82.0,No,Cloudy,7,Overproduction,Yes,Medium
INV002365,2025-04-17,Restaurant,Meat,113,66,47,4.0,5.0,66.0,No,Cloudy,15,Overproduction,Yes,High
INV002366,2025-04-17,Supermarket,Bakery,160,160,0,3.0,17.3,162.0,No,Hot,0,No Waste,No,Low
INV002367,2025-04-17,Restaurant,Prepared Food,105,84,21,1.0,20.6,84.0,No,Sunny,7,Expired,No,Medium
INV002368,2025-04-17,Restaurant,Bakery,140,76,64,3.0,20.9,76.0,No,Sunny,15,Overproduction,Yes,High
INV002369,2025-04-17,Supermarket,Vegetables,218,120,98,5.0,5.9,120.0,No,Sunny,17,Overproduction,No,Medium
INV002370,2025-04-17,Supermarket,Bakery,209,147,62,2.0,25.5,147.0,No,Rainy,21,Expired,No,High
INV002371,2025-04-17,Restaurant,Prepared Food,94,79,15,1.0,28.8,79.0,No,Cloudy,7,Storage Issue,No,Medium
INV002372,2025-04-17,Cloud Kitchen,Bakery,92,75,17,,18.9,75.0,No,Rainy,5,Expired,No,Medium
INV002373,2025-04-17,Cloud Kitchen,Meat,100,70,30,1.0,-0.8,70.0,No,Rainy,10,Expired,No,High
INV002374,2025-04-17,Supermarket,Vegetables,138,138,0,9.0,3.6,175.0,No,Sunny,0,No Waste,No,Low
INV002375,2025-04-17,Cloud Kitchen,Dairy,121,61,60,4.0,7.7,61.0,No,Rainy,16,Overproduction,Yes,High
INV002376,2025-04-17,Restaurant,Meat,107,105,2,4.0,0.7,105.0,No,Hot,0,No Waste,No,Low
INV002377,2025-04-17,Cafeteria,Vegetables,80,67,13,4.0,3.7,67.0,No,,2,Low Demand,No,Medium
INV002378,2025-04-17,Supermarket,Dairy,149,149,0,11.0,3.9,182.0,Yes,Cloudy,0,No Waste,No,Low
INV002379,2025-04-17,Restaurant,Dairy,65,65,0,10.0,-0.6,82.0,No,Hot,0,No Waste,No,Low
INV002380,2025-04-17,Cafeteria,Bakery,64,59,5,2.0,20.9,59.0,No,Sunny,1,Low Demand,No,Low
INV002381,2025-04-17,Cloud Kitchen,Vegetables,81,81,0,2.0,7.3,85.0,No,Cloudy,0,No Waste,No,Low
INV002382,2025-04-17,Supermarket,Meat,212,110,102,6.0,3.9,110.0,No,Rainy,22,Overproduction,Yes,High
INV002383,2025-04-17,Supermarket,Meat,143,143,0,3.0,2.0,215.0,Yes,Sunny,0,No Waste,No,Low
INV002384,2025-04-17,Cloud Kitchen,Fruits,112,76,36,,6.6,76.0,No,Rainy,5,Low Demand,No,Medium
INV002385,2025-04-17,Supermarket,Vegetables,145,145,0,8.0,8.4,161.0,No,Sunny,0,No Waste,No,Low
INV002386,2025-04-17,Cafeteria,Fruits,77,60,17,3.0,7.1,60.0,No,Sunny,2,Low Demand,No,Medium
INV002387,2025-04-17,Cloud Kitchen,Dairy,82,78,4,8.0,6.4,78.0,No,Cloudy,0,No Waste,No,Low
INV002388,2025-04-17,Restaurant,Fruits,90,90,0,4.0,,129.0,Yes,Cloudy,0,No Waste,No,Low
INV002389,2025-04-17,Supermarket,Fruits,166,166,0,3.0,10.2,194.0,No,Sunny,0,No Waste,No,Low
INV002390,2025-04-17,Restaurant,Dairy,69,69,0,,1.6,87.0,No,Hot,0,No Waste,No,Low
INV002391,2025-04-17,Restaurant,Dairy,101,77,24,2.0,2.2,77.0,No,Sunny,5,Low Demand,No,Medium
INV002392,2025-04-17,Supermarket,Fruits,143,143,0,7.0,8.8,148.0,No,Sunny,0,No Waste,No,Low
INV002393,2025-04-17,Supermarket,Bakery,139,139,0,2.0,27.8,,No,Hot,0,No Waste,No,Medium
INV002394,2025-04-17,Restaurant,Prepared Food,82,56,26,1.0,32.0,56.0,No,Rainy,17,Storage Issue,Yes,High
INV002395,2025-04-18,Cafeteria,Dairy,81,67,14,3.0,5.9,67.0,No,Cloudy,3,Low Demand,Yes,Medium
INV002396,2025-04-18,Restaurant,Fruits,67,52,15,3.0,8.5,52.0,No,Rainy,3,Low Demand,No,Medium
INV002397,2025-04-18,Supermarket,Dairy,267,160,107,8.0,1.7,160.0,Yes,Cloudy,22,Overproduction,Yes,Medium
INV002398,2025-04-18,Supermarket,Dairy,170,134,36,7.0,5.3,134.0,No,Cloudy,8,Storage Issue,Yes,Medium
INV002399,2025-04-18,Supermarket,Fruits,684,141,543,3.0,8.7,141.0,No,Sunny,231,Overproduction,Yes,High
INV002400,2025-04-18,Cloud Kitchen,Vegetables,111,110,1,4.0,5.4,110.0,No,Hot,0,No Waste,No,Low
INV002401,2025-04-18,Supermarket,Vegetables,151,151,0,6.0,2.6,169.0,No,Hot,0,No Waste,No,Low
INV002402,2025-04-18,Supermarket,Dairy,136,134,2,2.0,4.3,134.0,No,Hot,0,No Waste,No,Low
INV002403,2025-04-18,Supermarket,Fruits,154,154,0,3.0,11.8,205.0,No,Hot,0,No Waste,No,Low
INV002404,2025-04-18,Cloud Kitchen,Meat,169,136,33,6.0,-0.3,136.0,Yes,Cloudy,5,Low Demand,No,Medium
INV002405,2025-04-18,Supermarket,Vegetables,110,110,0,4.0,6.8,137.0,No,Cloudy,0,No Waste,No,Low
INV002406,2025-04-18,Restaurant,Meat,68,68,0,3.0,4.2,122.0,No,Hot,0,No Waste,No,Low
INV002407,2025-04-18,Restaurant,Vegetables,71,71,0,6.0,1.4,79.0,Yes,Rainy,0,No Waste,No,Low
INV002408,2025-04-18,Supermarket,Fruits,176,159,17,2.0,16.1,159.0,No,Hot,6,Storage Issue,No,Medium
INV002409,2025-04-18,Restaurant,Meat,70,50,20,5.0,3.9,50.0,No,Rainy,4,Low Demand,No,Medium
INV002410,2025-04-18,Cloud Kitchen,Dairy,84,84,0,1.0,5.2,117.0,No,Hot,0,No Waste,No,Low
INV002411,2025-04-18,Cafeteria,Prepared Food,66,54,12,2.0,24.0,54.0,No,Rainy,3,Low Demand,No,Medium
INV002412,2025-04-18,Cafeteria,Fruits,91,33,58,5.0,3.4,33.0,No,Rainy,17,Overproduction,Yes,High
INV002413,2025-04-18,Restaurant,Vegetables,101,73,28,8.0,4.2,73.0,No,Cloudy,5,Overproduction,No,Medium
INV002414,2025-04-19,Cloud Kitchen,Meat,122,122,0,5.0,-0.7,147.0,No,Hot,0,No Waste,No,Low
INV002415,2025-04-19,Restaurant,Prepared Food,125,81,44,1.0,20.3,81.0,No,Sunny,18,Expired,No,High
INV002416,2025-04-19,Cafeteria,Dairy,76,60,16,6.0,7.5,60.0,No,Cloudy,3,Low Demand,No,Medium
INV002417,2025-04-19,Supermarket,Dairy,136,135,1,6.0,4.1,135.0,No,Hot,0,No Waste,No,Low
INV002418,2025-04-19,Cloud Kitchen,Fruits,126,84,42,4.0,1.9,84.0,No,Sunny,9,Overproduction,Yes,Medium
INV002419,2025-04-19,Supermarket,Meat,184,167,17,6.0,0.1,167.0,No,Sunny,1,Expired,No,Low
INV002420,2025-04-19,Cafeteria,Vegetables,61,61,0,2.0,5.0,63.0,No,Sunny,0,No Waste,No,Low
INV002421,2025-04-19,Cloud Kitchen,Fruits,144,102,42,5.0,6.5,102.0,No,Hot,9,Overproduction,No,Medium
INV002422,2025-04-19,Cafeteria,Vegetables,74,74,0,3.0,0.2,87.0,Yes,Sunny,0,No Waste,No,Low
INV002423,2025-04-19,Cloud Kitchen,Prepared Food,130,113,17,1.0,21.6,113.0,No,Sunny,5,Expired,No,Medium
INV002424,2025-04-19,Cloud Kitchen,Bakery,87,87,0,4.0,24.0,117.0,No,Sunny,0,No Waste,No,Low
INV002425,2025-04-19,Restaurant,Vegetables,80,80,0,5.0,3.1,86.0,No,Hot,0,No Waste,No,Low
INV002426,2025-04-19,Supermarket,Vegetables,159,159,0,4.0,9.6,201.0,No,Hot,0,No Waste,No,Low
INV002427,2025-04-19,Restaurant,Bakery,81,81,0,4.0,12.4,83.0,No,Cloudy,0,No Waste,No,Low
INV002428,2025-04-19,Restaurant,Vegetables,103,90,13,7.0,7.6,90.0,Yes,Rainy,1,Low Demand,No,Low
INV002429,2025-04-19,Cafeteria,Prepared Food,54,43,11,1.0,18.2,43.0,No,Rainy,3,Expired,No,Medium
INV002430,2025-04-19,Cafeteria,Fruits,94,80,14,,2.2,80.0,Yes,,2,Low Demand,No,Medium
INV002431,2025-04-19,Cafeteria,Fruits,58,58,0,3.0,6.7,73.0,No,Sunny,0,No Waste,No,Low
INV002432,2025-04-20,Restaurant,Dairy,91,86,5,8.0,4.1,86.0,No,Hot,1,Low Demand,No,Low
INV002433,2025-04-20,Supermarket,Meat,160,160,0,7.0,2.9,187.0,No,Sunny,0,No Waste,No,Low
INV002434,2025-04-20,Supermarket,Vegetables,137,134,3,10.0,7.0,134.0,No,Cloudy,0,No Waste,No,Low
INV002435,2025-04-20,Restaurant,Fruits,70,70,0,1.0,10.2,105.0,No,Hot,0,No Waste,No,Low
INV002436,2025-04-20,Cloud Kitchen,Dairy,102,102,0,6.0,2.7,108.0,No,Hot,0,No Waste,No,Low
INV002437,2025-04-20,Supermarket,Dairy,196,188,8,7.0,4.5,188.0,No,Cloudy,0,No Waste,No,Low
INV002438,2025-04-20,Cafeteria,Vegetables,76,42,34,6.0,11.7,42.0,No,Rainy,10,Overproduction,No,High
INV002439,2025-04-20,Cloud Kitchen,Vegetables,91,91,0,6.0,2.2,,No,Hot,0,No Waste,No,Low
INV002440,2025-04-20,Cloud Kitchen,Fruits,147,115,32,4.0,8.3,115.0,No,Hot,6,Overproduction,No,Medium
INV002441,2025-04-20,Supermarket,Vegetables,174,174,0,4.0,9.5,238.0,Yes,Sunny,0,No Waste,No,Low
INV002442,2025-04-20,Restaurant,Prepared Food,84,84,0,3.0,28.0,105.0,Yes,Hot,0,No Waste,No,Low
INV002443,2025-04-20,Restaurant,Fruits,134,131,3,5.0,5.0,131.0,Yes,Sunny,0,No Waste,No,Low
INV002444,2025-04-20,Restaurant,Dairy,84,84,0,7.0,,96.0,No,Cloudy,0,No Waste,No,Low
INV002445,2025-04-20,Cafeteria,Vegetables,66,64,2,2.0,7.4,64.0,No,Cloudy,0,No Waste,No,Low
INV002446,2025-04-20,Restaurant,Bakery,86,78,8,4.0,17.5,78.0,No,Hot,1,Low Demand,No,Low
INV002447,2025-04-20,Cloud Kitchen,Vegetables,84,84,0,7.0,11.2,86.0,No,Hot,0,No Waste,No,Low
INV002448,2025-04-20,Cafeteria,Prepared Food,68,33,35,3.0,25.4,33.0,No,Rainy,13,Overproduction,Yes,High
INV002449,2025-04-20,Supermarket,Bakery,143,143,0,2.0,30.9,158.0,No,Sunny,0,No Waste,No,Low
INV002450,2025-04-20,Supermarket,Prepared Food,904,224,680,,29.9,224.0,Yes,Cloudy,447,Overproduction,Yes,High
INV002451,2025-04-20,Supermarket,Bakery,151,151,0,1.0,19.4,171.0,No,Hot,0,No Waste,No,Low
INV002452,2025-04-20,Restaurant,Dairy,95,89,6,4.0,2.9,89.0,No,Cloudy,1,Low Demand,No,High
INV002453,2025-04-20,Cloud Kitchen,Bakery,127,127,0,2.0,13.6,135.0,No,Sunny,0,No Waste,No,Low
INV002454,2025-04-20,Cloud Kitchen,Fruits,85,85,0,8.0,8.2,142.0,Yes,Hot,0,No Waste,No,Low
INV002455,2025-04-20,Cafeteria,Vegetables,68,68,0,5.0,7.2,76.0,Yes,Sunny,0,No Waste,No,Low
INV002456,2025-04-20,Cloud Kitchen,Prepared Food,117,109,8,1.0,19.4,109.0,No,Cloudy,3,Expired,No,Medium
INV002457,2025-04-20,Cafeteria,Meat,85,63,22,3.0,6.8,63.0,No,Sunny,6,Storage Issue,Yes,Medium
INV002458,2025-04-20,Restaurant,Meat,68,68,0,1.0,4.7,77.0,No,Sunny,0,No Waste,No,Low
INV002459,2025-04-20,Cafeteria,Bakery,66,57,9,2.0,16.3,57.0,No,Hot,2,Low Demand,No,Medium
INV002460,2025-04-21,Cloud Kitchen,Dairy,133,133,0,1.0,6.7,176.0,Yes,Cloudy,0,No Waste,No,Low
INV002461,2025-04-21,Restaurant,Vegetables,86,79,7,3.0,5.5,79.0,No,Sunny,1,Low Demand,No,Low
INV002462,2025-04-21,Cafeteria,Prepared Food,73,73,0,,17.4,99.0,Yes,Hot,0,No Waste,No,Low
INV002463,2025-04-21,Cafeteria,Bakery,62,62,0,1.0,28.3,90.0,Yes,Hot,0,No Waste,No,Low
INV002464,2025-04-21,Cloud Kitchen,Meat,138,109,29,4.0,1.6,109.0,No,Hot,4,Overproduction,No,Medium
INV002465,2025-04-21,Cloud Kitchen,Vegetables,121,88,33,5.0,8.8,88.0,No,Rainy,7,Overproduction,No,Medium
INV002466,2025-04-21,Cloud Kitchen,Meat,131,127,4,5.0,2.6,127.0,No,Sunny,0,No Waste,No,Low
INV002467,2025-04-21,Restaurant,Bakery,90,90,0,3.0,30.1,101.0,Yes,Hot,0,No Waste,No,High
INV002468,2025-04-21,Supermarket,Prepared Food,205,162,43,2.0,21.7,162.0,No,Cloudy,14,Expired,No,Medium
INV002469,2025-04-21,Restaurant,Prepared Food,87,87,0,1.0,23.8,107.0,Yes,Sunny,0,No Waste,No,Low
INV002470,2025-04-21,Supermarket,Fruits,146,146,0,3.0,6.2,161.0,No,Hot,0,No Waste,No,Low
INV002471,2025-04-21,Supermarket,Dairy,109,109,0,7.0,3.1,185.0,No,Hot,0,No Waste,No,Low
INV002472,2025-04-21,Cloud Kitchen,Fruits,99,98,1,7.0,12.7,98.0,No,Sunny,0,No Waste,No,Low
INV002473,2025-04-21,Restaurant,Bakery,91,91,0,4.0,19.1,95.0,No,Hot,0,No Waste,No,Low
INV002474,2025-04-21,Cafeteria,Vegetables,59,59,0,,5.1,61.0,No,Hot,0,No Waste,No,Low
INV002475,2025-04-21,Restaurant,Fruits,95,90,5,4.0,,90.0,No,Sunny,1,Expired,No,Low
INV002476,2025-04-21,Restaurant,Prepared Food,106,49,57,2.0,24.8,49.0,No,Rainy,22,Overproduction,Yes,High
INV002477,2025-04-21,Supermarket,Fruits,196,86,110,3.0,7.9,86.0,No,Rainy,30,Overproduction,Yes,High
INV002478,2025-04-21,Restaurant,Meat,91,71,20,1.0,6.9,71.0,No,Cloudy,10,Expired,No,High
INV002479,2025-04-21,Supermarket,Prepared Food,102,102,0,3.0,18.3,167.0,No,Sunny,0,No Waste,No,Low
INV002480,2025-04-21,Cafeteria,Meat,60,49,11,3.0,2.1,49.0,No,Rainy,2,Low Demand,No,Medium
INV002481,2025-04-22,Cloud Kitchen,Prepared Food,112,112,0,3.0,25.1,114.0,No,Cloudy,0,No Waste,No,Low
INV002482,2025-04-22,Restaurant,Vegetables,96,96,0,5.0,-0.4,118.0,No,Sunny,0,No Waste,No,Low
INV002483,2025-04-22,Cloud Kitchen,Dairy,96,78,18,8.0,4.1,78.0,No,Cloudy,2,Low Demand,No,Medium
INV002484,2025-04-22,Restaurant,Fruits,85,52,33,6.0,11.8,52.0,No,Sunny,9,Overproduction,No,High
INV002485,2025-04-22,Cafeteria,Bakery,59,39,20,4.0,22.2,39.0,No,Rainy,4,Low Demand,No,Medium
INV002486,2025-04-22,Supermarket,Fruits,187,96,91,6.0,7.4,96.0,No,Rainy,20,Overproduction,Yes,High
INV002487,2025-04-22,Supermarket,Bakery,179,85,94,3.0,,85.0,No,Rainy,30,Overproduction,Yes,High
INV002488,2025-04-22,Supermarket,Meat,191,140,51,5.0,7.0,140.0,No,Sunny,14,Storage Issue,,Medium
INV002489,2025-04-22,Restaurant,Meat,68,68,0,6.0,0.3,87.0,No,Hot,0,No Waste,No,Low
INV002490,2025-04-22,Cloud Kitchen,Prepared Food,94,94,0,2.0,22.7,122.0,No,Sunny,0,No Waste,No,Low
INV002491,2025-04-22,Cloud Kitchen,Dairy,180,91,89,4.0,0.0,91.0,Yes,Rainy,19,Overproduction,No,High
INV002492,2025-04-22,Supermarket,Prepared Food,162,142,20,2.0,13.6,142.0,No,Cloudy,5,Expired,No,Medium
INV002493,2025-04-22,Cafeteria,Prepared Food,66,66,0,,13.1,80.0,No,Hot,0,No Waste,No,Low
INV002494,2025-04-22,Supermarket,Vegetables,183,183,0,7.0,5.9,227.0,Yes,Sunny,0,No Waste,No,Low
INV002495,2025-04-22,Restaurant,Prepared Food,72,72,0,2.0,31.0,122.0,Yes,Cloudy,0,No Waste,No,Low
INV002496,2025-04-22,Cafeteria,Bakery,101,55,46,2.0,24.4,55.0,No,Cloudy,16,Overproduction,Yes,High
INV002497,2025-04-22,Supermarket,Fruits,173,173,0,2.0,7.9,174.0,No,Sunny,0,No Waste,No,Low
INV002498,2025-04-22,Restaurant,Meat,96,81,15,4.0,-0.3,81.0,No,Sunny,1,Low Demand,No,Low
INV002499,2025-04-22,Supermarket,Dairy,113,113,0,4.0,2.3,122.0,No,Cloudy,0,No Waste,No,Low
INV002500,2025-04-22,Restaurant,Vegetables,113,113,0,5.0,-1.4,117.0,Yes,Sunny,0,No Waste,No,Low
INV002501,2025-04-22,Restaurant,Prepared Food,70,70,0,2.0,13.4,76.0,No,Sunny,0,No Waste,No,Low
INV002502,2025-04-22,Cafeteria,Fruits,65,42,23,8.0,8.2,42.0,No,Rainy,3,Low Demand,Yes,Medium
INV002503,2025-04-22,Cafeteria,Dairy,70,68,2,9.0,6.9,68.0,No,Hot,0,No Waste,No,Low
INV002504,2025-04-22,Restaurant,Bakery,77,54,23,2.0,24.9,54.0,No,Rainy,8,Low Demand,No,High
INV002505,2025-04-22,Supermarket,Vegetables,247,166,81,9.0,4.1,166.0,No,Hot,16,Overproduction,Yes,Medium
INV002506,2025-04-23,Cafeteria,Vegetables,94,74,20,,5.2,74.0,Yes,Hot,2,Overproduction,No,Medium
INV002507,2025-04-23,Cafeteria,Prepared Food,60,60,0,2.0,20.1,99.0,Yes,Sunny,0,No Waste,No,Low
INV002508,2025-04-23,Restaurant,Dairy,96,92,4,9.0,6.2,92.0,Yes,Cloudy,0,No Waste,No,Low
INV002509,2025-04-23,Restaurant,Prepared Food,294,71,223,1.0,28.3,71.0,No,Cloudy,145,Overproduction,No,High
INV002510,2025-04-23,Cloud Kitchen,Prepared Food,157,94,63,2.0,15.6,94.0,No,Sunny,17,Overproduction,Yes,High
INV002511,2025-04-23,Cloud Kitchen,Prepared Food,102,89,13,2.0,23.3,89.0,No,Hot,3,Expired,No,Medium
INV002512,2025-04-23,Restaurant,Dairy,127,110,17,2.0,2.1,110.0,Yes,,4,Expired,No,Medium
INV002513,2025-04-23,Cafeteria,Fruits,72,64,8,6.0,4.4,64.0,No,Cloudy,1,Low Demand,No,Low
INV002514,2025-04-23,Supermarket,Dairy,193,193,0,7.0,5.8,219.0,Yes,Cloudy,0,No Waste,No,Low
INV002515,2025-04-23,Cloud Kitchen,Fruits,99,99,0,2.0,5.8,105.0,No,Hot,0,No Waste,No,Low
INV002516,2025-04-23,Supermarket,Prepared Food,195,129,66,1.0,22.1,129.0,No,Sunny,26,Expired,No,Low
INV002517,2025-04-23,Restaurant,Prepared Food,112,96,16,3.0,18.9,96.0,No,Sunny,3,Low Demand,No,Medium
INV002518,2025-04-23,Cafeteria,Vegetables,61,61,0,6.0,11.8,70.0,Yes,Cloudy,0,No Waste,No,Low
INV002519,2025-04-23,Supermarket,Meat,166,166,0,2.0,2.0,175.0,No,Hot,0,No Waste,No,Low
INV002520,2025-04-23,Supermarket,Meat,158,158,0,3.0,-1.4,166.0,No,Sunny,0,No Waste,No,Low
INV002521,2025-04-23,Cloud Kitchen,Vegetables,86,85,1,6.0,2.1,85.0,No,Cloudy,0,No Waste,No,Low
INV002522,2025-04-23,Restaurant,Prepared Food,92,92,0,1.0,,146.0,Yes,Hot,0,No Waste,No,Low
INV002523,2025-04-23,Cloud Kitchen,Prepared Food,158,136,22,2.0,21.5,136.0,Yes,Hot,5,Expired,No,Medium
INV002524,2025-04-23,Cafeteria,Dairy,53,53,0,6.0,4.5,71.0,No,Hot,0,No Waste,No,Low
INV002525,2025-04-23,Supermarket,Prepared Food,191,119,72,2.0,23.1,119.0,Yes,Rainy,24,Overproduction,Yes,High
INV002526,2025-04-23,Restaurant,Prepared Food,90,90,0,2.0,21.5,92.0,No,Hot,0,No Waste,No,Low
INV002527,2025-04-23,Restaurant,Vegetables,96,94,2,7.0,8.2,94.0,No,Hot,0,No Waste,No,Low
INV002528,2025-04-23,Restaurant,Vegetables,89,87,2,7.0,3.5,87.0,No,Cloudy,0,No Waste,,Low
INV002529,2025-04-23,Cloud Kitchen,Vegetables,106,106,0,6.0,9.4,116.0,No,Hot,0,No Waste,No,Low
INV002530,2025-04-24,Supermarket,Bakery,172,163,9,4.0,23.1,163.0,No,Hot,2,Expired,No,Low
INV002531,2025-04-24,Cloud Kitchen,Meat,108,108,0,8.0,6.1,115.0,No,Hot,0,No Waste,No,Low
INV002532,2025-04-24,Supermarket,Prepared Food,154,142,12,1.0,18.7,142.0,Yes,Rainy,3,Expired,No,Low
INV002533,2025-04-24,Restaurant,Vegetables,99,79,20,4.0,7.8,79.0,No,Hot,4,Low Demand,No,Medium
INV002534,2025-04-24,Supermarket,Bakery,134,134,0,2.0,16.1,202.0,No,Sunny,0,No Waste,No,Low
INV002535,2025-04-24,Restaurant,Dairy,121,82,39,5.0,4.5,82.0,No,Hot,8,Low Demand,Yes,Medium
INV002536,2025-04-24,Supermarket,Fruits,186,150,36,,5.6,150.0,No,Sunny,5,Expired,No,Medium
INV002537,2025-04-24,Restaurant,Meat,122,56,66,2.0,3.3,,No,Rainy,25,Overproduction,Yes,High
INV002538,2025-04-24,Supermarket,Fruits,211,117,94,1.0,15.1,117.0,Yes,Rainy,49,Overproduction,Yes,High
INV002539,2025-04-24,Restaurant,Fruits,92,72,20,3.0,9.9,72.0,Yes,Rainy,5,Overproduction,Yes,Medium
INV002540,2025-04-24,Supermarket,Vegetables,195,153,42,6.0,4.3,153.0,No,Hot,3,Low Demand,No,Low
INV002541,2025-04-24,Cafeteria,Fruits,68,51,17,4.0,9.0,51.0,No,Cloudy,3,Low Demand,No,Medium
INV002542,2025-04-24,Cloud Kitchen,Meat,116,116,0,6.0,2.6,164.0,Yes,Sunny,0,No Waste,No,Low
INV002543,2025-04-24,Supermarket,Vegetables,149,149,0,4.0,4.5,210.0,No,Sunny,0,No Waste,No,Low
INV002544,2025-04-24,Cloud Kitchen,Vegetables,92,92,0,4.0,2.7,142.0,Yes,Sunny,0,No Waste,No,Low
INV002545,2025-04-24,Supermarket,Dairy,211,211,0,10.0,3.0,266.0,Yes,Sunny,0,No Waste,No,Low
INV002546,2025-04-24,Cafeteria,Bakery,60,60,0,2.0,23.9,68.0,No,Sunny,0,No Waste,No,Low
INV002547,2025-04-24,Restaurant,Dairy,92,70,22,9.0,3.4,70.0,No,Cloudy,4,Low Demand,No,Medium
INV002548,2025-04-24,Supermarket,Prepared Food,188,155,33,2.0,19.0,155.0,No,Sunny,8,Expired,No,Medium
INV002549,2025-04-24,Restaurant,Fruits,90,90,0,6.0,9.6,136.0,Yes,Hot,0,No Waste,No,Low
INV002550,2025-04-24,Restaurant,Bakery,89,50,39,2.0,29.2,50.0,No,Rainy,18,Storage Issue,Yes,High
INV002551,2025-04-24,Restaurant,Bakery,69,63,6,4.0,27.3,63.0,No,Rainy,1,Storage Issue,No,Low
INV002552,2025-04-24,Cafeteria,Meat,63,50,13,3.0,2.6,50.0,Yes,Rainy,2,Low Demand,No,Medium
INV002553,2025-04-24,Supermarket,Dairy,158,100,58,4.0,4.4,100.0,No,Rainy,13,Expired,No,Medium
INV002554,2025-04-24,Cafeteria,Fruits,66,41,25,3.0,7.8,41.0,No,,7,Low Demand,Yes,High
INV002555,2025-04-24,Restaurant,Bakery,102,73,29,4.0,19.1,73.0,No,Cloudy,6,Low Demand,No,Medium
INV002556,2025-04-24,Restaurant,Dairy,80,71,9,9.0,3.7,71.0,No,Cloudy,1,Low Demand,No,Low
INV002557,2025-04-25,Restaurant,Bakery,74,74,0,3.0,25.2,106.0,No,Hot,0,No Waste,No,Low
INV002558,2025-04-25,Restaurant,Prepared Food,77,77,0,1.0,27.5,125.0,Yes,Sunny,0,No Waste,No,Low
INV002559,2025-04-25,Restaurant,Prepared Food,77,77,0,1.0,18.4,86.0,No,Sunny,0,No Waste,No,High
INV002560,2025-04-25,Cloud Kitchen,Vegetables,113,75,38,7.0,4.4,75.0,No,Rainy,9,Overproduction,Yes,Medium
INV002561,2025-04-25,Supermarket,Meat,220,154,66,5.0,2.1,154.0,No,Hot,14,Overproduction,No,Medium
INV002562,2025-04-25,Cafeteria,Dairy,70,55,15,5.0,3.4,55.0,Yes,Cloudy,3,Low Demand,No,Medium
INV002563,2025-04-25,Cafeteria,Fruits,73,51,22,7.0,9.8,51.0,No,Rainy,4,Low Demand,No,Medium
INV002564,2025-04-25,Restaurant,Dairy,89,71,18,12.0,2.1,71.0,No,Sunny,1,Overproduction,No,Low
INV002565,2025-04-25,Cafeteria,Fruits,70,45,25,7.0,13.5,45.0,No,,8,Low Demand,No,High
INV002566,2025-04-25,Supermarket,Fruits,143,143,0,5.0,13.9,188.0,No,Sunny,0,No Waste,No,Low
INV002567,2025-04-25,Restaurant,Prepared Food,76,74,2,1.0,,74.0,No,Sunny,1,Expired,No,Low
INV002568,2025-04-25,Restaurant,Dairy,99,99,0,6.0,3.3,142.0,Yes,Hot,0,No Waste,No,Low
INV002569,2025-04-25,Cloud Kitchen,Meat,126,94,32,6.0,0.9,94.0,No,Cloudy,5,Overproduction,No,Medium
INV002570,2025-04-25,Supermarket,Meat,163,111,52,4.0,5.1,111.0,No,Cloudy,14,Overproduction,Yes,Medium
INV002571,2025-04-25,Restaurant,Meat,73,73,0,2.0,2.0,81.0,No,Hot,0,No Waste,No,Low
INV002572,2025-04-26,Cloud Kitchen,Bakery,126,126,0,,30.9,142.0,Yes,Hot,0,No Waste,No,Low
INV002573,2025-04-26,Supermarket,Bakery,163,156,7,4.0,22.6,156.0,No,Sunny,1,Expired,No,Low
INV002574,2025-04-26,Supermarket,Fruits,173,173,0,7.0,6.3,199.0,No,Sunny,0,No Waste,No,Low
INV002575,2025-04-26,Cafeteria,Bakery,77,49,28,3.0,20.0,49.0,No,Cloudy,7,Overproduction,No,High
INV002576,2025-04-26,Restaurant,Bakery,124,68,56,1.0,15.8,68.0,No,Rainy,20,Overproduction,Yes,High
INV002577,2025-04-26,Cloud Kitchen,Bakery,107,104,3,2.0,24.0,104.0,No,Sunny,0,No Waste,No,Low
INV002578,2025-04-26,Restaurant,Fruits,87,68,19,5.0,7.2,68.0,No,Cloudy,3,Low Demand,No,Medium
INV002579,2025-04-26,Cloud Kitchen,Bakery,79,79,0,4.0,25.7,89.0,No,Cloudy,0,No Waste,No,Low
INV002580,2025-04-26,Supermarket,Vegetables,132,132,0,8.0,4.6,178.0,No,Sunny,0,No Waste,No,Low
INV002581,2025-04-26,Cloud Kitchen,Dairy,74,74,0,7.0,6.3,85.0,No,Sunny,0,No Waste,No,Low
INV002582,2025-04-26,Supermarket,Fruits,167,119,48,9.0,7.5,119.0,No,Rainy,9,Overproduction,No,Medium
INV002583,2025-04-26,Restaurant,Meat,91,54,37,5.0,1.6,54.0,No,Rainy,10,Overproduction,Yes,High
INV002584,2025-04-26,Cafeteria,Bakery,47,47,0,4.0,28.0,74.0,No,Hot,0,No Waste,No,Low
INV002585,2025-04-26,Restaurant,Dairy,94,81,13,7.0,1.6,81.0,No,Sunny,1,Low Demand,No,Low
INV002586,2025-04-26,Supermarket,Meat,231,225,6,5.0,1.6,,Yes,Hot,0,No Waste,No,Low
INV002587,2025-04-26,Supermarket,Meat,151,117,34,6.0,2.6,117.0,No,Cloudy,7,Overproduction,No,Medium
INV002588,2025-04-26,Supermarket,Bakery,128,128,0,5.0,27.8,196.0,No,Sunny,0,No Waste,No,Low
INV002589,2025-04-26,Cafeteria,Bakery,80,53,27,2.0,24.7,53.0,No,Cloudy,10,Expired,No,High
INV002590,2025-04-26,Cafeteria,Vegetables,50,50,0,8.0,6.7,52.0,No,Sunny,0,No Waste,No,Low
INV002591,2025-04-26,Restaurant,Dairy,68,68,0,3.0,3.1,105.0,No,Sunny,0,No Waste,No,Low
INV002592,2025-04-26,Restaurant,Meat,93,90,3,,2.6,90.0,No,Sunny,1,Expired,No,Low
INV002593,2025-04-26,Restaurant,Dairy,111,75,36,10.0,7.7,75.0,No,,4,Overproduction,No,Medium
INV002594,2025-04-27,Restaurant,Fruits,53,53,0,6.0,9.1,76.0,No,Cloudy,0,No Waste,No,Low
INV002595,2025-04-27,Supermarket,Vegetables,143,142,1,1.0,,142.0,No,Sunny,0,No Waste,No,Low
INV002596,2025-04-27,Cafeteria,Prepared Food,79,62,17,2.0,23.0,62.0,Yes,Cloudy,5,Low Demand,No,Medium
INV002597,2025-04-27,Cloud Kitchen,Bakery,103,103,0,3.0,22.1,132.0,No,Hot,0,No Waste,No,Low
INV002598,2025-04-27,Restaurant,Vegetables,109,51,58,7.0,4.8,,No,Rainy,9,Overproduction,No,Medium
INV002599,2025-04-27,Cafeteria,Bakery,83,83,0,3.0,26.9,84.0,No,Sunny,0,No Waste,No,Low
INV002600,2025-04-27,Supermarket,Meat,190,105,85,5.0,0.4,105.0,No,Cloudy,19,Overproduction,Yes,High
INV002601,2025-04-27,Restaurant,Meat,85,85,0,5.0,6.2,87.0,No,Sunny,0,No Waste,No,Low
INV002602,2025-04-27,Supermarket,Prepared Food,511,284,227,1.0,14.3,284.0,Yes,Hot,103,Expired,No,High
INV002603,2025-04-27,Restaurant,Fruits,69,63,6,,10.3,63.0,No,Cloudy,1,Low Demand,No,Low
INV002604,2025-04-27,Supermarket,Vegetables,208,106,102,9.0,8.4,106.0,No,Rainy,25,Overproduction,,Medium
INV002605,2025-04-27,Supermarket,Dairy,194,143,51,4.0,4.2,143.0,No,Cloudy,12,Overproduction,Yes,Medium
INV002606,2025-04-27,Cloud Kitchen,Meat,85,74,11,5.0,2.1,74.0,No,Cloudy,1,Low Demand,No,Low
INV002607,2025-04-28,Supermarket,Fruits,243,204,39,2.0,13.1,204.0,Yes,Hot,14,Storage Issue,Yes,Medium
INV002608,2025-04-28,Cloud Kitchen,Dairy,109,88,21,3.0,2.3,88.0,No,Hot,4,Expired,No,Medium
INV002609,2025-04-28,Restaurant,Bakery,73,73,0,4.0,18.4,91.0,No,Hot,0,No Waste,No,Low
INV002610,2025-04-28,Restaurant,Fruits,85,62,23,3.0,11.5,62.0,Yes,Rainy,7,Expired,No,Medium
INV002611,2025-04-28,Supermarket,Meat,266,192,74,5.0,,192.0,No,Cloudy,14,Overproduction,Yes,Medium
INV002612,2025-04-28,Cafeteria,Meat,64,62,2,7.0,-0.1,,No,Cloudy,0,No Waste,No,Low
INV002613,2025-04-28,Cloud Kitchen,Meat,107,103,4,6.0,1.4,103.0,No,Hot,0,No Waste,No,Low
INV002614,2025-04-28,Cafeteria,Vegetables,72,71,1,,,71.0,No,Hot,0,No Waste,No,Low
INV002615,2025-04-28,Restaurant,Meat,112,71,41,3.0,-0.5,71.0,No,Cloudy,10,Overproduction,Yes,Low
INV002616,2025-04-28,Cafeteria,Fruits,79,70,9,6.0,7.4,70.0,No,Sunny,2,Low Demand,No,Medium
INV002617,2025-04-28,Restaurant,Meat,59,49,10,4.0,-1.0,49.0,No,Rainy,1,Low Demand,No,Low
INV002618,2025-04-28,Restaurant,Fruits,84,84,0,4.0,15.2,96.0,No,Sunny,0,No Waste,No,Low
INV002619,2025-04-28,Cafeteria,Prepared Food,45,45,0,1.0,22.0,63.0,No,Sunny,0,No Waste,No,Low
INV002620,2025-04-28,Supermarket,Bakery,149,109,40,,25.4,109.0,No,Cloudy,10,Overproduction,No,Medium
INV002621,2025-04-28,Supermarket,Dairy,151,151,0,11.0,6.0,182.0,No,Sunny,0,No Waste,No,Low
INV002622,2025-04-28,Restaurant,Vegetables,82,79,3,8.0,7.1,79.0,No,Cloudy,0,No Waste,No,Low
INV002623,2025-04-28,Restaurant,Bakery,83,83,0,2.0,15.7,118.0,No,Sunny,0,No Waste,No,Low
INV002624,2025-04-28,Cloud Kitchen,Prepared Food,103,103,0,2.0,23.7,111.0,No,Cloudy,0,No Waste,No,Low
INV002625,2025-04-28,Supermarket,Bakery,132,132,0,3.0,32.6,162.0,Yes,Cloudy,0,No Waste,No,Low
INV002626,2025-04-28,Supermarket,Prepared Food,137,137,0,1.0,18.9,158.0,No,,0,No Waste,No,Low
INV002627,2025-04-28,Restaurant,Meat,73,73,0,2.0,-0.1,116.0,Yes,Sunny,0,No Waste,No,Low
INV002628,2025-04-28,Supermarket,Prepared Food,105,105,0,2.0,28.1,206.0,No,Sunny,0,No Waste,No,Low
INV002629,2025-04-28,Restaurant,Dairy,69,67,2,9.0,6.1,67.0,No,Rainy,0,No Waste,No,Low
INV002630,2025-04-29,Cafeteria,Dairy,57,57,0,12.0,4.1,68.0,No,Hot,0,No Waste,No,Low
INV002631,2025-04-29,Supermarket,Meat,126,126,0,4.0,0.5,143.0,No,Cloudy,0,No Waste,No,Low
INV002632,2025-04-29,Cloud Kitchen,Fruits,124,90,34,6.0,6.2,90.0,No,Sunny,6,Overproduction,Yes,Medium
INV002633,2025-04-29,Restaurant,Dairy,90,90,0,6.0,3.8,97.0,No,Cloudy,0,No Waste,No,Low
INV002634,2025-04-29,Supermarket,Prepared Food,203,133,70,1.0,21.8,133.0,No,Cloudy,26,Expired,No,High
INV002635,2025-04-29,Cafeteria,Fruits,71,60,11,5.0,13.2,60.0,No,Cloudy,2,Low Demand,No,Medium
INV002636,2025-04-29,Supermarket,Vegetables,207,101,106,4.0,5.5,101.0,No,Rainy,31,Overproduction,Yes,High
INV002637,2025-04-29,Restaurant,Meat,104,69,35,4.0,3.1,69.0,Yes,Rainy,7,Overproduction,No,Medium
INV002638,2025-04-29,Restaurant,Meat,63,58,5,2.0,3.8,58.0,No,Rainy,1,Expired,No,Low
INV002639,2025-04-29,Restaurant,Vegetables,62,62,0,8.0,1.7,78.0,No,Hot,0,No Waste,No,Low
INV002640,2025-04-29,Cafeteria,Bakery,80,80,0,3.0,21.5,122.0,Yes,Cloudy,0,No Waste,No,Low
INV002641,2025-04-29,Supermarket,Bakery,242,114,128,3.0,25.5,114.0,No,Rainy,40,Overproduction,Yes,High
INV002642,2025-04-29,Supermarket,Fruits,162,121,41,3.0,9.6,121.0,No,Cloudy,9,Expired,No,Medium
INV002643,2025-04-29,Cloud Kitchen,Prepared Food,105,105,0,2.0,20.6,106.0,No,Cloudy,0,No Waste,No,Low
INV002644,2025-04-29,Cafeteria,Dairy,47,47,0,10.0,2.5,56.0,No,Sunny,0,No Waste,No,Low
INV002645,2025-04-29,Cafeteria,Vegetables,66,60,6,6.0,6.1,60.0,No,Sunny,0,No Waste,No,Low
INV002646,2025-04-29,Restaurant,Prepared Food,90,90,0,1.0,8.6,100.0,No,Cloudy,0,No Waste,No,Low
INV002647,2025-04-29,Cloud Kitchen,Prepared Food,106,81,25,1.0,16.9,81.0,No,Sunny,9,Expired,No,Medium
INV002648,2025-04-29,Cloud Kitchen,Dairy,96,93,3,4.0,-1.2,93.0,No,Cloudy,1,Low Demand,No,Low
INV002649,2025-04-29,Restaurant,Dairy,88,79,9,7.0,6.4,79.0,No,Cloudy,1,Low Demand,No,Low
INV002650,2025-04-29,Supermarket,Meat,224,156,68,6.0,-0.3,156.0,No,Hot,13,Expired,No,High
INV002651,2025-04-30,Cloud Kitchen,Meat,99,99,0,1.0,2.7,103.0,No,Hot,0,No Waste,No,Low
INV002652,2025-04-30,Restaurant,Fruits,71,71,0,8.0,3.1,87.0,No,Cloudy,0,No Waste,No,Low
INV002653,2025-04-30,Restaurant,Prepared Food,111,90,21,2.0,22.2,90.0,No,Hot,7,Expired,No,Medium
INV002654,2025-04-30,Cafeteria,Prepared Food,90,76,14,,16.8,76.0,No,Hot,5,Expired,No,Medium
INV002655,2025-04-30,Cafeteria,Vegetables,88,44,44,3.0,6.1,44.0,Yes,Rainy,13,Overproduction,Yes,High
INV002656,2025-04-30,Restaurant,Meat,119,88,31,6.0,3.1,88.0,No,Sunny,6,Overproduction,No,Medium
INV002657,2025-04-30,Restaurant,Bakery,96,96,0,3.0,23.8,110.0,Yes,Sunny,0,No Waste,No,Low
INV002658,2025-04-30,Supermarket,Prepared Food,136,136,0,1.0,18.3,205.0,Yes,Sunny,0,No Waste,No,Low
INV002659,2025-04-30,Restaurant,Prepared Food,81,81,0,2.0,22.3,127.0,Yes,Sunny,0,No Waste,No,Low
INV002660,2025-04-30,Restaurant,Prepared Food,94,65,29,1.0,11.0,65.0,No,Rainy,10,Expired,No,High
INV002661,2025-04-30,Supermarket,Dairy,168,165,3,6.0,4.8,165.0,No,Hot,0,No Waste,No,Low
INV002662,2025-04-30,Restaurant,Vegetables,82,49,33,5.0,5.7,49.0,No,Rainy,7,Overproduction,No,Medium
INV002663,2025-04-30,Cloud Kitchen,Dairy,128,128,0,5.0,6.4,131.0,Yes,Cloudy,0,No Waste,No,Low
INV002664,2025-04-30,Restaurant,Meat,77,76,1,6.0,4.6,76.0,No,Sunny,0,No Waste,No,Low
INV002665,2025-04-30,Cafeteria,Meat,62,62,0,4.0,3.3,62.0,No,Sunny,0,No Waste,,Low
INV002666,2025-04-30,Supermarket,Fruits,124,124,0,4.0,11.6,141.0,No,Cloudy,0,No Waste,No,Low
INV002667,2025-04-30,Restaurant,Fruits,104,88,16,7.0,12.3,88.0,Yes,Cloudy,2,Storage Issue,Yes,Low
INV002668,2025-04-30,Supermarket,Fruits,203,123,80,8.0,6.6,,No,Sunny,14,Overproduction,No,Medium
INV002669,2025-04-30,Restaurant,Bakery,124,69,55,4.0,21.9,69.0,No,Rainy,14,Overproduction,Yes,High
INV002670,2025-04-30,Cloud Kitchen,Prepared Food,107,105,2,2.0,16.1,,No,Sunny,0,No Waste,No,Low
INV002671,2025-04-30,Cloud Kitchen,Bakery,123,66,57,5.0,23.7,66.0,No,Rainy,11,Overproduction,No,High
INV002672,2025-04-30,Restaurant,Fruits,93,90,3,1.0,7.8,90.0,No,Cloudy,1,Expired,No,Low
INV002673,2025-04-30,Cloud Kitchen,Prepared Food,96,82,14,2.0,25.5,82.0,No,Sunny,5,Storage Issue,Yes,Medium
INV002674,2025-04-30,Cafeteria,Meat,84,54,30,5.0,3.6,54.0,No,Sunny,6,Low Demand,No,Medium
INV002675,2025-04-30,Restaurant,Bakery,137,118,19,4.0,17.0,118.0,Yes,Hot,4,Expired,No,Medium
INV002676,2025-04-30,Supermarket,Dairy,191,156,35,11.0,4.9,156.0,No,Cloudy,3,Overproduction,No,Low
INV002677,2025-04-30,Cafeteria,Dairy,201,82,119,4.0,3.2,82.0,Yes,Cloudy,33,Overproduction,No,High
INV002678,2025-04-30,Supermarket,Meat,121,121,0,4.0,2.2,314.0,Yes,Hot,0,No Waste,No,Low
INV002679,2025-04-30,Cloud Kitchen,Prepared Food,100,87,13,2.0,,87.0,No,Rainy,3,Expired,No,Medium
INV002680,2025-04-30,Restaurant,Dairy,76,76,0,5.0,4.7,118.0,Yes,Cloudy,0,No Waste,No,Low
INV002681,2025-04-30,Supermarket,Meat,153,153,0,2.0,2.4,165.0,No,Hot,0,No Waste,No,Low
INV002682,2025-04-30,Cafeteria,Prepared Food,91,77,14,1.0,24.5,77.0,Yes,Hot,5,Expired,,Medium
INV002683,2025-04-30,Restaurant,Vegetables,86,68,18,5.0,9.9,68.0,Yes,Rainy,6,Low Demand,No,Medium
INV002684,2025-05-01,Restaurant,Prepared Food,79,51,28,3.0,25.1,51.0,No,Rainy,7,Overproduction,Yes,High
INV002685,2025-05-01,Restaurant,Bakery,140,79,61,4.0,21.5,79.0,Yes,Sunny,13,Overproduction,Yes,High
INV002686,2025-05-01,Restaurant,Vegetables,86,84,2,7.0,5.9,,No,Cloudy,0,No Waste,No,Low
INV002687,2025-05-01,Supermarket,Fruits,131,131,0,,10.8,166.0,No,Cloudy,0,No Waste,No,Low
INV002688,2025-05-01,Cafeteria,Bakery,68,52,16,5.0,27.6,52.0,Yes,Rainy,4,Storage Issue,No,Medium
INV002689,2025-05-01,Cafeteria,Vegetables,78,56,22,5.0,1.0,56.0,No,Cloudy,4,Low Demand,No,Medium
INV002690,2025-05-01,Cafeteria,Meat,45,45,0,1.0,1.7,54.0,No,Cloudy,0,No Waste,,Low
INV002691,2025-05-01,Cloud Kitchen,Dairy,104,100,4,7.0,5.6,100.0,No,Sunny,0,No Waste,No,Low
INV002692,2025-05-01,Cloud Kitchen,Vegetables,91,91,0,6.0,1.1,133.0,Yes,Sunny,0,No Waste,No,Low
INV002693,2025-05-01,Cafeteria,Bakery,63,63,0,2.0,18.8,68.0,No,Sunny,0,No Waste,No,Low
INV002694,2025-05-01,Supermarket,Vegetables,220,140,80,1.0,3.3,140.0,Yes,Rainy,30,Expired,No,High
INV002695,2025-05-01,Supermarket,Vegetables,192,132,60,4.0,12.4,132.0,No,Cloudy,19,Storage Issue,Yes,High
INV002696,2025-05-01,Supermarket,Dairy,195,122,73,8.0,3.0,122.0,Yes,Rainy,9,Overproduction,No,Medium
INV002697,2025-05-01,Cafeteria,Meat,68,33,35,4.0,3.5,33.0,No,Rainy,10,Overproduction,No,High
INV002698,2025-05-01,Supermarket,Fruits,183,86,97,1.0,10.4,86.0,No,Rainy,46,Overproduction,Yes,Low
INV002699,2025-05-01,Restaurant,Fruits,340,78,262,6.0,6.8,78.0,No,Hot,87,Overproduction,Yes,High
INV002700,2025-05-01,Restaurant,Meat,92,51,41,7.0,-0.6,51.0,No,Rainy,12,Overproduction,No,High
INV002701,2025-05-01,Cloud Kitchen,Prepared Food,116,100,16,2.0,16.0,100.0,No,Hot,4,Expired,No,Medium
INV002702,2025-05-01,Cafeteria,Vegetables,55,55,0,6.0,5.1,57.0,No,Hot,0,No Waste,No,Low
INV002703,2025-05-01,Restaurant,Prepared Food,69,69,0,2.0,26.2,84.0,No,Sunny,0,No Waste,No,Low
INV002704,2025-05-01,Cloud Kitchen,Bakery,128,83,45,2.0,18.2,83.0,No,Cloudy,15,Overproduction,Yes,High
INV002705,2025-05-01,Cafeteria,Prepared Food,82,61,21,1.0,29.0,61.0,Yes,Rainy,10,Storage Issue,No,High
INV002706,2025-05-01,Cloud Kitchen,Meat,105,78,27,2.0,1.2,78.0,No,Rainy,8,Expired,No,Medium
INV002707,2025-05-01,Restaurant,Prepared Food,76,73,3,1.0,16.3,73.0,No,Cloudy,1,Expired,No,Low
INV002708,2025-05-01,Cafeteria,Fruits,83,60,23,6.0,9.5,60.0,No,Hot,4,Low Demand,No,Medium
INV002709,2025-05-02,Supermarket,Bakery,165,141,24,3.0,28.7,141.0,No,Sunny,5,Storage Issue,Yes,Medium
INV002710,2025-05-02,Restaurant,Vegetables,69,58,11,6.0,9.3,58.0,No,Hot,3,Low Demand,No,Medium
INV002711,2025-05-02,Cafeteria,Bakery,89,70,19,1.0,25.5,70.0,Yes,Cloudy,9,Expired,No,High
INV002712,2025-05-02,Supermarket,Dairy,108,108,0,4.0,5.2,189.0,No,Sunny,0,No Waste,No,Low
INV002713,2025-05-02,Restaurant,Vegetables,79,52,27,6.0,5.5,,No,Rainy,6,Low Demand,Yes,Medium
INV002714,2025-05-02,Supermarket,Prepared Food,192,143,49,1.0,6.0,143.0,No,Cloudy,18,Expired,No,High
INV002715,2025-05-02,Restaurant,Prepared Food,88,87,1,2.0,25.7,87.0,No,Hot,0,No Waste,No,Low
INV002716,2025-05-02,Cloud Kitchen,Vegetables,113,111,2,7.0,1.9,111.0,Yes,Cloudy,0,No Waste,No,Low
INV002717,2025-05-02,Cafeteria,Prepared Food,64,38,26,1.0,19.8,38.0,No,Rainy,10,Expired,No,High
INV002718,2025-05-02,Cloud Kitchen,Fruits,107,92,15,1.0,11.1,92.0,No,Sunny,5,Expired,No,Medium
INV002719,2025-05-02,Cafeteria,Vegetables,70,70,0,2.0,8.4,79.0,Yes,,0,No Waste,No,Low
INV002720,2025-05-02,Restaurant,Fruits,111,81,30,3.0,7.5,81.0,No,Hot,9,Expired,No,Medium
INV002721,2025-05-02,Restaurant,Dairy,86,86,0,5.0,1.1,96.0,No,Hot,0,No Waste,No,Low
INV002722,2025-05-02,Supermarket,Bakery,263,118,145,2.0,16.5,118.0,No,Rainy,56,Overproduction,Yes,High
INV002723,2025-05-02,Cloud Kitchen,Bakery,101,101,0,2.0,23.6,118.0,No,Sunny,0,No Waste,No,Low
INV002724,2025-05-02,Restaurant,Vegetables,112,89,23,4.0,8.8,89.0,No,Cloudy,5,Storage Issue,Yes,Medium
INV002725,2025-05-02,Restaurant,Vegetables,99,99,0,5.0,8.7,107.0,No,Sunny,0,No Waste,,Low
INV002726,2025-05-02,Restaurant,Fruits,76,76,0,3.0,7.0,78.0,No,Cloudy,0,No Waste,No,Low
INV002727,2025-05-03,Restaurant,Vegetables,90,84,6,1.0,-1.9,84.0,No,Sunny,2,Expired,No,Medium
INV002728,2025-05-03,Cloud Kitchen,Fruits,122,120,2,4.0,9.7,120.0,No,Hot,0,No Waste,,Low
INV002729,2025-05-03,Cafeteria,Fruits,72,52,20,3.0,9.1,52.0,No,Sunny,5,Low Demand,No,Medium
INV002730,2025-05-03,Cafeteria,Dairy,59,54,5,10.0,1.9,54.0,No,Rainy,0,No Waste,No,Low
INV002731,2025-05-03,Cloud Kitchen,Bakery,110,88,22,4.0,18.3,,Yes,Rainy,4,Expired,No,Medium
INV002732,2025-05-03,Cloud Kitchen,Vegetables,79,79,0,8.0,3.1,118.0,No,Hot,0,No Waste,No,Low
INV002733,2025-05-03,Restaurant,Bakery,85,85,0,5.0,24.5,91.0,No,Sunny,0,No Waste,No,Low
INV002734,2025-05-03,Cloud Kitchen,Meat,99,73,26,3.0,1.9,73.0,No,Rainy,6,Low Demand,No,Medium
INV002735,2025-05-03,Restaurant,Vegetables,112,83,29,7.0,6.0,83.0,No,Hot,6,Low Demand,No,Medium
INV002736,2025-05-03,Cafeteria,Prepared Food,63,63,0,2.0,26.6,70.0,No,Sunny,0,No Waste,No,Low
INV002737,2025-05-03,Supermarket,Vegetables,189,103,86,4.0,6.3,103.0,No,Rainy,21,Overproduction,Yes,High
INV002738,2025-05-03,Supermarket,Vegetables,174,169,5,7.0,,169.0,No,Sunny,1,Low Demand,No,Low
INV002739,2025-05-03,Restaurant,Vegetables,80,65,15,7.0,6.2,65.0,No,Cloudy,2,Low Demand,Yes,Medium
INV002740,2025-05-03,Supermarket,Vegetables,181,143,38,4.0,3.1,143.0,No,Rainy,5,Overproduction,No,Medium
INV002741,2025-05-03,Restaurant,Meat,92,84,8,5.0,-0.3,84.0,No,Sunny,1,Low Demand,Yes,Low
INV002742,2025-05-03,Supermarket,Fruits,151,100,51,2.0,,100.0,No,Rainy,15,Overproduction,No,High
INV002743,2025-05-03,Restaurant,Prepared Food,90,90,0,1.0,7.9,101.0,No,Hot,0,No Waste,No,Low
INV002744,2025-05-03,Restaurant,Fruits,79,79,0,4.0,5.8,112.0,Yes,Hot,0,No Waste,No,Low
INV002745,2025-05-03,Supermarket,Fruits,533,191,342,4.0,8.2,191.0,Yes,Cloudy,99,Overproduction,Yes,High
INV002746,2025-05-03,Cloud Kitchen,Bakery,107,107,0,2.0,23.8,114.0,No,Hot,0,No Waste,No,Low
INV002747,2025-05-03,Supermarket,Fruits,136,136,0,10.0,9.3,200.0,No,Hot,0,No Waste,No,Low
INV002748,2025-05-03,Supermarket,Vegetables,161,130,31,5.0,4.1,130.0,No,Cloudy,3,Overproduction,No,Low
INV002749,2025-05-03,Cloud Kitchen,Dairy,96,96,0,7.0,7.0,111.0,No,Hot,0,No Waste,No,Low
INV002750,2025-05-04,Restaurant,Dairy,89,89,0,11.0,3.1,101.0,No,Sunny,0,No Waste,No,Low
INV002751,2025-05-04,Supermarket,Vegetables,222,154,68,5.0,8.5,154.0,No,Cloudy,15,Overproduction,Yes,Medium
INV002752,2025-05-04,Supermarket,Vegetables,203,156,47,9.0,4.0,156.0,No,Sunny,9,Low Demand,No,Medium
INV002753,2025-05-04,Supermarket,Bakery,192,129,63,4.0,17.9,129.0,No,Cloudy,13,Overproduction,Yes,Medium
INV002754,2025-05-04,Restaurant,Dairy,72,72,0,10.0,3.9,93.0,No,Sunny,0,No Waste,No,Low
INV002755,2025-05-04,Supermarket,Dairy,166,162,4,7.0,1.8,162.0,No,Cloudy,0,No Waste,No,Low
INV002756,2025-05-04,Supermarket,Dairy,202,118,84,9.0,5.9,118.0,No,Sunny,12,Overproduction,No,Medium
INV002757,2025-05-04,Cafeteria,Dairy,58,58,0,10.0,5.5,59.0,No,Sunny,0,No Waste,No,Low
INV002758,2025-05-04,Cloud Kitchen,Fruits,88,81,7,7.0,11.0,81.0,No,Cloudy,1,Low Demand,No,Low
INV002759,2025-05-04,Supermarket,Prepared Food,183,183,0,2.0,36.2,197.0,Yes,Rainy,0,No Waste,No,Low
INV002760,2025-05-04,Restaurant,Bakery,109,81,28,3.0,24.2,81.0,No,Hot,6,Overproduction,No,Medium
INV002761,2025-05-04,Cafeteria,Fruits,59,59,0,4.0,,93.0,No,Hot,0,No Waste,No,Medium
INV002762,2025-05-04,Cloud Kitchen,Prepared Food,115,101,14,2.0,20.8,101.0,No,Sunny,3,Expired,No,Medium
INV002763,2025-05-04,Cafeteria,Dairy,70,70,0,7.0,7.1,90.0,Yes,Hot,0,No Waste,No,Low
INV002764,2025-05-04,Cafeteria,Meat,48,48,0,5.0,2.2,68.0,No,Sunny,0,No Waste,No,Low
INV002765,2025-05-04,Cloud Kitchen,Bakery,174,55,119,,13.1,55.0,No,Rainy,63,Overproduction,Yes,High
INV002766,2025-05-04,Supermarket,Bakery,178,178,0,3.0,25.7,210.0,No,Sunny,0,No Waste,No,Low
INV002767,2025-05-04,Supermarket,Meat,159,159,0,3.0,0.6,200.0,No,Hot,0,No Waste,No,Low
INV002768,2025-05-04,Cloud Kitchen,Prepared Food,128,85,43,2.0,9.8,85.0,No,Sunny,12,Overproduction,Yes,High
INV002769,2025-05-04,Restaurant,Vegetables,78,78,0,7.0,-0.9,78.0,No,Hot,0,No Waste,No,Low
INV002770,2025-05-05,Restaurant,Vegetables,109,100,9,7.0,6.6,,No,Cloudy,1,Low Demand,No,Low
INV002771,2025-05-05,Cafeteria,Meat,63,63,0,3.0,1.7,76.0,No,Sunny,0,No Waste,No,Low
INV002772,2025-05-05,Supermarket,Prepared Food,137,103,34,2.0,25.1,103.0,No,Rainy,12,Expired,No,High
INV002773,2025-05-05,Supermarket,Prepared Food,164,164,0,2.0,26.3,,No,Hot,0,No Waste,No,Low
INV002774,2025-05-05,Cloud Kitchen,Vegetables,93,93,0,3.0,5.7,107.0,No,Cloudy,0,No Waste,No,Low
INV002775,2025-05-05,Cafeteria,Prepared Food,63,33,30,2.0,15.2,33.0,No,Rainy,9,Low Demand,No,High
INV002776,2025-05-05,Cloud Kitchen,Meat,126,73,53,2.0,3.9,73.0,No,Cloudy,20,Overproduction,Yes,High
INV002777,2025-05-05,Restaurant,Prepared Food,78,78,0,2.0,8.5,83.0,No,Sunny,0,No Waste,No,Low
INV002778,2025-05-05,Cloud Kitchen,Prepared Food,166,119,47,3.0,21.0,119.0,Yes,Cloudy,13,Expired,No,Medium
INV002779,2025-05-05,Cloud Kitchen,Prepared Food,81,81,0,1.0,21.5,105.0,No,Sunny,0,No Waste,No,Low
INV002780,2025-05-05,Cloud Kitchen,Bakery,86,86,0,,34.5,86.0,No,Cloudy,0,No Waste,No,Low
INV002781,2025-05-05,Cloud Kitchen,Dairy,110,61,49,8.0,3.3,61.0,No,Rainy,9,Overproduction,No,Medium
INV002782,2025-05-05,Supermarket,Meat,178,170,8,2.0,-1.4,170.0,No,Cloudy,2,Expired,No,Low
INV002783,2025-05-05,Cloud Kitchen,Bakery,107,107,0,3.0,16.5,111.0,No,Sunny,0,No Waste,No,Low
INV002784,2025-05-05,Supermarket,Dairy,170,160,10,7.0,6.3,160.0,No,Cloudy,1,Expired,No,Medium
INV002785,2025-05-06,Supermarket,Dairy,209,209,0,1.0,4.5,210.0,Yes,Sunny,0,No Waste,No,Low
INV002786,2025-05-06,Supermarket,Prepared Food,197,183,14,1.0,20.5,183.0,Yes,Cloudy,5,Expired,No,Medium
INV002787,2025-05-06,Supermarket,Bakery,177,159,18,4.0,23.9,159.0,No,Sunny,3,Expired,No,Low
INV002788,2025-05-06,Restaurant,Vegetables,104,88,16,5.0,6.2,88.0,No,Sunny,2,Expired,No,Low
INV002789,2025-05-06,Cloud Kitchen,Fruits,112,112,0,5.0,9.0,150.0,Yes,Cloudy,0,No Waste,No,Low
INV002790,2025-05-06,Restaurant,Fruits,84,84,0,3.0,11.5,87.0,No,Hot,0,No Waste,No,Low
INV002791,2025-05-06,Restaurant,Bakery,68,68,0,3.0,,86.0,No,Cloudy,0,No Waste,No,Low
INV002792,2025-05-06,Cloud Kitchen,Prepared Food,147,106,41,2.0,16.3,106.0,No,Sunny,10,Expired,No,Medium
INV002793,2025-05-06,Restaurant,Prepared Food,86,83,3,,19.8,83.0,No,Sunny,1,Expired,No,Low
INV002794,2025-05-06,Restaurant,Dairy,81,81,0,9.0,5.9,88.0,No,Sunny,0,No Waste,No,Low
INV002795,2025-05-06,Supermarket,Fruits,183,183,0,5.0,7.8,243.0,Yes,Cloudy,0,No Waste,No,Low
INV002796,2025-05-06,Restaurant,Bakery,93,93,0,5.0,23.2,94.0,No,Hot,0,No Waste,No,Low
INV002797,2025-05-06,Cloud Kitchen,Bakery,78,78,0,2.0,23.8,134.0,Yes,Hot,0,No Waste,No,Low
INV002798,2025-05-06,Supermarket,Vegetables,201,113,88,3.0,5.7,113.0,No,Rainy,28,Overproduction,Yes,High
INV002799,2025-05-06,Supermarket,Fruits,193,193,0,5.0,10.7,210.0,Yes,Sunny,0,No Waste,No,Low
INV002800,2025-05-06,Cloud Kitchen,Prepared Food,102,102,0,1.0,15.6,140.0,No,Hot,0,No Waste,No,Low
INV002801,2025-05-06,Cafeteria,Vegetables,46,46,0,8.0,1.9,58.0,No,Sunny,0,No Waste,No,Low
INV002802,2025-05-06,Restaurant,Bakery,103,73,30,3.0,,73.0,No,Sunny,9,Storage Issue,No,High
INV002803,2025-05-06,Supermarket,Dairy,191,145,46,6.0,6.8,145.0,No,Sunny,12,Overproduction,Yes,Medium
INV002804,2025-05-06,Supermarket,Bakery,125,125,0,3.0,22.7,157.0,No,Hot,0,No Waste,No,Low
INV002805,2025-05-06,Cloud Kitchen,Meat,128,59,69,3.0,3.7,59.0,No,Rainy,22,Overproduction,Yes,High
INV002806,2025-05-06,Restaurant,Bakery,72,50,22,3.0,20.2,50.0,No,Rainy,4,Low Demand,No,Medium
INV002807,2025-05-07,Supermarket,Vegetables,197,197,0,9.0,9.4,247.0,Yes,Cloudy,0,No Waste,No,Low
INV002808,2025-05-07,Cloud Kitchen,Vegetables,123,89,34,3.0,4.7,89.0,No,Cloudy,6,Expired,No,Medium
INV002809,2025-05-07,Supermarket,Bakery,104,104,0,6.0,19.1,135.0,No,Cloudy,0,No Waste,No,Low
INV002810,2025-05-07,Cafeteria,Dairy,82,45,37,14.0,3.7,45.0,No,Cloudy,5,Overproduction,No,Medium
INV002811,2025-05-07,Cloud Kitchen,Vegetables,117,101,16,5.0,9.0,101.0,No,Cloudy,2,Low Demand,No,Low
INV002812,2025-05-07,Cloud Kitchen,Prepared Food,116,116,0,2.0,18.0,130.0,No,Sunny,0,No Waste,No,Low
INV002813,2025-05-07,Supermarket,Vegetables,171,171,0,8.0,4.7,238.0,Yes,Sunny,0,No Waste,No,Low
INV002814,2025-05-07,Restaurant,Fruits,91,59,32,,6.9,59.0,No,Rainy,6,Overproduction,Yes,Medium
INV002815,2025-05-07,Restaurant,Prepared Food,78,62,16,2.0,20.7,62.0,No,Rainy,4,Expired,No,Medium
INV002816,2025-05-07,Cafeteria,Bakery,67,37,30,4.0,19.7,37.0,No,Rainy,7,Low Demand,No,High
INV002817,2025-05-07,Supermarket,Bakery,170,163,7,4.0,13.7,163.0,No,Cloudy,0,No Waste,No,Low
INV002818,2025-05-07,Restaurant,Vegetables,107,81,26,7.0,8.7,81.0,No,Sunny,7,Low Demand,Yes,Medium
INV002819,2025-05-07,Cafeteria,Fruits,71,35,36,5.0,7.7,35.0,No,Rainy,7,Overproduction,Yes,High
INV002820,2025-05-07,Supermarket,Fruits,127,127,0,5.0,8.5,210.0,Yes,Sunny,0,No Waste,No,Low
INV002821,2025-05-07,Supermarket,Meat,280,260,20,6.0,1.2,260.0,Yes,Hot,1,Expired,No,Low
INV002822,2025-05-07,Supermarket,Meat,157,157,0,1.0,0.7,201.0,No,Hot,0,No Waste,No,Low
INV002823,2025-05-07,Restaurant,Prepared Food,108,67,41,1.0,14.8,67.0,No,Sunny,17,Expired,No,High
INV002824,2025-05-07,Cloud Kitchen,Fruits,101,72,29,7.0,15.8,72.0,No,Rainy,7,Storage Issue,No,Medium
INV002825,2025-05-07,Cafeteria,Vegetables,63,38,25,8.0,1.5,38.0,No,Rainy,5,Low Demand,No,Medium
INV002826,2025-05-07,Cafeteria,Bakery,67,67,0,5.0,18.6,78.0,No,Hot,0,No Waste,No,Low
INV002827,2025-05-07,Restaurant,Fruits,90,85,5,5.0,11.8,85.0,No,Sunny,1,Low Demand,Yes,Low
INV002828,2025-05-07,Restaurant,Meat,82,66,16,,0.3,66.0,No,Cloudy,4,Low Demand,No,Medium
INV002829,2025-05-07,Restaurant,Meat,108,78,30,6.0,3.3,78.0,No,Sunny,4,Overproduction,No,Medium
INV002830,2025-05-07,Supermarket,Meat,205,129,76,1.0,4.9,129.0,No,Hot,33,Expired,No,High
INV002831,2025-05-08,Cafeteria,Fruits,204,49,155,8.0,6.3,49.0,No,Rainy,47,Overproduction,Yes,High
INV002832,2025-05-08,Cafeteria,Dairy,61,61,0,10.0,3.8,78.0,Yes,Sunny,0,No Waste,No,Low
INV002833,2025-05-08,Cloud Kitchen,Dairy,147,117,30,5.0,4.9,117.0,No,Sunny,5,Low Demand,No,Medium
INV002834,2025-05-08,Cafeteria,Vegetables,85,48,37,4.0,7.8,48.0,No,Rainy,8,Overproduction,,High
INV002835,2025-05-08,Supermarket,Prepared Food,174,135,39,2.0,24.0,135.0,No,Sunny,12,Expired,No,Medium
INV002836,2025-05-08,Cloud Kitchen,Bakery,148,148,0,5.0,17.6,148.0,Yes,Cloudy,0,No Waste,No,Low
INV002837,2025-05-08,Cloud Kitchen,Vegetables,123,52,71,7.0,7.5,52.0,No,Rainy,21,Overproduction,Yes,High
INV002838,2025-05-08,Supermarket,Bakery,201,174,27,3.0,21.2,174.0,No,Cloudy,4,Expired,No,Low
INV002839,2025-05-08,Cloud Kitchen,Bakery,84,70,14,2.0,22.3,70.0,No,Rainy,3,Expired,No,Medium
INV002840,2025-05-08,Supermarket,Vegetables,158,132,26,9.0,9.0,132.0,No,,5,Storage Issue,No,Medium
INV002841,2025-05-08,Supermarket,Vegetables,185,117,68,4.0,2.0,117.0,Yes,Rainy,22,Overproduction,Yes,High
INV002842,2025-05-08,Cafeteria,Fruits,54,54,0,4.0,4.5,74.0,No,Hot,0,No Waste,No,Low
INV002843,2025-05-08,Restaurant,Prepared Food,85,66,19,1.0,16.6,66.0,No,,6,Expired,No,Medium
INV002844,2025-05-08,Restaurant,Meat,98,88,10,7.0,1.3,88.0,No,Sunny,1,Low Demand,No,Low
INV002845,2025-05-08,Supermarket,Prepared Food,193,111,82,2.0,17.1,111.0,No,Rainy,28,Overproduction,Yes,High
INV002846,2025-05-08,Cafeteria,Fruits,67,66,1,4.0,6.1,66.0,No,Hot,0,No Waste,No,Low
INV002847,2025-05-08,Restaurant,Fruits,126,102,24,3.0,,102.0,Yes,Sunny,3,Expired,No,Medium
INV002848,2025-05-08,Supermarket,Dairy,105,105,0,10.0,2.0,166.0,No,Sunny,0,No Waste,No,Low
INV002849,2025-05-08,Restaurant,Prepared Food,83,77,6,2.0,23.8,77.0,Yes,Rainy,1,Expired,No,Low
INV002850,2025-05-08,Supermarket,Vegetables,183,173,10,6.0,5.0,173.0,No,Cloudy,0,No Waste,No,High
INV002851,2025-05-08,Restaurant,Prepared Food,99,74,25,1.0,16.3,74.0,No,,9,Expired,No,High
INV002852,2025-05-08,Restaurant,Vegetables,71,71,0,5.0,3.8,109.0,No,Sunny,0,No Waste,No,Low
INV002853,2025-05-08,Cloud Kitchen,Vegetables,114,111,3,2.0,,111.0,No,Hot,1,Expired,No,Low
INV002854,2025-05-08,Restaurant,Meat,302,84,218,1.0,-3.1,84.0,Yes,Sunny,107,Overproduction,No,High
INV002855,2025-05-08,Cafeteria,Meat,67,62,5,1.0,0.9,62.0,No,Hot,2,Expired,No,Medium
INV002856,2025-05-08,Cloud Kitchen,Meat,114,114,0,4.0,3.8,129.0,No,Sunny,0,No Waste,No,Low
INV002857,2025-05-08,Supermarket,Dairy,183,183,0,6.0,5.8,253.0,No,Hot,0,No Waste,No,Low
INV002858,2025-05-08,Supermarket,Prepared Food,179,179,0,2.0,21.2,213.0,Yes,Sunny,0,No Waste,No,Low
INV002859,2025-05-08,Cloud Kitchen,Bakery,115,110,5,2.0,17.8,,No,Hot,1,Expired,No,Medium
INV002860,2025-05-09,Supermarket,Fruits,157,157,0,2.0,5.3,,No,Sunny,0,No Waste,No,Low
INV002861,2025-05-09,Supermarket,Vegetables,173,144,29,8.0,3.4,144.0,No,Cloudy,2,Low Demand,No,Low
INV002862,2025-05-09,Supermarket,Fruits,166,166,0,4.0,9.3,209.0,No,Hot,0,No Waste,No,Low
INV002863,2025-05-09,Restaurant,Bakery,77,66,11,1.0,24.5,66.0,No,Sunny,5,Expired,No,Medium
INV002864,2025-05-09,Supermarket,Fruits,148,148,0,2.0,8.2,194.0,No,Hot,0,No Waste,No,Low
INV002865,2025-05-09,Cloud Kitchen,Fruits,91,83,8,4.0,5.3,83.0,No,,1,Low Demand,No,Low
INV002866,2025-05-09,Supermarket,Vegetables,165,155,10,5.0,7.8,155.0,No,Sunny,2,Expired,No,Low
INV002867,2025-05-09,Cafeteria,Meat,61,38,23,3.0,5.4,38.0,No,Rainy,7,Low Demand,Yes,High
INV002868,2025-05-09,Cloud Kitchen,Prepared Food,100,100,0,1.0,15.8,116.0,No,Sunny,0,No Waste,No,Low
INV002869,2025-05-09,Restaurant,Vegetables,105,65,40,6.0,5.1,65.0,No,Rainy,11,Overproduction,No,High
INV002870,2025-05-09,Supermarket,Vegetables,207,201,6,4.0,-0.2,201.0,Yes,Sunny,1,Expired,No,Low
INV002871,2025-05-09,Cafeteria,Meat,65,61,4,5.0,3.8,61.0,No,Cloudy,1,Low Demand,No,Low
INV002872,2025-05-09,Restaurant,Vegetables,77,49,28,6.0,9.9,49.0,No,Rainy,6,Overproduction,Yes,Medium
INV002873,2025-05-09,Supermarket,Fruits,157,148,9,9.0,7.7,148.0,No,Hot,1,Low Demand,No,Low
INV002874,2025-05-09,Cafeteria,Bakery,88,58,30,3.0,21.6,58.0,No,Sunny,6,Overproduction,No,Medium
INV002875,2025-05-09,Cafeteria,Meat,49,37,12,7.0,0.9,37.0,No,Rainy,1,Low Demand,No,Low
INV002876,2025-05-09,Supermarket,Vegetables,145,145,0,6.0,-0.7,146.0,Yes,Rainy,0,No Waste,No,Low
INV002877,2025-05-09,Restaurant,Fruits,86,64,22,7.0,7.2,64.0,No,Rainy,3,Low Demand,No,High
INV002878,2025-05-09,Restaurant,Vegetables,100,66,34,8.0,7.4,66.0,No,Sunny,8,Overproduction,Yes,Medium
INV002879,2025-05-09,Cloud Kitchen,Meat,102,82,20,4.0,4.7,82.0,No,Rainy,4,Low Demand,No,Medium
INV002880,2025-05-09,Restaurant,Bakery,98,49,49,2.0,28.1,49.0,No,Rainy,20,Overproduction,Yes,High
INV002881,2025-05-09,Restaurant,Vegetables,102,86,16,2.0,3.1,86.0,No,Sunny,4,Expired,No,Medium
INV002882,2025-05-09,Supermarket,Prepared Food,159,143,16,2.0,15.0,143.0,No,Cloudy,4,Expired,No,Medium
INV002883,2025-05-09,Cloud Kitchen,Prepared Food,99,99,0,2.0,20.3,114.0,No,Hot,0,No Waste,No,Low
INV002884,2025-05-09,Cloud Kitchen,Fruits,108,103,5,5.0,6.2,103.0,No,Hot,0,No Waste,No,Low
INV002885,2025-05-09,Supermarket,Dairy,156,126,30,13.0,1.3,126.0,No,Cloudy,2,Low Demand,No,Low
INV002886,2025-05-09,Restaurant,Vegetables,97,97,0,9.0,4.4,130.0,Yes,Hot,0,No Waste,No,Low
INV002887,2025-05-09,Cloud Kitchen,Vegetables,128,72,56,5.0,0.6,72.0,No,Hot,13,Overproduction,Yes,High
INV002888,2025-05-09,Cloud Kitchen,Dairy,120,99,21,6.0,4.5,99.0,No,Sunny,4,Overproduction,Yes,Medium
INV002889,2025-05-09,Cafeteria,Vegetables,51,51,0,6.0,3.0,73.0,No,Sunny,0,No Waste,No,Low
INV002890,2025-05-09,Cafeteria,Fruits,81,61,20,5.0,7.8,61.0,No,Cloudy,4,Low Demand,No,Medium
INV002891,2025-05-10,Restaurant,Prepared Food,90,78,12,1.0,21.8,78.0,Yes,Rainy,4,Expired,No,Medium
INV002892,2025-05-10,Supermarket,Fruits,155,127,28,7.0,3.8,127.0,No,Sunny,3,Overproduction,No,Low
INV002893,2025-05-10,Cafeteria,Meat,89,88,1,2.0,0.7,88.0,Yes,Hot,0,No Waste,No,Low
INV002894,2025-05-10,Restaurant,Meat,97,57,40,4.0,1.8,57.0,No,Sunny,9,Overproduction,Yes,High
INV002895,2025-05-10,Cafeteria,Meat,72,51,21,1.0,-0.7,51.0,No,Hot,7,Expired,No,High
INV002896,2025-05-10,Cafeteria,Vegetables,242,65,177,6.0,9.6,65.0,No,Sunny,75,Overproduction,Yes,High
INV002897,2025-05-10,Cafeteria,Bakery,91,76,15,3.0,26.1,76.0,Yes,Hot,3,Storage Issue,No,Medium
INV002898,2025-05-10,Restaurant,Vegetables,100,72,28,4.0,6.2,72.0,No,Cloudy,7,Overproduction,Yes,Medium
INV002899,2025-05-10,Restaurant,Fruits,98,75,23,6.0,7.9,75.0,No,Cloudy,5,Low Demand,No,Medium
INV002900,2025-05-10,Supermarket,Prepared Food,179,119,60,1.0,18.1,119.0,No,Cloudy,21,Expired,No,High
INV002901,2025-05-10,Cafeteria,Meat,66,60,6,6.0,6.1,,No,Cloudy,1,Low Demand,No,Low
INV002902,2025-05-10,Cafeteria,Meat,71,71,0,2.0,-0.1,80.0,No,Sunny,0,No Waste,No,Low
INV002903,2025-05-10,Supermarket,Prepared Food,169,169,0,2.0,17.6,,Yes,Cloudy,0,No Waste,No,Low
INV002904,2025-05-10,Supermarket,Bakery,198,197,1,3.0,21.1,197.0,Yes,Sunny,0,No Waste,No,Low
INV002905,2025-05-10,Supermarket,Prepared Food,192,111,81,2.0,22.1,111.0,No,Rainy,26,Overproduction,,Medium
INV002906,2025-05-10,Restaurant,Meat,77,77,0,5.0,1.9,77.0,No,Cloudy,0,No Waste,No,Low
INV002907,2025-05-10,Cloud Kitchen,Dairy,130,130,0,9.0,3.9,152.0,Yes,Sunny,0,No Waste,No,Low
INV002908,2025-05-10,Cloud Kitchen,Bakery,110,110,0,4.0,16.8,136.0,Yes,Sunny,0,No Waste,No,Low
INV002909,2025-05-10,Supermarket,Prepared Food,177,108,69,2.0,14.0,108.0,No,Rainy,23,Overproduction,Yes,High
INV002910,2025-05-10,Supermarket,Vegetables,135,135,0,7.0,8.2,161.0,No,Cloudy,0,No Waste,No,Low
INV002911,2025-05-10,Supermarket,Fruits,245,180,65,5.0,2.7,180.0,No,Sunny,13,Overproduction,Yes,High
INV002912,2025-05-10,Cloud Kitchen,Prepared Food,87,87,0,1.0,26.5,108.0,No,Sunny,0,No Waste,No,Low
INV002913,2025-05-10,Supermarket,Vegetables,189,171,18,11.0,9.8,171.0,Yes,Cloudy,3,Storage Issue,No,Low
INV002914,2025-05-10,Restaurant,Meat,81,81,0,3.0,1.0,103.0,No,Hot,0,No Waste,No,Low
INV002915,2025-05-10,Restaurant,Dairy,140,70,70,7.0,1.7,70.0,Yes,Rainy,13,Overproduction,No,High
INV002916,2025-05-10,Cloud Kitchen,Meat,102,78,24,4.0,0.8,78.0,No,Cloudy,4,Overproduction,No,Medium
INV002917,2025-05-10,Supermarket,Vegetables,130,130,0,9.0,6.0,197.0,No,Hot,0,No Waste,No,Low
INV002918,2025-05-10,Cloud Kitchen,Vegetables,129,126,3,8.0,5.6,126.0,No,Sunny,0,No Waste,No,Low
INV002919,2025-05-10,Supermarket,Bakery,160,160,0,4.0,21.6,179.0,No,Cloudy,0,No Waste,No,Low
INV002920,2025-05-11,Supermarket,Meat,182,119,63,2.0,0.8,119.0,No,,16,Expired,No,High
INV002921,2025-05-11,Restaurant,Vegetables,98,47,51,5.0,6.6,47.0,No,Rainy,10,Overproduction,Yes,High
INV002922,2025-05-11,Supermarket,Prepared Food,125,125,0,2.0,14.5,179.0,No,Sunny,0,No Waste,No,Low
INV002923,2025-05-11,Restaurant,Meat,71,62,9,5.0,0.6,62.0,No,Rainy,1,Low Demand,No,Low
INV002924,2025-05-11,Cloud Kitchen,Meat,507,135,372,4.0,0.2,135.0,No,Sunny,122,Overproduction,Yes,High
INV002925,2025-05-11,Cafeteria,Prepared Food,86,66,20,1.0,28.4,66.0,No,Hot,9,Storage Issue,Yes,High
INV002926,2025-05-11,Cloud Kitchen,Fruits,163,82,81,6.0,7.2,82.0,No,Rainy,19,Overproduction,Yes,High
INV002927,2025-05-11,Restaurant,Bakery,112,51,61,2.0,31.4,51.0,No,Rainy,27,Overproduction,Yes,High
INV002928,2025-05-11,Restaurant,Vegetables,95,86,9,6.0,5.3,86.0,No,Hot,1,Expired,No,Low
INV002929,2025-05-11,Restaurant,Vegetables,70,70,0,8.0,9.3,105.0,No,Sunny,0,No Waste,No,Low
INV002930,2025-05-11,Supermarket,Bakery,205,205,0,3.0,15.3,224.0,Yes,Hot,0,No Waste,No,Low
INV002931,2025-05-11,Restaurant,Fruits,68,68,0,,8.1,79.0,No,Sunny,0,No Waste,No,Low
INV002932,2025-05-11,Restaurant,Bakery,95,88,7,4.0,21.8,88.0,No,Sunny,1,Low Demand,No,Low
INV002933,2025-05-12,Cloud Kitchen,Meat,84,84,0,4.0,-0.1,176.0,Yes,Hot,0,No Waste,No,Low
INV002934,2025-05-12,Cloud Kitchen,Dairy,100,98,2,9.0,2.9,98.0,No,,0,No Waste,No,Low
INV002935,2025-05-12,Cafeteria,Meat,54,54,0,6.0,0.7,65.0,No,Cloudy,0,No Waste,No,Low
INV002936,2025-05-12,Cloud Kitchen,Bakery,91,76,15,1.0,13.7,76.0,No,Cloudy,5,Expired,No,Medium
INV002937,2025-05-12,Supermarket,Fruits,171,119,52,3.0,5.0,119.0,No,Cloudy,9,Expired,No,Medium
INV002938,2025-05-12,Cloud Kitchen,Meat,109,109,0,5.0,6.1,121.0,No,Cloudy,0,No Waste,No,Low
INV002939,2025-05-12,Cloud Kitchen,Dairy,124,74,50,2.0,6.3,74.0,No,Rainy,16,Expired,No,High
INV002940,2025-05-12,Supermarket,Meat,226,220,6,4.0,0.3,220.0,Yes,Cloudy,1,Expired,No,Low
INV002941,2025-05-12,Restaurant,Vegetables,115,67,48,6.0,3.6,67.0,No,Cloudy,9,Overproduction,No,Medium
INV002942,2025-05-12,Restaurant,Meat,88,72,16,1.0,-0.9,72.0,No,Sunny,6,Expired,No,Medium
INV002943,2025-05-12,Supermarket,Dairy,174,174,0,6.0,2.9,227.0,No,Hot,0,No Waste,No,Low
INV002944,2025-05-12,Restaurant,Fruits,94,37,57,4.0,5.5,37.0,No,Rainy,19,Overproduction,Yes,High
INV002945,2025-05-12,Supermarket,Meat,241,159,82,4.0,3.2,159.0,No,Hot,21,Overproduction,Yes,Medium
INV002946,2025-05-12,Cloud Kitchen,Bakery,106,69,37,2.0,25.6,69.0,No,Rainy,10,Overproduction,No,High
INV002947,2025-05-12,Supermarket,Fruits,127,127,0,6.0,11.2,141.0,No,Cloudy,0,No Waste,No,Low
INV002948,2025-05-12,Supermarket,Meat,164,91,73,4.0,4.5,91.0,No,Rainy,16,Overproduction,Yes,High
INV002949,2025-05-12,Restaurant,Fruits,63,63,0,5.0,6.4,99.0,No,Sunny,0,No Waste,No,Low
INV002950,2025-05-12,Cafeteria,Meat,78,47,31,2.0,-1.6,47.0,No,Rainy,9,Low Demand,No,High
INV002951,2025-05-12,Supermarket,Meat,228,98,130,3.0,3.4,98.0,No,Cloudy,41,Overproduction,Yes,High
INV002952,2025-05-12,Supermarket,Meat,171,171,0,4.0,-1.7,262.0,Yes,Hot,0,No Waste,No,Low
INV002953,2025-05-13,Cafeteria,Bakery,73,61,12,3.0,26.2,61.0,No,Hot,3,Low Demand,No,Medium
INV002954,2025-05-13,Restaurant,Meat,89,77,12,5.0,2.4,77.0,No,Sunny,1,Low Demand,No,Low
INV002955,2025-05-13,Restaurant,Fruits,82,82,0,1.0,6.0,91.0,No,Hot,0,No Waste,No,Low
INV002956,2025-05-13,Restaurant,Bakery,133,91,42,5.0,23.2,91.0,Yes,Cloudy,9,Overproduction,No,Medium
INV002957,2025-05-13,Supermarket,Meat,191,158,33,4.0,1.6,158.0,No,Sunny,6,Low Demand,No,Medium
INV002958,2025-05-13,Cloud Kitchen,Dairy,84,84,0,12.0,4.0,118.0,No,Hot,0,No Waste,No,Low
INV002959,2025-05-13,Cafeteria,Dairy,60,60,0,10.0,2.7,60.0,No,Cloudy,0,No Waste,No,Low
INV002960,2025-05-13,Cloud Kitchen,Dairy,106,106,0,5.0,1.0,132.0,Yes,Hot,0,No Waste,No,Low
INV002961,2025-05-13,Restaurant,Meat,95,80,15,4.0,4.0,80.0,No,Cloudy,3,Expired,No,Medium
INV002962,2025-05-13,Restaurant,Vegetables,78,78,0,7.0,3.3,85.0,No,Cloudy,0,No Waste,No,Low
INV002963,2025-05-13,Restaurant,Bakery,82,82,0,3.0,25.9,82.0,No,Sunny,0,No Waste,No,Low
INV002964,2025-05-13,Restaurant,Meat,92,92,0,7.0,3.0,110.0,No,Sunny,0,No Waste,No,Low
INV002965,2025-05-13,Restaurant,Meat,81,81,0,5.0,1.4,83.0,Yes,Cloudy,0,No Waste,No,Low
INV002966,2025-05-13,Restaurant,Dairy,92,83,9,10.0,3.2,83.0,No,Hot,1,Low Demand,No,Low
INV002967,2025-05-13,Restaurant,Meat,107,64,43,4.0,3.2,64.0,No,Cloudy,13,Overproduction,Yes,High
INV002968,2025-05-14,Supermarket,Meat,174,124,50,3.0,2.8,124.0,No,Sunny,16,Expired,No,High
INV002969,2025-05-14,Restaurant,Vegetables,88,78,10,7.0,6.6,78.0,No,Sunny,1,Low Demand,No,Low
INV002970,2025-05-14,Supermarket,Dairy,188,173,15,3.0,3.2,173.0,No,Hot,3,Expired,No,Low
INV002971,2025-05-14,Cafeteria,Prepared Food,71,65,6,1.0,19.7,65.0,No,Cloudy,2,Expired,No,Medium
INV002972,2025-05-14,Restaurant,Vegetables,129,83,46,7.0,9.8,83.0,No,Sunny,9,Low Demand,No,Medium
INV002973,2025-05-14,Supermarket,Vegetables,114,114,0,6.0,5.3,155.0,No,Hot,0,No Waste,No,Low
INV002974,2025-05-14,Supermarket,Prepared Food,218,210,8,2.0,15.8,210.0,No,Hot,2,Expired,No,Low
INV002975,2025-05-14,Supermarket,Bakery,139,139,0,2.0,17.3,147.0,No,Cloudy,0,No Waste,No,Low
INV002976,2025-05-14,Supermarket,Meat,139,139,0,1.0,1.8,144.0,No,Sunny,0,No Waste,No,Low
INV002977,2025-05-14,Supermarket,Vegetables,140,96,44,5.0,3.6,96.0,No,Rainy,8,Overproduction,Yes,Medium
INV002978,2025-05-14,Supermarket,Prepared Food,143,143,0,1.0,23.7,164.0,No,Sunny,0,No Waste,No,Low
INV002979,2025-05-14,Cafeteria,Bakery,56,56,0,3.0,,60.0,No,Cloudy,0,No Waste,No,Low
INV002980,2025-05-14,Cafeteria,Meat,76,68,8,6.0,0.4,68.0,No,Sunny,1,Low Demand,No,Low
INV002981,2025-05-14,Restaurant,Bakery,61,61,0,5.0,20.1,84.0,No,Sunny,0,No Waste,No,Low
INV002982,2025-05-14,Restaurant,Bakery,96,96,0,2.0,23.4,113.0,No,Hot,0,No Waste,No,Low
INV002983,2025-05-14,Supermarket,Fruits,205,137,68,3.0,6.0,137.0,No,Sunny,13,Overproduction,Yes,Medium
INV002984,2025-05-14,Cafeteria,Bakery,47,47,0,3.0,24.2,65.0,No,Sunny,0,No Waste,No,Low
INV002985,2025-05-14,Supermarket,Fruits,177,106,71,2.0,8.1,106.0,No,Rainy,21,Overproduction,Yes,High
INV002986,2025-05-14,Supermarket,Dairy,189,157,32,7.0,2.1,157.0,No,Cloudy,3,Storage Issue,No,Low
INV002987,2025-05-15,Cloud Kitchen,Bakery,99,99,0,5.0,16.5,111.0,No,Sunny,0,No Waste,No,Low
INV002988,2025-05-15,Restaurant,Vegetables,92,63,29,3.0,5.3,63.0,No,Cloudy,7,Low Demand,No,Medium
INV002989,2025-05-15,Cafeteria,Fruits,59,59,0,4.0,,64.0,No,Sunny,0,No Waste,No,Low
INV002990,2025-05-15,Cafeteria,Fruits,85,75,10,5.0,8.2,75.0,Yes,Cloudy,2,Low Demand,No,Medium
INV002991,2025-05-15,Cloud Kitchen,Prepared Food,104,104,0,1.0,17.5,108.0,No,Sunny,0,No Waste,No,Low
INV002992,2025-05-15,Supermarket,Fruits,195,188,7,5.0,9.3,188.0,Yes,Cloudy,1,Expired,No,Low
INV002993,2025-05-15,Restaurant,Meat,99,99,0,6.0,-0.4,103.0,Yes,Sunny,0,No Waste,No,Low
INV002994,2025-05-15,Restaurant,Prepared Food,109,57,52,3.0,16.0,57.0,No,Rainy,15,Overproduction,No,High
INV002995,2025-05-15,Restaurant,Vegetables,73,73,0,5.0,2.1,128.0,Yes,Sunny,0,No Waste,No,Low
INV002996,2025-05-15,Supermarket,Bakery,193,193,0,3.0,24.5,199.0,Yes,Sunny,0,No Waste,No,Low
INV002997,2025-05-15,Restaurant,Dairy,81,77,4,2.0,,77.0,No,,1,Expired,No,Low
INV002998,2025-05-15,Restaurant,Bakery,85,64,21,3.0,18.7,64.0,No,Sunny,6,Low Demand,No,Medium
INV002999,2025-05-15,Cloud Kitchen,Fruits,108,108,0,9.0,7.5,114.0,No,Sunny,0,No Waste,No,Low
INV003000,2025-05-15,Cafeteria,Prepared Food,62,62,0,3.0,22.7,65.0,Yes,Sunny,0,No Waste,No,Low
INV003001,2025-05-15,Supermarket,Dairy,199,162,37,8.0,2.7,162.0,No,Sunny,5,Expired,No,Medium
INV003002,2025-05-15,Supermarket,Bakery,134,134,0,5.0,23.3,200.0,No,Sunny,0,No Waste,No,Low
INV003003,2025-05-15,Restaurant,Meat,105,103,2,7.0,4.9,103.0,No,Sunny,0,No Waste,No,Low
INV003004,2025-05-15,Supermarket,Prepared Food,163,101,62,2.0,26.0,101.0,No,Rainy,25,Storage Issue,Yes,High
INV003005,2025-05-15,Cloud Kitchen,Bakery,87,87,0,1.0,22.0,164.0,Yes,Sunny,0,No Waste,No,Low
INV003006,2025-05-15,Cafeteria,Bakery,67,53,14,4.0,26.8,53.0,No,Cloudy,4,Low Demand,No,Medium
INV003007,2025-05-15,Restaurant,Bakery,104,95,9,2.0,27.5,95.0,No,Sunny,3,Storage Issue,,Medium
INV003008,2025-05-15,Cloud Kitchen,Dairy,123,99,24,5.0,4.3,99.0,No,Sunny,4,Expired,No,Medium
INV003009,2025-05-16,Cafeteria,Bakery,54,54,0,4.0,15.3,54.0,Yes,Rainy,0,No Waste,No,Low
INV003010,2025-05-16,Restaurant,Fruits,91,76,15,2.0,6.9,76.0,No,Cloudy,4,Expired,No,Medium
INV003011,2025-05-16,Supermarket,Vegetables,201,185,16,6.0,2.7,185.0,No,Sunny,1,Low Demand,No,Low
INV003012,2025-05-16,Supermarket,Dairy,132,132,0,9.0,4.7,183.0,No,Hot,0,No Waste,No,Low
INV003013,2025-05-16,Restaurant,Bakery,75,75,0,3.0,25.0,76.0,No,Cloudy,0,No Waste,No,Low
INV003014,2025-05-16,Supermarket,Prepared Food,186,144,42,1.0,14.6,144.0,No,Sunny,14,Expired,No,Medium
INV003015,2025-05-16,Supermarket,Bakery,162,162,0,2.0,22.8,251.0,Yes,Sunny,0,No Waste,No,Low
INV003016,2025-05-16,Cloud Kitchen,Bakery,115,88,27,1.0,13.9,88.0,No,Sunny,10,Expired,No,Medium
INV003017,2025-05-16,Restaurant,Fruits,180,97,83,4.0,8.0,97.0,Yes,Cloudy,22,Overproduction,Yes,Medium
INV003018,2025-05-16,Cafeteria,Meat,76,51,25,7.0,1.3,51.0,No,Sunny,4,Low Demand,No,Medium
INV003019,2025-05-16,Supermarket,Fruits,146,146,0,6.0,9.0,192.0,No,Hot,0,No Waste,No,Low
INV003020,2025-05-16,Cafeteria,Vegetables,77,77,0,7.0,5.2,94.0,Yes,Sunny,0,No Waste,No,Low
INV003021,2025-05-16,Restaurant,Meat,109,82,27,6.0,1.9,82.0,No,Hot,4,Overproduction,No,Medium
INV003022,2025-05-16,Restaurant,Meat,125,115,10,2.0,6.5,115.0,Yes,Sunny,2,Expired,No,Low
INV003023,2025-05-16,Supermarket,Bakery,148,138,10,2.0,25.2,138.0,No,Sunny,3,Expired,No,Low
INV003024,2025-05-16,Cloud Kitchen,Prepared Food,119,91,28,2.0,27.3,91.0,No,Cloudy,10,Storage Issue,Yes,Medium
INV003025,2025-05-16,Cloud Kitchen,Dairy,111,111,0,8.0,3.5,,Yes,Cloudy,0,No Waste,No,Low
INV003026,2025-05-16,Cloud Kitchen,Bakery,103,103,0,3.0,23.9,186.0,Yes,Sunny,0,No Waste,No,High
INV003027,2025-05-16,Supermarket,Fruits,108,107,1,6.0,8.2,107.0,No,Rainy,0,No Waste,No,Low
INV003028,2025-05-16,Cafeteria,Prepared Food,252,61,191,1.0,17.7,,No,Hot,101,Overproduction,Yes,High
INV003029,2025-05-16,Supermarket,Fruits,114,114,0,6.0,5.4,182.0,No,Sunny,0,No Waste,No,Low
INV003030,2025-05-17,Cafeteria,Meat,76,62,14,2.0,-0.3,62.0,No,Sunny,2,Expired,No,Medium
INV003031,2025-05-17,Restaurant,Dairy,103,103,0,13.0,7.6,106.0,No,Sunny,0,No Waste,No,Low
INV003032,2025-05-17,Restaurant,Dairy,81,81,0,9.0,-0.5,91.0,No,Sunny,0,No Waste,No,Medium
INV003033,2025-05-17,Supermarket,Fruits,192,85,107,5.0,4.9,85.0,No,Rainy,21,Overproduction,No,High
INV003034,2025-05-17,Restaurant,Fruits,50,50,0,4.0,7.3,56.0,No,Rainy,0,No Waste,No,Low
INV003035,2025-05-17,Cafeteria,Vegetables,65,65,0,5.0,4.8,72.0,No,Hot,0,No Waste,No,Low
INV003036,2025-05-17,Cafeteria,Fruits,66,66,0,3.0,10.1,76.0,No,Sunny,0,No Waste,No,Low
INV003037,2025-05-17,Cafeteria,Fruits,64,47,17,8.0,8.8,47.0,No,Cloudy,3,Low Demand,No,Medium
INV003038,2025-05-17,Supermarket,Dairy,251,134,117,1.0,0.7,134.0,Yes,Rainy,51,Overproduction,Yes,High
INV003039,2025-05-17,Supermarket,Bakery,155,133,22,4.0,17.3,133.0,No,Hot,2,Low Demand,Yes,Low
INV003040,2025-05-17,Supermarket,Fruits,155,108,47,8.0,8.2,108.0,No,Cloudy,11,Low Demand,No,Medium
INV003041,2025-05-17,Supermarket,Prepared Food,153,153,0,3.0,20.2,229.0,Yes,Sunny,0,No Waste,No,Low
INV003042,2025-05-17,Restaurant,Fruits,85,85,0,8.0,8.7,88.0,No,Sunny,0,No Waste,No,Low
INV003043,2025-05-17,Restaurant,Meat,353,51,302,2.0,2.0,51.0,No,Rainy,113,Overproduction,No,High
INV003044,2025-05-17,Supermarket,Dairy,243,108,135,8.0,1.9,108.0,Yes,Rainy,23,Overproduction,Yes,High
INV003045,2025-05-17,Supermarket,Meat,151,151,0,3.0,0.9,205.0,No,Sunny,0,No Waste,No,Low
INV003046,2025-05-17,Cloud Kitchen,Prepared Food,147,119,28,2.0,11.5,119.0,No,Hot,8,Expired,No,Medium
INV003047,2025-05-17,Cloud Kitchen,Vegetables,118,108,10,6.0,5.7,108.0,No,Sunny,1,Low Demand,No,Low
INV003048,2025-05-17,Restaurant,Dairy,71,71,0,3.0,6.4,108.0,No,Hot,0,No Waste,No,Low
INV003049,2025-05-17,Restaurant,Dairy,89,82,7,10.0,2.6,82.0,No,Cloudy,1,Low Demand,No,Low
INV003050,2025-05-17,Restaurant,Meat,95,95,0,6.0,4.9,130.0,Yes,Hot,0,No Waste,No,Low
INV003051,2025-05-18,Restaurant,Prepared Food,80,76,4,1.0,18.5,76.0,Yes,Rainy,1,Expired,No,Low
INV003052,2025-05-18,Supermarket,Fruits,228,129,99,9.0,10.9,129.0,Yes,Rainy,33,Overproduction,Yes,High
INV003053,2025-05-18,Restaurant,Fruits,100,81,19,4.0,4.2,81.0,No,Cloudy,3,Overproduction,,Medium
INV003054,2025-05-18,Cloud Kitchen,Fruits,113,113,0,3.0,11.2,114.0,No,Hot,0,No Waste,No,Low
INV003055,2025-05-18,Restaurant,Vegetables,97,69,28,4.0,3.3,69.0,No,Sunny,5,Low Demand,No,High
INV003056,2025-05-18,Cafeteria,Bakery,63,63,0,4.0,20.8,76.0,Yes,Hot,0,No Waste,No,Low
INV003057,2025-05-18,Supermarket,Bakery,164,131,33,5.0,19.8,131.0,No,Sunny,6,Low Demand,No,Medium
INV003058,2025-05-18,Supermarket,Bakery,157,157,0,2.0,19.1,167.0,No,Sunny,0,No Waste,No,Low
INV003059,2025-05-18,Supermarket,Bakery,181,181,0,,20.8,205.0,No,Cloudy,0,No Waste,No,Low
INV003060,2025-05-18,Supermarket,Meat,183,125,58,5.0,-0.0,125.0,No,Rainy,8,Overproduction,Yes,Medium
INV003061,2025-05-18,Cafeteria,Bakery,68,48,20,3.0,25.4,48.0,No,Rainy,6,Low Demand,Yes,Low
INV003062,2025-05-18,Supermarket,Prepared Food,124,124,0,2.0,18.1,134.0,No,Sunny,0,No Waste,No,Low
INV003063,2025-05-18,Cloud Kitchen,Dairy,106,101,5,13.0,4.6,101.0,No,Cloudy,1,Low Demand,No,Low
INV003064,2025-05-18,Cafeteria,Fruits,69,69,0,4.0,9.9,86.0,No,Hot,0,No Waste,No,Low
INV003065,2025-05-18,Supermarket,Meat,184,151,33,6.0,2.8,151.0,No,Hot,4,Expired,No,Medium
INV003066,2025-05-18,Restaurant,Meat,75,65,10,3.0,3.8,65.0,No,Cloudy,2,Low Demand,No,Medium
INV003067,2025-05-18,Cafeteria,Fruits,72,57,15,6.0,2.9,57.0,No,Hot,2,Low Demand,No,Medium
INV003068,2025-05-18,Restaurant,Prepared Food,117,101,16,1.0,15.9,101.0,Yes,Sunny,6,Expired,No,Medium
INV003069,2025-05-18,Restaurant,Vegetables,84,79,5,5.0,6.8,79.0,No,Hot,0,No Waste,No,Low
INV003070,2025-05-18,Cloud Kitchen,Bakery,108,108,0,2.0,21.2,109.0,No,Sunny,0,No Waste,No,Low
INV003071,2025-05-18,Supermarket,Bakery,168,168,0,4.0,21.9,169.0,No,Sunny,0,No Waste,No,Low
INV003072,2025-05-18,Supermarket,Vegetables,176,176,0,5.0,4.5,190.0,No,Hot,0,No Waste,No,Low
INV003073,2025-05-18,Cafeteria,Vegetables,65,65,0,7.0,5.6,68.0,Yes,Rainy,0,No Waste,No,Low
INV003074,2025-05-18,Cafeteria,Fruits,75,56,19,4.0,11.6,56.0,No,Rainy,4,Low Demand,,Medium
INV003075,2025-05-19,Supermarket,Bakery,143,142,1,5.0,26.4,142.0,No,Cloudy,0,No Waste,No,Low
INV003076,2025-05-19,Restaurant,Meat,100,67,33,3.0,-2.3,67.0,No,Cloudy,8,Low Demand,,Medium
INV003077,2025-05-19,Cloud Kitchen,Fruits,100,94,6,3.0,5.7,94.0,No,Sunny,1,Expired,No,Low
INV003078,2025-05-19,Cloud Kitchen,Dairy,64,64,0,1.0,1.1,66.0,No,Rainy,0,No Waste,No,Low
INV003079,2025-05-19,Cafeteria,Meat,59,59,0,3.0,2.8,60.0,No,Sunny,0,No Waste,No,Low
INV003080,2025-05-19,Cloud Kitchen,Dairy,92,88,4,9.0,1.9,88.0,No,Sunny,0,No Waste,No,Low
INV003081,2025-05-19,Supermarket,Bakery,141,141,0,3.0,22.9,299.0,Yes,Sunny,0,No Waste,No,Low
INV003082,2025-05-19,Cloud Kitchen,Meat,91,91,0,2.0,2.5,95.0,No,Cloudy,0,No Waste,No,Low
INV003083,2025-05-19,Cloud Kitchen,Vegetables,111,75,36,6.0,5.8,75.0,No,Rainy,5,Overproduction,No,Medium
INV003084,2025-05-19,Supermarket,Vegetables,186,176,10,,8.2,176.0,No,Sunny,1,Storage Issue,No,Low
INV003085,2025-05-19,Restaurant,Vegetables,76,76,0,7.0,11.1,92.0,No,Hot,0,No Waste,No,Low
INV003086,2025-05-19,Supermarket,Meat,179,163,16,6.0,5.6,163.0,No,Sunny,1,Storage Issue,No,Low
INV003087,2025-05-19,Supermarket,Prepared Food,161,158,3,1.0,18.8,158.0,No,Sunny,1,Expired,,Low
INV003088,2025-05-19,Restaurant,Fruits,126,98,28,6.0,7.0,98.0,No,Sunny,3,Low Demand,No,Medium
INV003089,2025-05-19,Restaurant,Bakery,108,77,31,5.0,21.4,77.0,Yes,Rainy,3,Overproduction,No,Medium
INV003090,2025-05-19,Restaurant,Fruits,96,69,27,4.0,7.1,69.0,No,Cloudy,4,Low Demand,No,Medium
INV003091,2025-05-19,Restaurant,Dairy,90,85,5,6.0,0.7,85.0,No,Cloudy,1,Low Demand,No,Low
INV003092,2025-05-20,Supermarket,Vegetables,139,139,0,4.0,6.9,156.0,No,Hot,0,No Waste,No,Low
INV003093,2025-05-20,Supermarket,Dairy,237,157,80,6.0,2.7,157.0,No,Sunny,9,Overproduction,,Medium
INV003094,2025-05-20,Cafeteria,Meat,67,67,0,1.0,-0.6,69.0,No,Sunny,0,No Waste,No,Low
INV003095,2025-05-20,Cafeteria,Prepared Food,61,61,0,2.0,20.8,70.0,No,Hot,0,No Waste,No,Low
INV003096,2025-05-20,Supermarket,Fruits,178,166,12,4.0,7.2,166.0,No,Sunny,2,Expired,No,Low
INV003097,2025-05-20,Cloud Kitchen,Bakery,86,86,0,,21.4,166.0,Yes,Cloudy,0,No Waste,No,Low
INV003098,2025-05-20,Supermarket,Dairy,213,150,63,11.0,6.6,150.0,Yes,Rainy,13,Overproduction,Yes,Medium
INV003099,2025-05-20,Cloud Kitchen,Vegetables,156,152,4,5.0,7.0,152.0,Yes,Hot,0,No Waste,No,Low
INV003100,2025-05-20,Cloud Kitchen,Bakery,92,77,15,5.0,22.5,77.0,No,Cloudy,1,Low Demand,No,Low
INV003101,2025-05-20,Cloud Kitchen,Vegetables,126,85,41,8.0,2.9,85.0,No,,6,Overproduction,No,Medium
INV003102,2025-05-20,Restaurant,Meat,66,66,0,3.0,3.2,92.0,No,Sunny,0,No Waste,No,Low
INV003103,2025-05-20,Supermarket,Meat,199,182,17,2.0,4.9,182.0,No,Hot,5,Expired,No,Medium
INV003104,2025-05-20,Cloud Kitchen,Meat,86,86,0,6.0,,117.0,No,Sunny,0,No Waste,No,Low
INV003105,2025-05-20,Restaurant,Vegetables,77,77,0,3.0,7.7,95.0,No,Sunny,0,No Waste,No,Low
INV003106,2025-05-20,Cafeteria,Prepared Food,85,53,32,1.0,18.1,53.0,No,Cloudy,14,Overproduction,No,High
INV003107,2025-05-20,Cafeteria,Fruits,59,52,7,6.0,4.8,52.0,No,Cloudy,1,Low Demand,Yes,Low
INV003108,2025-05-20,Supermarket,Fruits,136,99,37,3.0,12.0,99.0,No,Sunny,10,Overproduction,No,Medium
INV003109,2025-05-20,Cafeteria,Fruits,57,57,0,8.0,12.1,59.0,No,Hot,0,No Waste,No,Low
INV003110,2025-05-21,Supermarket,Meat,174,134,40,2.0,-2.1,134.0,No,Sunny,11,Expired,No,Medium
INV003111,2025-05-21,Supermarket,Fruits,142,142,0,7.0,9.0,168.0,No,Sunny,0,No Waste,No,Low
INV003112,2025-05-21,Restaurant,Prepared Food,89,76,13,1.0,15.4,76.0,No,Sunny,5,Expired,No,Medium
INV003113,2025-05-21,Supermarket,Meat,191,191,0,2.0,-0.6,229.0,Yes,Cloudy,0,No Waste,No,Low
INV003114,2025-05-21,Cloud Kitchen,Prepared Food,106,106,0,1.0,20.5,147.0,Yes,Cloudy,0,No Waste,No,Low
INV003115,2025-05-21,Cafeteria,Dairy,70,54,16,,1.5,54.0,No,Cloudy,2,Low Demand,No,Medium
INV003116,2025-05-21,Cafeteria,Bakery,100,81,19,3.0,,81.0,Yes,Hot,4,Storage Issue,Yes,Medium
INV003117,2025-05-21,Cloud Kitchen,Meat,113,112,1,2.0,5.1,112.0,No,Cloudy,0,No Waste,No,Low
INV003118,2025-05-21,Restaurant,Meat,66,66,0,2.0,3.6,104.0,No,Sunny,0,No Waste,No,Low
INV003119,2025-05-21,Cafeteria,Bakery,68,62,6,3.0,26.7,62.0,No,Cloudy,1,Low Demand,No,Low
INV003120,2025-05-21,Restaurant,Vegetables,74,74,0,6.0,8.9,98.0,No,Hot,0,No Waste,No,Low
INV003121,2025-05-21,Restaurant,Fruits,101,99,2,4.0,4.5,99.0,No,Hot,0,No Waste,No,Low
INV003122,2025-05-21,Cafeteria,Vegetables,89,89,0,7.0,6.2,92.0,Yes,Sunny,0,No Waste,No,Low
INV003123,2025-05-21,Supermarket,Meat,131,99,32,6.0,-1.6,99.0,No,Rainy,4,Overproduction,No,Medium
INV003124,2025-05-21,Supermarket,Bakery,159,145,14,2.0,25.4,145.0,No,Cloudy,4,Storage Issue,No,Medium
INV003125,2025-05-21,Cloud Kitchen,Prepared Food,82,64,18,2.0,22.4,64.0,No,Rainy,5,Low Demand,Yes,Medium
INV003126,2025-05-21,Restaurant,Meat,85,69,16,5.0,2.2,69.0,No,Sunny,3,Expired,No,Medium
INV003127,2025-05-21,Restaurant,Dairy,64,52,12,8.0,6.2,52.0,No,Rainy,2,Low Demand,No,Medium
INV003128,2025-05-21,Restaurant,Prepared Food,113,88,25,3.0,10.6,88.0,No,Sunny,6,Overproduction,No,Medium
INV003129,2025-05-21,Supermarket,Fruits,136,136,0,4.0,2.3,181.0,No,Cloudy,0,No Waste,No,Low
INV003130,2025-05-21,Restaurant,Prepared Food,138,87,51,2.0,22.6,87.0,No,Hot,15,Overproduction,,High
INV003131,2025-05-21,Cafeteria,Dairy,63,63,0,9.0,2.1,65.0,No,Hot,0,No Waste,No,Low
INV003132,2025-05-21,Cafeteria,Fruits,59,59,0,6.0,9.1,59.0,No,Sunny,0,No Waste,No,Low
INV003133,2025-05-21,Restaurant,Meat,94,91,3,5.0,3.1,,No,Hot,0,No Waste,No,Low
INV003134,2025-05-22,Cloud Kitchen,Vegetables,141,141,0,6.0,11.1,145.0,Yes,Cloudy,0,No Waste,No,Low
INV003135,2025-05-22,Restaurant,Vegetables,74,74,0,5.0,8.5,93.0,No,Cloudy,0,No Waste,No,Low
INV003136,2025-05-22,Cloud Kitchen,Dairy,102,75,27,2.0,1.5,75.0,No,Cloudy,6,Expired,No,Medium
INV003137,2025-05-22,Cloud Kitchen,Prepared Food,420,85,335,1.0,25.5,85.0,Yes,Rainy,185,Overproduction,No,High
INV003138,2025-05-22,Supermarket,Prepared Food,190,162,28,2.0,19.7,162.0,No,Sunny,6,Expired,No,Medium
INV003139,2025-05-22,Cafeteria,Prepared Food,39,39,0,1.0,15.9,80.0,No,Sunny,0,No Waste,No,Low
INV003140,2025-05-22,Cafeteria,Bakery,60,57,3,3.0,22.8,57.0,No,,0,No Waste,No,Low
INV003141,2025-05-22,Supermarket,Meat,147,147,0,5.0,-1.0,192.0,No,Sunny,0,No Waste,No,Low
INV003142,2025-05-22,Cafeteria,Prepared Food,79,43,36,1.0,16.7,43.0,No,Sunny,12,Expired,No,High
INV003143,2025-05-22,Supermarket,Fruits,185,159,26,6.0,7.6,159.0,No,Hot,2,Expired,No,Low
INV003144,2025-05-22,Restaurant,Fruits,86,86,0,7.0,8.3,94.0,No,Sunny,0,No Waste,No,Low
INV003145,2025-05-22,Restaurant,Prepared Food,93,93,0,1.0,23.8,107.0,No,Sunny,0,No Waste,No,Low
INV003146,2025-05-22,Restaurant,Meat,103,86,17,5.0,0.7,86.0,No,Sunny,1,Low Demand,No,Low
INV003147,2025-05-22,Restaurant,Dairy,155,68,87,4.0,2.1,68.0,Yes,Rainy,30,Overproduction,Yes,High
INV003148,2025-05-22,Cloud Kitchen,Fruits,150,64,86,1.0,8.7,64.0,No,Rainy,41,Overproduction,Yes,High
INV003149,2025-05-22,Restaurant,Dairy,110,83,27,9.0,3.5,83.0,No,Hot,3,Low Demand,No,Medium
INV003150,2025-05-22,Supermarket,Bakery,166,160,6,3.0,27.1,160.0,No,Sunny,2,Expired,No,Low
INV003151,2025-05-22,Cafeteria,Meat,49,49,0,8.0,-1.4,58.0,No,Cloudy,0,No Waste,No,Low
INV003152,2025-05-22,Restaurant,Dairy,127,105,22,,6.8,105.0,Yes,Cloudy,4,Storage Issue,No,Medium
INV003153,2025-05-22,Supermarket,Vegetables,131,131,0,6.0,3.3,156.0,No,Hot,0,No Waste,No,Low
INV003154,2025-05-22,Cloud Kitchen,Prepared Food,102,91,11,1.0,21.9,91.0,No,Sunny,4,Expired,No,Medium
INV003155,2025-05-22,Cloud Kitchen,Prepared Food,97,97,0,2.0,21.0,117.0,No,Hot,0,No Waste,No,Low
INV003156,2025-05-22,Restaurant,Bakery,86,83,3,5.0,26.7,83.0,No,Cloudy,0,No Waste,No,Low
INV003157,2025-05-22,Restaurant,Meat,72,72,0,4.0,0.3,91.0,No,Hot,0,No Waste,No,Low
INV003158,2025-05-23,Cloud Kitchen,Prepared Food,151,106,45,2.0,14.2,106.0,No,Sunny,11,Expired,No,Medium
INV003159,2025-05-23,Restaurant,Prepared Food,80,69,11,2.0,18.3,69.0,No,Sunny,2,Expired,No,Medium
INV003160,2025-05-23,Supermarket,Vegetables,163,152,11,8.0,6.2,,No,Sunny,0,No Waste,No,Low
INV003161,2025-05-23,Supermarket,Fruits,161,161,0,5.0,9.1,169.0,No,Cloudy,0,No Waste,No,Low
INV003162,2025-05-23,Restaurant,Fruits,83,83,0,6.0,4.0,84.0,No,Hot,0,No Waste,No,Low
INV003163,2025-05-23,Supermarket,Fruits,200,148,52,4.0,9.4,148.0,No,Rainy,8,Expired,No,Medium
INV003164,2025-05-23,Cloud Kitchen,Dairy,94,94,0,7.0,8.0,125.0,No,Hot,0,No Waste,No,Low
INV003165,2025-05-23,Supermarket,Bakery,150,150,0,3.0,23.3,173.0,No,Cloudy,0,No Waste,No,Low
INV003166,2025-05-23,Restaurant,Dairy,90,81,9,9.0,4.5,81.0,No,Hot,0,No Waste,No,Low
INV003167,2025-05-23,Restaurant,Dairy,81,81,0,9.0,6.7,92.0,No,Sunny,0,No Waste,No,Low
INV003168,2025-05-23,Cloud Kitchen,Vegetables,100,74,26,6.0,4.1,74.0,No,Rainy,4,Low Demand,No,Medium
INV003169,2025-05-23,Cafeteria,Meat,70,70,0,5.0,-0.2,74.0,No,Hot,0,No Waste,No,Low
INV003170,2025-05-23,Supermarket,Fruits,201,148,53,7.0,10.8,148.0,Yes,Rainy,9,Overproduction,No,Medium
INV003171,2025-05-23,Cafeteria,Meat,55,36,19,2.0,0.2,36.0,No,Rainy,7,Low Demand,,High
INV003172,2025-05-23,Cloud Kitchen,Bakery,113,113,0,4.0,20.1,114.0,No,Sunny,0,No Waste,No,Low
INV003173,2025-05-23,Supermarket,Bakery,135,135,0,3.0,24.5,157.0,No,Sunny,0,No Waste,No,Low
INV003174,2025-05-23,Restaurant,Dairy,103,58,45,12.0,4.0,58.0,No,Rainy,7,Overproduction,Yes,Medium
INV003175,2025-05-23,Restaurant,Bakery,77,57,20,4.0,30.6,57.0,No,Rainy,7,Storage Issue,No,High
INV003176,2025-05-23,Supermarket,Dairy,172,132,40,8.0,4.6,132.0,No,Cloudy,6,Overproduction,No,Medium
INV003177,2025-05-23,Restaurant,Dairy,53,53,0,8.0,2.5,97.0,No,Sunny,0,No Waste,No,Low
INV003178,2025-05-23,Restaurant,Dairy,115,115,0,8.0,4.4,132.0,Yes,,0,No Waste,,Low
INV003179,2025-05-23,Restaurant,Meat,115,53,62,5.0,2.4,53.0,No,Rainy,16,Overproduction,Yes,High
INV003180,2025-05-23,Supermarket,Meat,133,133,0,3.0,6.1,201.0,No,Sunny,0,No Waste,No,Low
INV003181,2025-05-23,Cafeteria,Meat,55,55,0,1.0,1.5,58.0,No,Sunny,0,No Waste,No,Low
INV003182,2025-05-23,Cafeteria,Meat,66,55,11,5.0,0.3,55.0,No,Sunny,1,Low Demand,No,Low
INV003183,2025-05-24,Restaurant,Fruits,102,57,45,3.0,2.7,57.0,No,Rainy,14,Overproduction,No,High
INV003184,2025-05-24,Restaurant,Meat,79,79,0,2.0,-1.2,87.0,No,Cloudy,0,No Waste,No,Low
INV003185,2025-05-24,Restaurant,Fruits,115,83,32,6.0,8.5,83.0,No,Hot,4,Overproduction,No,Medium
INV003186,2025-05-24,Restaurant,Meat,115,84,31,7.0,3.5,84.0,Yes,Sunny,8,Overproduction,No,Medium
INV003187,2025-05-24,Supermarket,Meat,216,112,104,9.0,1.4,112.0,No,Rainy,21,Overproduction,Yes,High
INV003188,2025-05-24,Restaurant,Dairy,73,73,0,3.0,2.5,76.0,No,Sunny,0,No Waste,No,Low
INV003189,2025-05-24,Restaurant,Prepared Food,96,73,23,2.0,16.4,73.0,No,Cloudy,5,Expired,No,Medium
INV003190,2025-05-24,Supermarket,Meat,210,170,40,4.0,2.9,170.0,No,Hot,9,Expired,No,Medium
INV003191,2025-05-24,Restaurant,Fruits,90,90,0,9.0,9.7,118.0,Yes,Hot,0,No Waste,No,Low
INV003192,2025-05-24,Cafeteria,Dairy,72,42,30,7.0,5.2,42.0,No,Rainy,9,Overproduction,No,High
INV003193,2025-05-24,Cafeteria,Prepared Food,76,76,0,1.0,25.7,86.0,Yes,Sunny,0,No Waste,No,Low
INV003194,2025-05-24,Restaurant,Dairy,76,65,11,4.0,2.6,65.0,No,Cloudy,1,Low Demand,No,Low
INV003195,2025-05-24,Cloud Kitchen,Dairy,130,130,0,4.0,2.9,131.0,Yes,Cloudy,0,No Waste,No,Low
INV003196,2025-05-24,Cafeteria,Bakery,73,36,37,2.0,25.4,36.0,No,Rainy,12,Overproduction,Yes,High
INV003197,2025-05-24,Cloud Kitchen,Fruits,137,128,9,8.0,6.4,128.0,Yes,Cloudy,1,Expired,No,Low
INV003198,2025-05-24,Cafeteria,Bakery,62,62,0,2.0,21.6,63.0,No,Cloudy,0,No Waste,No,Low
INV003199,2025-05-24,Restaurant,Dairy,87,87,0,6.0,2.7,136.0,Yes,Hot,0,No Waste,No,Low
INV003200,2025-05-24,Cloud Kitchen,Bakery,104,102,2,3.0,22.2,102.0,No,Sunny,0,No Waste,No,Low
INV003201,2025-05-24,Restaurant,Dairy,77,77,0,6.0,5.2,95.0,No,Hot,0,No Waste,No,Low
INV003202,2025-05-24,Cloud Kitchen,Bakery,121,121,0,2.0,21.2,157.0,Yes,Sunny,0,No Waste,No,Low
INV003203,2025-05-24,Restaurant,Dairy,78,78,0,8.0,0.0,94.0,No,Sunny,0,No Waste,No,Low
INV003204,2025-05-24,Restaurant,Prepared Food,109,50,59,1.0,17.3,50.0,No,Rainy,25,Overproduction,Yes,High
INV003205,2025-05-24,Cafeteria,Dairy,68,56,12,11.0,2.9,56.0,No,Cloudy,1,Low Demand,No,Low
INV003206,2025-05-24,Supermarket,Vegetables,211,157,54,8.0,7.7,157.0,No,Cloudy,9,Low Demand,No,Medium
INV003207,2025-05-24,Restaurant,Bakery,129,66,63,5.0,27.0,66.0,Yes,Rainy,24,Overproduction,Yes,High
INV003208,2025-05-24,Cloud Kitchen,Vegetables,106,106,0,7.0,7.5,150.0,Yes,Hot,0,No Waste,No,Low
INV003209,2025-05-24,Restaurant,Bakery,76,63,13,3.0,27.7,63.0,No,Rainy,3,Storage Issue,No,Medium
INV003210,2025-05-25,Cloud Kitchen,Meat,99,99,0,6.0,3.2,114.0,No,Sunny,0,No Waste,No,Low
INV003211,2025-05-25,Restaurant,Vegetables,90,90,0,6.0,6.8,132.0,No,Hot,0,No Waste,No,Low
INV003212,2025-05-25,Supermarket,Bakery,138,138,0,3.0,,139.0,No,Sunny,0,No Waste,No,Low
INV003213,2025-05-25,Cloud Kitchen,Vegetables,95,91,4,5.0,12.2,91.0,No,Rainy,1,Storage Issue,No,Low
INV003214,2025-05-25,Restaurant,Fruits,164,106,58,5.0,3.3,106.0,Yes,Cloudy,12,Overproduction,No,Medium
INV003215,2025-05-25,Cloud Kitchen,Vegetables,98,85,13,4.0,4.2,85.0,No,Sunny,1,Expired,No,Low
INV003216,2025-05-25,Cafeteria,Prepared Food,74,50,24,2.0,23.5,50.0,No,Hot,8,Low Demand,No,High
INV003217,2025-05-25,Restaurant,Vegetables,101,57,44,8.0,4.1,57.0,No,Rainy,7,Overproduction,Yes,Medium
INV003218,2025-05-25,Restaurant,Fruits,78,54,24,3.0,7.5,54.0,No,Rainy,6,Low Demand,No,Medium
INV003219,2025-05-25,Cafeteria,Meat,46,46,0,6.0,0.6,47.0,No,Rainy,0,No Waste,No,Low
INV003220,2025-05-25,Supermarket,Prepared Food,186,140,46,2.0,18.2,140.0,No,,14,Expired,No,Medium
INV003221,2025-05-25,Restaurant,Fruits,97,93,4,4.0,8.3,93.0,No,Cloudy,0,No Waste,No,Low
INV003222,2025-05-25,Restaurant,Meat,75,75,0,6.0,1.8,125.0,Yes,Hot,0,No Waste,,Low
INV003223,2025-05-25,Cloud Kitchen,Prepared Food,91,75,16,1.0,13.4,75.0,No,Rainy,5,Expired,No,Medium
INV003224,2025-05-25,Cloud Kitchen,Bakery,124,109,15,4.0,20.2,109.0,Yes,Sunny,2,Expired,No,Low
INV003225,2025-05-25,Cafeteria,Bakery,53,35,18,4.0,23.7,35.0,No,Rainy,5,Low Demand,No,High
INV003226,2025-05-25,Cloud Kitchen,Meat,113,105,8,3.0,1.2,105.0,No,Rainy,2,Expired,No,Low
INV003227,2025-05-25,Supermarket,Prepared Food,159,96,63,1.0,18.5,96.0,No,Rainy,28,Overproduction,Yes,High
INV003228,2025-05-25,Cloud Kitchen,Dairy,75,75,0,3.0,2.0,105.0,No,Cloudy,0,No Waste,No,Low
INV003229,2025-05-25,Cafeteria,Dairy,79,79,0,,4.6,79.0,Yes,Sunny,0,No Waste,No,Low
INV003230,2025-05-25,Cloud Kitchen,Meat,133,119,14,1.0,3.9,119.0,Yes,Rainy,5,Expired,No,Medium
INV003231,2025-05-25,Restaurant,Dairy,92,92,0,6.0,2.7,94.0,No,Sunny,0,No Waste,No,Low
INV003232,2025-05-25,Cafeteria,Prepared Food,70,70,0,2.0,20.6,83.0,Yes,Sunny,0,No Waste,No,Low
INV003233,2025-05-25,Supermarket,Vegetables,181,134,47,5.0,7.2,134.0,No,Cloudy,12,Overproduction,Yes,High
INV003234,2025-05-25,Restaurant,Vegetables,95,76,19,6.0,12.8,76.0,No,Cloudy,5,Storage Issue,No,Medium
INV003235,2025-05-25,Cafeteria,Vegetables,54,39,15,4.0,,39.0,No,Rainy,2,Low Demand,No,Medium
INV003236,2025-05-25,Restaurant,Prepared Food,75,75,0,3.0,18.8,97.0,No,Cloudy,0,No Waste,No,Low
INV003237,2025-05-26,Supermarket,Dairy,133,133,0,,1.8,150.0,No,Sunny,0,No Waste,No,Low
INV003238,2025-05-26,Restaurant,Vegetables,90,74,16,4.0,10.4,74.0,No,Cloudy,3,Storage Issue,Yes,Medium
INV003239,2025-05-26,Cafeteria,Meat,57,43,14,4.0,-0.8,43.0,No,Rainy,2,Low Demand,No,Medium
INV003240,2025-05-26,Supermarket,Meat,165,137,28,1.0,3.1,137.0,No,Sunny,11,Expired,No,Medium
INV003241,2025-05-26,Restaurant,Vegetables,100,62,38,5.0,9.2,62.0,No,Cloudy,8,Overproduction,No,Medium
INV003242,2025-05-26,Cloud Kitchen,Prepared Food,124,88,36,2.0,19.4,88.0,Yes,Rainy,9,Overproduction,No,Medium
INV003243,2025-05-26,Supermarket,Bakery,158,147,11,3.0,15.9,147.0,No,Sunny,1,Expired,No,Low
INV003244,2025-05-26,Supermarket,Prepared Food,179,179,0,2.0,15.2,184.0,No,Cloudy,0,No Waste,No,Low
INV003245,2025-05-26,Cloud Kitchen,Fruits,123,123,0,5.0,8.9,147.0,Yes,Cloudy,0,No Waste,No,Low
INV003246,2025-05-26,Supermarket,Bakery,158,158,0,3.0,19.4,169.0,No,Sunny,0,No Waste,No,Low
INV003247,2025-05-26,Restaurant,Prepared Food,91,86,5,1.0,26.1,86.0,No,Hot,2,Expired,No,Medium
INV003248,2025-05-26,Cloud Kitchen,Fruits,97,97,0,6.0,13.8,154.0,Yes,Hot,0,No Waste,No,Low
INV003249,2025-05-26,Cloud Kitchen,Bakery,143,96,47,3.0,22.0,96.0,No,Cloudy,13,Overproduction,No,High
INV003250,2025-05-26,Restaurant,Bakery,58,58,0,3.0,,68.0,No,Rainy,0,No Waste,No,Low
INV003251,2025-05-26,Restaurant,Dairy,72,65,7,7.0,2.9,65.0,No,Sunny,1,Low Demand,No,Low
INV003252,2025-05-26,Cafeteria,Bakery,77,32,45,4.0,18.5,32.0,No,Rainy,11,Overproduction,No,High
INV003253,2025-05-26,Restaurant,Dairy,86,65,21,6.0,4.4,65.0,No,Rainy,3,Overproduction,,Medium
INV003254,2025-05-26,Cafeteria,Meat,83,71,12,5.0,5.6,,Yes,Cloudy,3,Low Demand,,Medium
INV003255,2025-05-26,Supermarket,Prepared Food,124,124,0,1.0,19.9,180.0,No,Sunny,0,No Waste,No,Low
INV003256,2025-05-26,Cafeteria,Vegetables,45,45,0,7.0,7.8,66.0,No,Sunny,0,No Waste,No,Low
INV003257,2025-05-26,Restaurant,Fruits,83,81,2,6.0,7.8,81.0,Yes,Rainy,0,No Waste,No,Low
INV003258,2025-05-26,Supermarket,Meat,161,132,29,2.0,4.9,132.0,No,Cloudy,9,Expired,No,Medium
INV003259,2025-05-27,Cloud Kitchen,Prepared Food,113,113,0,2.0,16.5,115.0,No,Hot,0,No Waste,No,Low
INV003260,2025-05-27,Supermarket,Fruits,181,181,0,2.0,11.6,244.0,Yes,Sunny,0,No Waste,No,Low
INV003261,2025-05-27,Cloud Kitchen,Bakery,83,83,0,1.0,13.2,88.0,No,Hot,0,No Waste,No,Low
INV003262,2025-05-27,Supermarket,Dairy,171,140,31,3.0,2.8,140.0,Yes,Rainy,5,Expired,No,Medium
INV003263,2025-05-27,Cloud Kitchen,Bakery,90,90,0,1.0,25.5,106.0,No,Sunny,0,No Waste,No,Low
INV003264,2025-05-27,Cloud Kitchen,Fruits,121,79,42,4.0,5.4,79.0,No,Sunny,9,Overproduction,Yes,Medium
INV003265,2025-05-27,Restaurant,Meat,92,83,9,3.0,2.3,83.0,No,Sunny,1,Low Demand,No,Low
INV003266,2025-05-27,Cloud Kitchen,Prepared Food,92,84,8,1.0,28.2,84.0,No,Cloudy,4,Storage Issue,No,Medium
INV003267,2025-05-27,Supermarket,Prepared Food,215,147,68,2.0,21.5,147.0,No,Sunny,20,Expired,No,High
INV003268,2025-05-27,Cloud Kitchen,Dairy,124,91,33,8.0,5.2,91.0,No,Cloudy,9,Overproduction,No,Medium
INV003269,2025-05-27,Restaurant,Fruits,100,100,0,5.0,7.9,109.0,No,Hot,0,No Waste,No,Low
INV003270,2025-05-27,Cloud Kitchen,Prepared Food,105,105,0,,20.4,117.0,No,Hot,0,No Waste,No,High
INV003271,2025-05-27,Cafeteria,Dairy,89,48,41,9.0,3.6,48.0,Yes,Rainy,8,Overproduction,No,High
INV003272,2025-05-27,Supermarket,Vegetables,200,182,18,4.0,7.4,182.0,No,Hot,2,Expired,No,Low
INV003273,2025-05-27,Cafeteria,Bakery,80,80,0,,24.7,111.0,Yes,Sunny,0,No Waste,No,Low
INV003274,2025-05-27,Restaurant,Bakery,62,61,1,4.0,17.5,61.0,No,Sunny,0,No Waste,No,Low
INV003275,2025-05-27,Cafeteria,Bakery,59,48,11,2.0,22.9,48.0,No,Cloudy,2,Low Demand,No,Medium
INV003276,2025-05-27,Supermarket,Prepared Food,245,158,87,3.0,20.7,158.0,No,Sunny,26,Overproduction,,High
INV003277,2025-05-27,Supermarket,Fruits,158,97,61,6.0,6.5,97.0,No,Rainy,12,Overproduction,No,Medium
INV003278,2025-05-27,Supermarket,Dairy,173,149,24,5.0,3.6,149.0,No,Hot,1,Expired,No,Low
INV003279,2025-05-27,Cafeteria,Prepared Food,81,73,8,2.0,20.2,73.0,No,Sunny,2,Expired,No,Medium
INV003280,2025-05-27,Cloud Kitchen,Vegetables,132,132,0,2.0,-1.4,146.0,Yes,Hot,0,No Waste,No,Low
INV003281,2025-05-28,Supermarket,Prepared Food,162,91,71,2.0,23.7,91.0,No,Rainy,29,Overproduction,Yes,High
INV003282,2025-05-28,Cafeteria,Fruits,84,74,10,4.0,8.6,74.0,Yes,Rainy,2,Low Demand,No,Medium
INV003283,2025-05-28,Restaurant,Dairy,103,103,0,11.0,6.5,112.0,Yes,Sunny,0,No Waste,No,Low
INV003284,2025-05-28,Restaurant,Dairy,115,96,19,8.0,1.0,96.0,No,Hot,2,Low Demand,No,Low
INV003285,2025-05-28,Cloud Kitchen,Dairy,157,82,75,5.0,1.5,82.0,No,Cloudy,21,Overproduction,Yes,High
INV003286,2025-05-28,Supermarket,Dairy,177,169,8,4.0,6.7,169.0,No,Cloudy,2,Expired,No,Low
INV003287,2025-05-28,Supermarket,Meat,200,170,30,4.0,-0.3,170.0,No,Sunny,6,Overproduction,,Medium
INV003288,2025-05-28,Restaurant,Fruits,99,78,21,7.0,9.0,78.0,No,Cloudy,2,Low Demand,Yes,Low
INV003289,2025-05-28,Restaurant,Vegetables,126,81,45,5.0,9.0,81.0,No,Hot,11,Overproduction,No,High
INV003290,2025-05-28,Cafeteria,Vegetables,61,48,13,5.0,3.8,48.0,No,Cloudy,2,Low Demand,,Medium
INV003291,2025-05-28,Supermarket,Vegetables,190,190,0,6.0,10.3,235.0,Yes,Hot,0,No Waste,No,Low
INV003292,2025-05-28,Cafeteria,Fruits,89,38,51,4.0,11.3,38.0,No,Rainy,18,Overproduction,Yes,High
INV003293,2025-05-28,Supermarket,Prepared Food,187,178,9,1.0,24.1,178.0,Yes,Sunny,4,Expired,No,Medium
INV003294,2025-05-28,Supermarket,Vegetables,96,96,0,8.0,4.4,179.0,No,Sunny,0,No Waste,No,Low
INV003295,2025-05-28,Cloud Kitchen,Dairy,109,109,0,9.0,4.5,,Yes,Hot,0,No Waste,No,Low
INV003296,2025-05-28,Cloud Kitchen,Vegetables,110,85,25,9.0,10.7,85.0,No,Rainy,6,Storage Issue,Yes,Medium
INV003297,2025-05-28,Cafeteria,Prepared Food,70,70,0,1.0,18.9,81.0,No,Hot,0,No Waste,No,Medium
INV003298,2025-05-28,Restaurant,Vegetables,83,83,0,9.0,11.3,87.0,No,Sunny,0,No Waste,No,Low
INV003299,2025-05-28,Restaurant,Fruits,131,101,30,5.0,6.3,101.0,Yes,Cloudy,3,Overproduction,No,Medium
INV003300,2025-05-28,Cafeteria,Bakery,55,55,0,2.0,20.4,65.0,No,Cloudy,0,No Waste,No,Low
INV003301,2025-05-28,Restaurant,Prepared Food,72,68,4,1.0,16.7,68.0,No,Cloudy,1,Expired,No,Low
INV003302,2025-05-29,Supermarket,Meat,224,224,0,2.0,5.4,254.0,Yes,Hot,0,No Waste,No,Low
INV003303,2025-05-29,Restaurant,Bakery,100,100,0,3.0,21.8,107.0,Yes,Sunny,0,No Waste,No,Low
INV003304,2025-05-29,Cafeteria,Dairy,49,49,0,6.0,1.4,57.0,No,Rainy,0,No Waste,No,Low
INV003305,2025-05-29,Restaurant,Bakery,67,62,5,3.0,21.9,62.0,No,Rainy,1,Low Demand,No,Low
INV003306,2025-05-29,Supermarket,Fruits,189,169,20,4.0,6.3,169.0,No,Sunny,3,Expired,No,Low
INV003307,2025-05-29,Supermarket,Meat,172,170,2,7.0,4.0,170.0,No,Sunny,0,No Waste,No,Low
INV003308,2025-05-29,Cafeteria,Bakery,78,78,0,1.0,25.2,100.0,Yes,Sunny,0,No Waste,No,Low
INV003309,2025-05-29,Restaurant,Vegetables,69,69,0,8.0,5.7,89.0,No,Cloudy,0,No Waste,No,Low
INV003310,2025-05-29,Cloud Kitchen,Vegetables,171,148,23,7.0,,148.0,Yes,Hot,2,Low Demand,No,Low
INV003311,2025-05-29,Cafeteria,Prepared Food,59,52,7,1.0,19.5,52.0,No,Sunny,2,Expired,No,Medium
INV003312,2025-05-29,Cloud Kitchen,Fruits,99,99,0,8.0,3.8,106.0,No,Cloudy,0,No Waste,No,Low
INV003313,2025-05-29,Cafeteria,Meat,74,57,17,4.0,-3.5,57.0,No,Hot,1,Low Demand,No,Low
INV003314,2025-05-29,Supermarket,Vegetables,203,174,29,,6.4,174.0,No,Cloudy,6,Low Demand,,Medium
INV003315,2025-05-29,Restaurant,Dairy,80,62,18,8.0,5.1,62.0,No,Cloudy,2,Low Demand,No,Medium
INV003316,2025-05-29,Cafeteria,Dairy,80,80,0,4.0,4.8,86.0,Yes,Cloudy,0,No Waste,No,Low
INV003317,2025-05-29,Restaurant,Fruits,56,56,0,1.0,,,No,Sunny,0,No Waste,No,Low
INV003318,2025-05-29,Restaurant,Meat,122,98,24,6.0,4.5,98.0,Yes,Cloudy,4,Low Demand,Yes,Medium
INV003319,2025-05-29,Supermarket,Meat,130,130,0,4.0,0.3,197.0,No,Sunny,0,No Waste,No,Low
INV003320,2025-05-29,Restaurant,Meat,69,69,0,2.0,5.3,80.0,No,Hot,0,No Waste,No,Low
INV003321,2025-05-29,Restaurant,Fruits,75,75,0,4.0,3.4,83.0,No,Sunny,0,No Waste,No,Low
INV003322,2025-05-29,Supermarket,Prepared Food,170,170,0,2.0,13.9,198.0,Yes,Sunny,0,No Waste,No,Low
INV003323,2025-05-29,Cafeteria,Meat,81,54,27,5.0,3.4,54.0,No,Cloudy,5,Overproduction,No,Medium
INV003324,2025-05-30,Cafeteria,Vegetables,79,56,23,7.0,6.8,56.0,No,Cloudy,2,Low Demand,No,Medium
INV003325,2025-05-30,Restaurant,Bakery,98,75,23,4.0,22.3,75.0,No,Cloudy,6,Low Demand,Yes,Medium
INV003326,2025-05-30,Supermarket,Bakery,111,111,0,2.0,19.9,113.0,No,Sunny,0,No Waste,No,Low
INV003327,2025-05-30,Supermarket,Meat,132,132,0,4.0,1.9,182.0,No,Sunny,0,No Waste,,Low
INV003328,2025-05-30,Cloud Kitchen,Fruits,99,77,22,8.0,6.5,77.0,No,Sunny,3,Low Demand,No,Medium
INV003329,2025-05-30,Cafeteria,Bakery,83,75,8,2.0,17.3,75.0,Yes,Cloudy,2,Expired,No,Medium
INV003330,2025-05-30,Supermarket,Bakery,110,110,0,3.0,23.4,157.0,No,Hot,0,No Waste,No,Low
INV003331,2025-05-30,Cafeteria,Vegetables,54,54,0,9.0,6.8,75.0,No,Hot,0,No Waste,No,Low
INV003332,2025-05-30,Restaurant,Fruits,91,91,0,2.0,7.9,103.0,Yes,Hot,0,No Waste,No,Low
INV003333,2025-05-30,Restaurant,Meat,86,46,40,3.0,4.0,46.0,No,Rainy,12,Overproduction,No,High
INV003334,2025-05-30,Restaurant,Prepared Food,88,88,0,1.0,15.5,93.0,Yes,Rainy,0,No Waste,No,Low
INV003335,2025-05-30,Cafeteria,Vegetables,49,49,0,8.0,5.7,58.0,No,Cloudy,0,No Waste,No,Low
INV003336,2025-05-30,Supermarket,Prepared Food,147,127,20,2.0,18.0,127.0,No,Sunny,5,Expired,No,Medium
INV003337,2025-05-30,Cafeteria,Meat,59,57,2,2.0,6.0,57.0,No,Sunny,0,No Waste,No,Low
INV003338,2025-05-30,Restaurant,Prepared Food,87,66,21,2.0,,66.0,No,Sunny,7,Expired,No,Medium
INV003339,2025-05-30,Supermarket,Prepared Food,175,147,28,1.0,13.3,147.0,No,Cloudy,8,Expired,No,Medium
INV003340,2025-05-30,Restaurant,Prepared Food,63,63,0,2.0,26.8,99.0,No,Sunny,0,No Waste,No,Low
INV003341,2025-05-30,Cloud Kitchen,Prepared Food,136,136,0,2.0,17.9,140.0,No,Sunny,0,No Waste,No,Low
INV003342,2025-05-30,Restaurant,Meat,109,66,43,5.0,1.3,66.0,Yes,Rainy,8,Overproduction,No,Medium
INV003343,2025-05-31,Supermarket,Fruits,182,182,0,2.0,1.6,238.0,No,Sunny,0,No Waste,No,Low
INV003344,2025-05-31,Cafeteria,Prepared Food,80,54,26,1.0,26.0,54.0,No,Sunny,13,Expired,No,High
INV003345,2025-05-31,Supermarket,Dairy,143,143,0,3.0,1.8,205.0,Yes,Rainy,0,No Waste,No,Low
INV003346,2025-05-31,Cloud Kitchen,Prepared Food,141,90,51,2.0,22.1,90.0,No,Cloudy,20,Overproduction,Yes,High
INV003347,2025-05-31,Supermarket,Dairy,154,137,17,8.0,4.1,137.0,No,Cloudy,0,No Waste,No,Low
INV003348,2025-05-31,Supermarket,Bakery,151,151,0,3.0,26.4,187.0,No,Sunny,0,No Waste,No,Low
INV003349,2025-05-31,Cafeteria,Meat,62,56,6,5.0,-1.4,56.0,No,,1,Low Demand,,Low
INV003350,2025-05-31,Supermarket,Bakery,132,132,0,,26.4,143.0,No,Hot,0,No Waste,No,Low
INV003351,2025-05-31,Restaurant,Prepared Food,76,76,0,1.0,25.4,79.0,No,Hot,0,No Waste,No,Low
INV003352,2025-05-31,Supermarket,Fruits,208,185,23,5.0,10.3,185.0,No,Hot,6,Low Demand,Yes,Medium
INV003353,2025-05-31,Cafeteria,Prepared Food,84,82,2,2.0,18.6,82.0,Yes,,0,No Waste,No,Low
INV003354,2025-05-31,Supermarket,Vegetables,164,164,0,7.0,0.7,188.0,Yes,Cloudy,0,No Waste,No,Low
INV003355,2025-05-31,Restaurant,Bakery,94,64,30,3.0,21.0,64.0,Yes,Rainy,8,Overproduction,Yes,Medium
INV003356,2025-05-31,Supermarket,Meat,200,147,53,4.0,-1.1,147.0,No,Cloudy,10,Expired,No,Medium
INV003357,2025-05-31,Cafeteria,Fruits,66,64,2,5.0,7.2,64.0,No,Hot,0,No Waste,No,Low
INV003358,2025-05-31,Supermarket,Prepared Food,187,173,14,1.0,22.2,173.0,No,Sunny,4,Expired,No,Medium
INV003359,2025-05-31,Cloud Kitchen,Bakery,115,115,0,3.0,18.0,,Yes,Sunny,0,No Waste,No,Low
INV003360,2025-05-31,Cloud Kitchen,Fruits,142,64,78,3.0,8.7,64.0,No,Rainy,27,Overproduction,Yes,High
INV003361,2025-05-31,Cloud Kitchen,Fruits,162,107,55,3.0,12.4,107.0,No,Sunny,14,Overproduction,Yes,Medium
INV003362,2025-05-31,Supermarket,Bakery,160,158,2,5.0,23.6,158.0,No,Hot,0,No Waste,No,Low
INV003363,2025-05-31,Restaurant,Prepared Food,109,109,0,1.0,23.4,133.0,Yes,Hot,0,No Waste,No,Low
INV003364,2025-05-31,Cloud Kitchen,Bakery,132,67,65,1.0,27.1,67.0,No,Rainy,33,Overproduction,Yes,High
INV003365,2025-05-31,Cloud Kitchen,Dairy,144,96,48,3.0,8.1,96.0,No,Hot,15,Overproduction,No,High
INV003366,2025-05-31,Restaurant,Dairy,98,71,27,8.0,4.5,71.0,No,Hot,6,Low Demand,No,Medium
INV003367,2025-05-31,Supermarket,Prepared Food,127,127,0,2.0,16.4,165.0,No,Cloudy,0,No Waste,No,Low
INV003368,2025-05-31,Cafeteria,Meat,74,62,12,3.0,-0.7,62.0,No,Sunny,3,Low Demand,No,Medium
INV003369,2025-05-31,Supermarket,Bakery,160,160,0,3.0,,213.0,No,Hot,0,No Waste,No,Low
INV003370,2025-05-31,Cafeteria,Meat,82,43,39,7.0,4.2,43.0,Yes,Rainy,11,Overproduction,No,High
INV003371,2025-05-31,Cafeteria,Meat,56,52,4,5.0,3.4,52.0,No,Rainy,0,No Waste,No,Low
INV003372,2025-05-31,Cloud Kitchen,Bakery,145,94,51,5.0,22.0,94.0,No,Hot,7,Overproduction,Yes,Medium
INV003373,2025-05-31,Supermarket,Prepared Food,187,143,44,1.0,28.4,143.0,No,Cloudy,22,Storage Issue,Yes,High
INV003374,2025-05-31,Supermarket,Prepared Food,153,115,38,3.0,26.1,115.0,No,Cloudy,12,Storage Issue,No,Medium
INV003375,2025-06-01,Cafeteria,Dairy,74,54,20,10.0,-0.2,54.0,No,Sunny,3,Low Demand,Yes,Medium
INV003376,2025-06-01,Restaurant,Prepared Food,95,82,13,1.0,19.8,82.0,No,Cloudy,3,Expired,No,Medium
INV003377,2025-06-01,Cafeteria,Meat,70,43,27,1.0,2.6,43.0,No,Rainy,10,Expired,No,High
INV003378,2025-06-01,Cloud Kitchen,Bakery,121,121,0,2.0,22.5,125.0,No,Hot,0,No Waste,No,Low
INV003379,2025-06-01,Cafeteria,Meat,57,57,0,1.0,1.7,59.0,No,Hot,0,No Waste,No,Low
INV003380,2025-06-01,Supermarket,Fruits,143,131,12,6.0,11.0,131.0,No,Rainy,1,Low Demand,No,Low
INV003381,2025-06-01,Restaurant,Bakery,66,66,0,3.0,20.9,97.0,No,Sunny,0,No Waste,No,Low
INV003382,2025-06-01,Supermarket,Vegetables,164,159,5,6.0,1.3,159.0,No,Sunny,1,Expired,No,Low
INV003383,2025-06-01,Supermarket,Bakery,191,113,78,3.0,22.8,113.0,No,Cloudy,21,Overproduction,Yes,High
INV003384,2025-06-01,Supermarket,Fruits,215,119,96,5.0,5.8,119.0,No,Sunny,23,Overproduction,Yes,High
INV003385,2025-06-01,Cafeteria,Bakery,74,74,0,2.0,26.9,82.0,No,Sunny,0,No Waste,No,High
INV003386,2025-06-01,Cloud Kitchen,Bakery,145,137,8,3.0,23.9,137.0,Yes,Hot,1,Expired,No,Low
INV003387,2025-06-01,Cafeteria,Fruits,42,42,0,5.0,6.7,49.0,No,Cloudy,0,No Waste,No,Low
INV003388,2025-06-01,Cafeteria,Meat,62,61,1,2.0,2.7,61.0,No,Sunny,0,No Waste,No,Low
INV003389,2025-06-01,Cloud Kitchen,Fruits,96,90,6,7.0,6.7,90.0,No,Cloudy,1,Low Demand,No,Low
INV003390,2025-06-01,Cloud Kitchen,Prepared Food,116,116,0,1.0,18.5,119.0,No,Sunny,0,No Waste,No,Low
INV003391,2025-06-01,Restaurant,Vegetables,79,79,0,5.0,2.9,89.0,No,Cloudy,0,No Waste,No,Low
INV003392,2025-06-02,Restaurant,Prepared Food,79,64,15,1.0,17.0,64.0,No,Rainy,5,Expired,No,Medium
INV003393,2025-06-02,Cafeteria,Vegetables,53,44,9,3.0,12.0,44.0,No,Rainy,2,Low Demand,No,High
INV003394,2025-06-02,Cloud Kitchen,Dairy,135,83,52,10.0,4.3,83.0,No,Rainy,10,Overproduction,No,Medium
INV003395,2025-06-02,Cafeteria,Vegetables,59,59,0,6.0,5.2,75.0,Yes,Cloudy,0,No Waste,No,Low
INV003396,2025-06-02,Cafeteria,Fruits,62,62,0,6.0,13.9,64.0,No,Hot,0,No Waste,No,High
INV003397,2025-06-02,Restaurant,Fruits,125,75,50,4.0,3.5,75.0,No,Sunny,11,Overproduction,Yes,High
INV003398,2025-06-02,Cloud Kitchen,Vegetables,122,105,17,3.0,0.8,105.0,No,Hot,2,Expired,No,Low
INV003399,2025-06-02,Cafeteria,Vegetables,66,66,0,8.0,7.5,66.0,No,Cloudy,0,No Waste,No,Low
INV003400,2025-06-02,Cafeteria,Fruits,56,48,8,,4.6,48.0,No,Hot,1,Low Demand,No,Low
INV003401,2025-06-02,Supermarket,Bakery,216,152,64,2.0,17.2,152.0,No,Hot,22,Expired,No,High
INV003402,2025-06-02,Cloud Kitchen,Meat,113,85,28,4.0,2.9,85.0,No,Cloudy,5,Overproduction,No,Medium
INV003403,2025-06-02,Cafeteria,Fruits,54,54,0,7.0,3.5,68.0,No,Sunny,0,No Waste,No,Low
INV003404,2025-06-02,Supermarket,Dairy,238,183,55,9.0,7.5,183.0,No,Sunny,14,Storage Issue,Yes,Medium
INV003405,2025-06-02,Restaurant,Prepared Food,95,57,38,2.0,14.7,57.0,No,Rainy,15,Overproduction,,High
INV003406,2025-06-02,Restaurant,Dairy,102,90,12,6.0,5.4,90.0,Yes,Rainy,1,Low Demand,,Low
INV003407,2025-06-02,Supermarket,Fruits,132,132,0,4.0,5.1,148.0,No,Hot,0,No Waste,No,Low
INV003408,2025-06-02,Supermarket,Vegetables,186,165,21,5.0,8.0,165.0,No,Sunny,3,Storage Issue,Yes,Low
INV003409,2025-06-02,Cloud Kitchen,Meat,97,97,0,3.0,1.5,114.0,No,Cloudy,0,No Waste,No,Low
INV003410,2025-06-02,Restaurant,Prepared Food,119,113,6,1.0,10.5,113.0,Yes,Sunny,1,Expired,No,Low
INV003411,2025-06-02,Restaurant,Bakery,95,76,19,,21.3,76.0,Yes,Rainy,4,Low Demand,No,Medium
INV003412,2025-06-02,Restaurant,Fruits,86,64,22,7.0,4.5,64.0,No,Rainy,3,Low Demand,No,Medium
INV003413,2025-06-02,Supermarket,Vegetables,196,158,38,4.0,,158.0,Yes,Rainy,9,Expired,No,Medium
INV003414,2025-06-02,Cafeteria,Dairy,61,61,0,8.0,6.9,64.0,Yes,Rainy,0,No Waste,No,Low
INV003415,2025-06-02,Restaurant,Bakery,74,63,11,4.0,25.0,63.0,No,Cloudy,2,Low Demand,No,Low
INV003416,2025-06-02,Restaurant,Dairy,92,92,0,,3.1,96.0,Yes,Cloudy,0,No Waste,No,Low
INV003417,2025-06-03,Restaurant,Vegetables,90,57,33,6.0,7.6,57.0,No,Rainy,8,Low Demand,Yes,High
INV003418,2025-06-03,Restaurant,Dairy,80,80,0,12.0,6.0,87.0,No,Cloudy,0,No Waste,No,Low
INV003419,2025-06-03,Supermarket,Fruits,180,157,23,7.0,7.5,157.0,No,Hot,3,Overproduction,No,Low
INV003420,2025-06-03,Restaurant,Vegetables,102,98,4,,8.9,98.0,No,Sunny,0,No Waste,No,Low
INV003421,2025-06-03,Restaurant,Prepared Food,114,73,41,2.0,20.7,73.0,No,Cloudy,13,Overproduction,Yes,High
INV003422,2025-06-03,Restaurant,Prepared Food,102,102,0,2.0,24.8,147.0,Yes,Hot,0,No Waste,No,Low
INV003423,2025-06-03,Cloud Kitchen,Vegetables,107,66,41,8.0,3.5,66.0,No,Rainy,9,Low Demand,No,Low
INV003424,2025-06-03,Supermarket,Prepared Food,168,150,18,1.0,24.4,150.0,No,Sunny,7,Expired,No,Medium
INV003425,2025-06-03,Restaurant,Prepared Food,131,67,64,2.0,22.2,67.0,Yes,Rainy,22,Overproduction,No,High
INV003426,2025-06-03,Supermarket,Dairy,224,186,38,8.0,7.2,186.0,Yes,Sunny,6,Overproduction,Yes,Medium
INV003427,2025-06-03,Supermarket,Vegetables,157,157,0,5.0,4.2,,No,Sunny,0,No Waste,No,Low
INV003428,2025-06-03,Cafeteria,Fruits,59,59,0,1.0,11.2,131.0,Yes,Hot,0,No Waste,No,Low
INV003429,2025-06-03,Supermarket,Dairy,152,152,0,4.0,2.0,160.0,Yes,Sunny,0,No Waste,No,Low
INV003430,2025-06-03,Restaurant,Fruits,90,90,0,3.0,5.8,103.0,Yes,Sunny,0,No Waste,No,Low
INV003431,2025-06-03,Cloud Kitchen,Meat,95,95,0,1.0,2.5,113.0,No,Sunny,0,No Waste,No,Low
INV003432,2025-06-03,Supermarket,Fruits,160,127,33,6.0,9.5,127.0,No,Hot,6,Low Demand,Yes,Medium
INV003433,2025-06-03,Supermarket,Fruits,238,142,96,3.0,12.5,142.0,No,Sunny,36,Overproduction,Yes,High
INV003434,2025-06-03,Supermarket,Dairy,127,127,0,3.0,4.5,195.0,No,Hot,0,No Waste,No,Low
INV003435,2025-06-03,Supermarket,Dairy,158,157,1,7.0,3.5,157.0,Yes,Cloudy,0,No Waste,No,Low
INV003436,2025-06-03,Supermarket,Dairy,195,183,12,6.0,4.7,183.0,No,Cloudy,2,Low Demand,No,Low
INV003437,2025-06-03,Restaurant,Bakery,63,63,0,3.0,20.3,101.0,No,Sunny,0,No Waste,No,Low
INV003438,2025-06-03,Cloud Kitchen,Vegetables,89,77,12,6.0,11.5,77.0,No,Rainy,2,Low Demand,No,Medium
INV003439,2025-06-03,Cafeteria,Meat,89,89,0,3.0,2.2,90.0,No,Hot,0,No Waste,No,Low
INV003440,2025-06-04,Supermarket,Bakery,192,192,0,3.0,18.3,192.0,Yes,,0,No Waste,No,Low
INV003441,2025-06-04,Restaurant,Prepared Food,84,66,18,1.0,19.4,66.0,No,Rainy,5,Expired,No,Medium
INV003442,2025-06-04,Cloud Kitchen,Fruits,113,113,0,6.0,13.4,120.0,No,Sunny,0,No Waste,No,Low
INV003443,2025-06-04,Cloud Kitchen,Fruits,145,89,56,5.0,5.6,89.0,No,Sunny,13,Overproduction,Yes,High
INV003444,2025-06-04,Cloud Kitchen,Vegetables,106,103,3,7.0,6.3,103.0,No,Sunny,0,No Waste,No,Low
INV003445,2025-06-04,Restaurant,Dairy,90,90,0,9.0,6.3,127.0,Yes,Sunny,0,No Waste,No,Low
INV003446,2025-06-04,Supermarket,Fruits,173,173,0,3.0,4.4,191.0,No,Sunny,0,No Waste,No,Medium
INV003447,2025-06-04,Supermarket,Prepared Food,164,164,0,3.0,19.6,188.0,Yes,Sunny,0,No Waste,No,Low
INV003448,2025-06-04,Supermarket,Dairy,161,161,0,2.0,2.4,188.0,No,Sunny,0,No Waste,No,Low
INV003449,2025-06-04,Restaurant,Dairy,88,88,0,7.0,1.1,103.0,No,Sunny,0,No Waste,No,Low
INV003450,2025-06-04,Supermarket,Prepared Food,206,137,69,1.0,23.5,137.0,Yes,Rainy,25,Expired,No,High
INV003451,2025-06-04,Restaurant,Prepared Food,72,72,0,2.0,27.1,109.0,No,Sunny,0,No Waste,No,Low
INV003452,2025-06-04,Supermarket,Fruits,188,142,46,5.0,11.5,142.0,No,Cloudy,9,Storage Issue,No,Medium
INV003453,2025-06-04,Supermarket,Vegetables,158,158,0,5.0,7.2,268.0,Yes,Hot,0,No Waste,No,Low
INV003454,2025-06-04,Supermarket,Prepared Food,158,157,1,1.0,22.5,157.0,No,Sunny,0,No Waste,No,Low
INV003455,2025-06-04,Restaurant,Meat,84,84,0,4.0,2.9,119.0,No,Cloudy,0,No Waste,No,Low
INV003456,2025-06-05,Restaurant,Vegetables,87,82,5,8.0,4.4,82.0,No,Hot,1,Low Demand,No,Low
INV003457,2025-06-05,Restaurant,Prepared Food,95,78,17,2.0,16.8,78.0,No,Rainy,5,Expired,No,Medium
INV003458,2025-06-05,Restaurant,Prepared Food,78,62,16,,5.3,62.0,No,Sunny,2,Low Demand,No,Medium
INV003459,2025-06-05,Restaurant,Dairy,74,57,17,7.0,6.4,57.0,No,Rainy,2,Low Demand,No,Medium
INV003460,2025-06-05,Cafeteria,Dairy,72,72,0,9.0,3.1,80.0,Yes,Hot,0,No Waste,No,Low
INV003461,2025-06-05,Restaurant,Fruits,93,71,22,5.0,11.1,71.0,No,Sunny,6,Low Demand,No,Medium
INV003462,2025-06-05,Cafeteria,Dairy,67,54,13,5.0,0.6,54.0,No,Sunny,2,Low Demand,No,Medium
INV003463,2025-06-05,Restaurant,Fruits,77,77,0,9.0,-0.4,95.0,No,Hot,0,No Waste,No,Low
INV003464,2025-06-05,Restaurant,Vegetables,77,77,0,2.0,9.0,132.0,Yes,Cloudy,0,No Waste,No,Low
INV003465,2025-06-05,Cloud Kitchen,Fruits,139,131,8,7.0,7.6,131.0,Yes,Hot,1,Low Demand,No,Low
INV003466,2025-06-05,Supermarket,Fruits,157,157,0,2.0,4.1,227.0,No,Sunny,0,No Waste,No,Low
INV003467,2025-06-05,Cloud Kitchen,Bakery,153,89,64,4.0,22.8,89.0,Yes,Rainy,18,Overproduction,Yes,High
INV003468,2025-06-05,Restaurant,Vegetables,159,130,29,1.0,0.8,130.0,Yes,Sunny,8,Expired,No,Medium
INV003469,2025-06-05,Cloud Kitchen,Vegetables,145,109,36,5.0,4.8,109.0,No,Hot,8,Low Demand,No,Medium
INV003470,2025-06-05,Supermarket,Prepared Food,116,116,0,2.0,11.6,139.0,No,Sunny,0,No Waste,No,Low
INV003471,2025-06-05,Cloud Kitchen,Vegetables,88,66,22,9.0,1.9,66.0,No,Rainy,3,Low Demand,No,Medium
INV003472,2025-06-05,Restaurant,Meat,106,79,27,7.0,3.5,79.0,Yes,Cloudy,2,Low Demand,No,Low
INV003473,2025-06-05,Cafeteria,Fruits,68,52,16,7.0,9.7,52.0,No,Cloudy,2,Low Demand,No,Medium
INV003474,2025-06-05,Restaurant,Prepared Food,120,109,11,1.0,8.5,109.0,Yes,Sunny,3,Expired,No,Medium
INV003475,2025-06-05,Restaurant,Prepared Food,71,61,10,2.0,18.7,61.0,No,Rainy,2,Low Demand,No,Medium
INV003476,2025-06-05,Cloud Kitchen,Fruits,100,100,0,5.0,13.2,135.0,No,Sunny,0,No Waste,No,Low
INV003477,2025-06-05,Cafeteria,Bakery,75,65,10,3.0,24.1,65.0,No,Hot,2,Low Demand,No,High
INV003478,2025-06-05,Restaurant,Dairy,97,61,36,6.0,2.1,61.0,No,Sunny,8,Overproduction,Yes,Medium
INV003479,2025-06-05,Cafeteria,Vegetables,38,38,0,7.0,5.6,43.0,No,Sunny,0,No Waste,No,Low
INV003480,2025-06-06,Restaurant,Prepared Food,110,110,0,1.0,15.8,110.0,Yes,Sunny,0,No Waste,No,High
INV003481,2025-06-06,Cloud Kitchen,Bakery,94,94,0,3.0,25.8,125.0,No,Sunny,0,No Waste,No,Low
INV003482,2025-06-06,Cafeteria,Prepared Food,65,45,20,2.0,18.7,45.0,No,Sunny,4,Low Demand,Yes,Medium
INV003483,2025-06-06,Restaurant,Vegetables,93,50,43,8.0,9.9,50.0,No,Rainy,7,Overproduction,Yes,Medium
INV003484,2025-06-06,Supermarket,Bakery,149,149,0,2.0,13.0,152.0,No,Cloudy,0,No Waste,No,Low
INV003485,2025-06-06,Restaurant,Bakery,104,98,6,3.0,22.5,98.0,No,Hot,1,Low Demand,No,Low
INV003486,2025-06-06,Supermarket,Vegetables,178,141,37,7.0,10.4,141.0,No,Rainy,9,Storage Issue,Yes,Medium
INV003487,2025-06-06,Restaurant,Bakery,108,56,52,1.0,23.3,56.0,No,Rainy,22,Overproduction,Yes,High
INV003488,2025-06-06,Cafeteria,Vegetables,64,53,11,5.0,6.3,53.0,No,Sunny,2,Low Demand,No,Medium
INV003489,2025-06-06,Supermarket,Dairy,145,145,0,4.0,2.5,149.0,No,Cloudy,0,No Waste,No,Low
INV003490,2025-06-06,Restaurant,Prepared Food,119,75,44,1.0,18.7,75.0,No,Cloudy,19,Expired,No,High
INV003491,2025-06-06,Restaurant,Bakery,101,50,51,3.0,23.5,50.0,No,Rainy,20,Overproduction,Yes,High
INV003492,2025-06-06,Supermarket,Meat,146,143,3,5.0,5.8,143.0,No,Sunny,0,No Waste,No,Low
INV003493,2025-06-06,Cafeteria,Dairy,83,63,20,7.0,-0.0,63.0,No,Sunny,3,Low Demand,No,Medium
INV003494,2025-06-06,Supermarket,Meat,191,191,0,,-2.0,206.0,No,Sunny,0,No Waste,No,Low
INV003495,2025-06-06,Cloud Kitchen,Bakery,109,99,10,3.0,23.5,99.0,No,Cloudy,2,Expired,No,Low
INV003496,2025-06-06,Supermarket,Meat,196,87,109,4.0,1.2,87.0,No,Rainy,30,Overproduction,Yes,High
INV003497,2025-06-06,Cloud Kitchen,Vegetables,123,113,10,5.0,4.0,113.0,Yes,Cloudy,2,Expired,No,Low
INV003498,2025-06-06,Restaurant,Prepared Food,77,67,10,2.0,13.7,67.0,No,Hot,2,Low Demand,No,Medium
INV003499,2025-06-06,Cloud Kitchen,Fruits,108,108,0,3.0,5.7,122.0,No,Sunny,0,No Waste,No,Low
INV003500,2025-06-06,Cloud Kitchen,Vegetables,131,118,13,5.0,9.6,118.0,No,Cloudy,2,Storage Issue,No,Low
INV003501,2025-06-07,Restaurant,Prepared Food,67,67,0,2.0,20.4,91.0,No,Sunny,0,No Waste,No,Low
INV003502,2025-06-07,Supermarket,Bakery,212,141,71,4.0,25.4,141.0,No,Sunny,22,Expired,No,High
INV003503,2025-06-07,Restaurant,Bakery,82,81,1,2.0,25.2,81.0,No,Sunny,0,No Waste,No,Low
INV003504,2025-06-07,Cafeteria,Vegetables,66,66,0,5.0,7.8,72.0,Yes,Sunny,0,No Waste,No,Low
INV003505,2025-06-07,Cafeteria,Fruits,54,54,0,5.0,6.7,,No,Sunny,0,No Waste,No,Low
INV003506,2025-06-07,Cafeteria,Vegetables,50,50,0,6.0,4.8,74.0,No,Sunny,0,No Waste,No,Low
INV003507,2025-06-07,Supermarket,Prepared Food,161,161,0,1.0,19.8,161.0,Yes,Cloudy,0,No Waste,No,Low
INV003508,2025-06-07,Cloud Kitchen,Meat,100,100,0,1.0,3.3,104.0,No,Cloudy,0,No Waste,No,Low
INV003509,2025-06-07,Supermarket,Fruits,146,146,0,2.0,11.1,,No,Hot,0,No Waste,No,Low
INV003510,2025-06-07,Supermarket,Fruits,164,125,39,4.0,4.3,125.0,No,Cloudy,7,Expired,No,Medium
INV003511,2025-06-07,Restaurant,Vegetables,120,72,48,5.0,9.9,72.0,No,Sunny,14,Overproduction,No,High
INV003512,2025-06-07,Restaurant,Dairy,98,63,35,5.0,2.2,63.0,No,Sunny,7,Overproduction,Yes,Medium
INV003513,2025-06-07,Supermarket,Meat,209,102,107,1.0,4.3,102.0,No,Rainy,55,Overproduction,Yes,High
INV003514,2025-06-07,Supermarket,Meat,236,141,95,7.0,-0.3,141.0,No,Sunny,18,Overproduction,No,Medium
INV003515,2025-06-07,Restaurant,Meat,82,75,7,3.0,1.6,75.0,No,Cloudy,1,Low Demand,No,Low
INV003516,2025-06-07,Cloud Kitchen,Vegetables,111,73,38,8.0,1.9,73.0,No,Rainy,7,Overproduction,No,Medium
INV003517,2025-06-07,Supermarket,Prepared Food,221,131,90,2.0,13.8,131.0,No,Cloudy,28,Overproduction,Yes,High
INV003518,2025-06-07,Restaurant,Fruits,67,66,1,5.0,11.8,66.0,No,Hot,0,No Waste,No,Low
INV003519,2025-06-07,Restaurant,Prepared Food,72,72,0,1.0,25.1,94.0,No,Sunny,0,No Waste,No,Low
INV003520,2025-06-08,Cloud Kitchen,Bakery,152,128,24,6.0,19.2,128.0,Yes,,2,Low Demand,No,Low
INV003521,2025-06-08,Supermarket,Meat,128,128,0,2.0,3.1,128.0,No,Cloudy,0,No Waste,No,Low
INV003522,2025-06-08,Cafeteria,Vegetables,60,60,0,4.0,6.9,70.0,Yes,Rainy,0,No Waste,No,Low
INV003523,2025-06-08,Cloud Kitchen,Prepared Food,109,109,0,3.0,16.2,109.0,No,Hot,0,No Waste,No,Low
INV003524,2025-06-08,Cloud Kitchen,Fruits,126,93,33,3.0,11.9,93.0,No,Sunny,10,Low Demand,No,Medium
INV003525,2025-06-08,Cloud Kitchen,Fruits,91,69,22,1.0,5.6,69.0,No,Rainy,7,Expired,No,High
INV003526,2025-06-08,Cloud Kitchen,Vegetables,87,87,0,8.0,5.1,101.0,No,Sunny,0,No Waste,No,Low
INV003527,2025-06-08,Cafeteria,Dairy,57,51,6,10.0,4.8,51.0,No,Sunny,1,Low Demand,No,Low
INV003528,2025-06-08,Cloud Kitchen,Meat,141,129,12,1.0,3.1,129.0,No,Sunny,4,Expired,No,Medium
INV003529,2025-06-08,Restaurant,Meat,81,81,0,5.0,0.7,88.0,No,Sunny,0,No Waste,No,Low
INV003530,2025-06-08,Supermarket,Vegetables,180,117,63,4.0,4.4,117.0,No,Rainy,14,Overproduction,Yes,Medium
INV003531,2025-06-08,Supermarket,Vegetables,112,112,0,6.0,8.0,135.0,No,Hot,0,No Waste,No,Low
INV003532,2025-06-08,Restaurant,Meat,99,99,0,5.0,3.8,125.0,Yes,Sunny,0,No Waste,No,Low
INV003533,2025-06-08,Cafeteria,Vegetables,84,52,32,3.0,9.0,52.0,No,Rainy,11,Overproduction,No,High
INV003534,2025-06-08,Restaurant,Fruits,225,75,150,7.0,9.7,75.0,No,Cloudy,42,Overproduction,No,High
INV003535,2025-06-08,Cloud Kitchen,Dairy,139,105,34,6.0,6.0,105.0,No,Hot,6,Overproduction,No,Medium
INV003536,2025-06-08,Restaurant,Vegetables,67,67,0,5.0,2.6,101.0,No,Sunny,0,No Waste,No,Low
INV003537,2025-06-08,Restaurant,Bakery,116,56,60,4.0,26.8,56.0,No,Rainy,17,Overproduction,Yes,High
INV003538,2025-06-08,Supermarket,Prepared Food,137,137,0,1.0,26.6,154.0,No,Sunny,0,No Waste,No,Low
INV003539,2025-06-09,Restaurant,Meat,94,94,0,3.0,,106.0,Yes,Hot,0,No Waste,No,Low
INV003540,2025-06-09,Supermarket,Vegetables,149,98,51,6.0,0.7,98.0,No,Rainy,11,Overproduction,Yes,Medium
INV003541,2025-06-09,Restaurant,Fruits,98,98,0,4.0,6.4,122.0,Yes,Sunny,0,No Waste,No,Low
INV003542,2025-06-09,Restaurant,Vegetables,81,81,0,8.0,7.1,82.0,No,Cloudy,0,No Waste,No,Low
INV003543,2025-06-09,Cloud Kitchen,Prepared Food,163,163,0,2.0,,187.0,Yes,Hot,0,No Waste,No,Low
INV003544,2025-06-09,Restaurant,Prepared Food,96,58,38,2.0,22.2,58.0,No,Rainy,15,Overproduction,No,High
INV003545,2025-06-09,Restaurant,Meat,114,91,23,4.0,-0.2,91.0,No,Hot,5,Expired,No,Medium
INV003546,2025-06-09,Supermarket,Fruits,150,150,0,4.0,8.0,152.0,No,Sunny,0,No Waste,No,Low
INV003547,2025-06-09,Cafeteria,Bakery,82,79,3,3.0,20.4,79.0,No,Sunny,1,Expired,No,Low
INV003548,2025-06-09,Supermarket,Fruits,194,194,0,1.0,5.5,232.0,Yes,Sunny,0,No Waste,No,Low
INV003549,2025-06-09,Cloud Kitchen,Dairy,117,107,10,10.0,5.6,107.0,No,Sunny,1,Low Demand,No,Low
INV003550,2025-06-09,Supermarket,Meat,136,136,0,2.0,1.2,187.0,No,Hot,0,No Waste,No,Low
INV003551,2025-06-09,Cafeteria,Dairy,77,74,3,3.0,3.4,74.0,Yes,Cloudy,1,Low Demand,No,Low
INV003552,2025-06-09,Cafeteria,Meat,54,54,0,8.0,-0.1,87.0,No,Hot,0,No Waste,No,Low
INV003553,2025-06-09,Supermarket,Bakery,124,119,5,3.0,26.7,119.0,No,Sunny,1,Storage Issue,No,Low
INV003554,2025-06-09,Supermarket,Fruits,149,94,55,5.0,8.9,94.0,No,Rainy,12,Overproduction,No,Medium
INV003555,2025-06-09,Cloud Kitchen,Fruits,173,123,50,5.0,5.1,123.0,Yes,Sunny,7,Overproduction,No,Medium
INV003556,2025-06-09,Cloud Kitchen,Fruits,137,131,6,8.0,7.4,131.0,Yes,Sunny,0,No Waste,No,Low
INV003557,2025-06-09,Cloud Kitchen,Prepared Food,152,99,53,1.0,22.3,99.0,Yes,Rainy,27,Expired,No,High
INV003558,2025-06-09,Restaurant,Prepared Food,126,126,0,1.0,12.5,144.0,Yes,Sunny,0,No Waste,No,Low
INV003559,2025-06-09,Restaurant,Fruits,126,118,8,7.0,7.6,118.0,Yes,Sunny,0,No Waste,No,Low
INV003560,2025-06-09,Cafeteria,Dairy,63,53,10,,3.0,53.0,No,Hot,1,Low Demand,No,Low
INV003561,2025-06-09,Cloud Kitchen,Dairy,103,103,0,8.0,4.7,115.0,No,Sunny,0,No Waste,No,Low
INV003562,2025-06-09,Cafeteria,Dairy,59,59,0,12.0,1.9,69.0,No,,0,No Waste,No,Low
INV003563,2025-06-09,Restaurant,Prepared Food,74,57,17,2.0,24.7,57.0,No,Cloudy,6,Low Demand,No,Medium
INV003564,2025-06-09,Restaurant,Fruits,144,50,94,4.0,4.5,50.0,No,Rainy,30,Overproduction,Yes,High
INV003565,2025-06-09,Cafeteria,Vegetables,43,43,0,7.0,2.5,57.0,No,Sunny,0,No Waste,No,Low
INV003566,2025-06-09,Restaurant,Vegetables,120,83,37,9.0,7.6,83.0,Yes,Cloudy,8,Overproduction,Yes,Medium
INV003567,2025-06-10,Restaurant,Bakery,80,77,3,5.0,24.0,77.0,No,Hot,1,Storage Issue,No,Low
INV003568,2025-06-10,Supermarket,Prepared Food,170,170,0,1.0,17.9,223.0,No,,0,No Waste,No,Low
INV003569,2025-06-10,Supermarket,Meat,155,155,0,,-2.3,157.0,No,Cloudy,0,No Waste,No,Low
INV003570,2025-06-10,Supermarket,Bakery,164,164,0,4.0,25.3,235.0,No,Sunny,0,No Waste,No,Low
INV003571,2025-06-10,Supermarket,Prepared Food,160,160,0,1.0,26.1,190.0,No,Sunny,0,No Waste,No,Low
INV003572,2025-06-10,Cloud Kitchen,Bakery,115,88,27,4.0,21.5,88.0,No,Cloudy,4,Low Demand,,Medium
INV003573,2025-06-10,Restaurant,Meat,107,107,0,6.0,4.1,107.0,Yes,Sunny,0,No Waste,No,Low
INV003574,2025-06-10,Supermarket,Vegetables,249,249,0,,2.9,264.0,Yes,Hot,0,No Waste,No,Low
INV003575,2025-06-10,Cafeteria,Vegetables,84,66,18,1.0,3.3,66.0,Yes,Rainy,6,Expired,No,Medium
INV003576,2025-06-10,Restaurant,Fruits,98,81,17,6.0,4.1,81.0,Yes,Rainy,1,Low Demand,,Low
INV003577,2025-06-10,Cloud Kitchen,Vegetables,140,89,51,5.0,8.1,89.0,No,Cloudy,15,Overproduction,Yes,Medium
INV003578,2025-06-10,Supermarket,Vegetables,192,150,42,4.0,5.7,150.0,No,Sunny,10,Overproduction,No,Medium
INV003579,2025-06-10,Supermarket,Meat,204,122,82,4.0,3.1,122.0,No,Sunny,19,Overproduction,Yes,High
INV003580,2025-06-10,Cafeteria,Vegetables,64,64,0,9.0,8.0,64.0,No,Sunny,0,No Waste,No,Low
INV003581,2025-06-10,Restaurant,Fruits,107,43,64,4.0,6.5,43.0,No,Rainy,17,Overproduction,No,High
INV003582,2025-06-10,Restaurant,Meat,67,67,0,4.0,4.0,73.0,No,Sunny,0,No Waste,No,Medium
INV003583,2025-06-10,Supermarket,Dairy,186,121,65,12.0,4.7,121.0,No,Rainy,11,Overproduction,Yes,Medium
INV003584,2025-06-10,Cloud Kitchen,Fruits,86,86,0,3.0,5.5,96.0,No,Cloudy,0,No Waste,No,Low
INV003585,2025-06-10,Supermarket,Prepared Food,161,161,0,3.0,13.6,163.0,Yes,Sunny,0,No Waste,No,Low
INV003586,2025-06-10,Restaurant,Bakery,126,99,27,4.0,27.7,99.0,Yes,Sunny,6,Storage Issue,Yes,Medium
INV003587,2025-06-11,Restaurant,Vegetables,91,51,40,6.0,0.3,51.0,No,Rainy,6,Overproduction,No,Medium
INV003588,2025-06-11,Cafeteria,Dairy,90,59,31,,3.1,59.0,No,Sunny,11,Overproduction,No,High
INV003589,2025-06-11,Restaurant,Meat,116,89,27,3.0,-1.6,89.0,No,Sunny,5,Expired,No,Medium
INV003590,2025-06-11,Restaurant,Fruits,95,95,0,4.0,4.2,97.0,No,Sunny,0,No Waste,No,Low
INV003591,2025-06-11,Supermarket,Vegetables,173,173,0,8.0,7.7,207.0,Yes,Hot,0,No Waste,No,Low
INV003592,2025-06-11,Cloud Kitchen,Prepared Food,118,118,0,1.0,23.3,144.0,Yes,Sunny,0,No Waste,No,Low
INV003593,2025-06-11,Restaurant,Fruits,85,83,2,3.0,9.0,83.0,Yes,Sunny,0,No Waste,No,Low
INV003594,2025-06-11,Supermarket,Meat,161,135,26,4.0,0.1,135.0,No,Cloudy,2,Expired,No,Low
INV003595,2025-06-11,Supermarket,Dairy,222,132,90,12.0,3.5,132.0,No,Sunny,22,Overproduction,Yes,High
INV003596,2025-06-11,Restaurant,Fruits,86,54,32,7.0,7.1,54.0,No,Rainy,5,Low Demand,No,Medium
INV003597,2025-06-11,Supermarket,Bakery,103,103,0,,27.1,103.0,No,Rainy,0,No Waste,No,Low
INV003598,2025-06-11,Restaurant,Fruits,87,87,0,8.0,1.9,88.0,Yes,Rainy,0,No Waste,No,Low
INV003599,2025-06-11,Restaurant,Meat,74,67,7,9.0,1.7,67.0,No,Sunny,1,Low Demand,No,Low
INV003600,2025-06-11,Supermarket,Fruits,179,179,0,2.0,11.3,187.0,No,Hot,0,No Waste,No,Low
INV003601,2025-06-11,Cafeteria,Vegetables,94,71,23,7.0,7.8,71.0,Yes,Sunny,4,Low Demand,No,Medium
INV003602,2025-06-11,Supermarket,Prepared Food,166,165,1,1.0,15.8,165.0,No,Hot,0,No Waste,No,Low
INV003603,2025-06-11,Supermarket,Bakery,226,129,97,3.0,20.9,129.0,No,Hot,27,Overproduction,Yes,High
INV003604,2025-06-11,Supermarket,Vegetables,191,191,0,3.0,12.1,271.0,Yes,Sunny,0,No Waste,No,Low
INV003605,2025-06-11,Cloud Kitchen,Prepared Food,102,99,3,2.0,17.7,99.0,No,Cloudy,0,No Waste,No,Low
INV003606,2025-06-11,Cloud Kitchen,Meat,159,129,30,4.0,3.7,129.0,Yes,Sunny,5,Storage Issue,No,Medium
INV003607,2025-06-11,Supermarket,Prepared Food,143,113,30,2.0,14.9,113.0,No,Rainy,8,Expired,No,Medium
INV003608,2025-06-11,Cafeteria,Prepared Food,75,75,0,1.0,20.7,88.0,No,Cloudy,0,No Waste,No,Low
INV003609,2025-06-11,Cloud Kitchen,Bakery,120,120,0,1.0,20.2,122.0,Yes,Sunny,0,No Waste,,Low
INV003610,2025-06-11,Restaurant,Bakery,85,85,0,3.0,18.6,92.0,No,,0,No Waste,No,Low
INV003611,2025-06-12,Cloud Kitchen,Vegetables,102,102,0,6.0,1.1,128.0,No,Hot,0,No Waste,No,Low
INV003612,2025-06-12,Restaurant,Fruits,118,118,0,9.0,8.3,122.0,Yes,Cloudy,0,No Waste,No,Low
INV003613,2025-06-12,Restaurant,Vegetables,102,64,38,6.0,6.7,64.0,Yes,Rainy,5,Overproduction,No,Medium
INV003614,2025-06-12,Supermarket,Bakery,158,137,21,4.0,22.8,137.0,No,,4,Expired,No,Medium
INV003615,2025-06-12,Cafeteria,Bakery,62,46,16,2.0,17.9,46.0,No,Hot,4,Low Demand,No,Medium
INV003616,2025-06-12,Cloud Kitchen,Vegetables,129,66,63,5.0,1.7,66.0,No,Rainy,15,Overproduction,Yes,High
INV003617,2025-06-12,Restaurant,Bakery,103,63,40,3.0,27.4,63.0,No,Cloudy,11,Overproduction,,High
INV003618,2025-06-12,Supermarket,Meat,156,120,36,4.0,5.3,120.0,No,Cloudy,9,Storage Issue,Yes,Medium
INV003619,2025-06-12,Restaurant,Vegetables,42,42,0,4.0,5.9,65.0,No,Rainy,0,No Waste,No,Low
INV003620,2025-06-12,Restaurant,Bakery,79,67,12,4.0,23.2,67.0,No,Cloudy,3,Low Demand,No,Medium
INV003621,2025-06-12,Restaurant,Dairy,75,75,0,6.0,4.8,137.0,Yes,Cloudy,0,No Waste,No,Low
INV003622,2025-06-12,Restaurant,Vegetables,94,81,13,7.0,5.9,81.0,No,Sunny,2,Expired,No,Medium
INV003623,2025-06-12,Restaurant,Prepared Food,85,82,3,1.0,20.2,82.0,No,Cloudy,1,Expired,No,Low
INV003624,2025-06-12,Cloud Kitchen,Prepared Food,109,100,9,1.0,18.4,100.0,Yes,Rainy,4,Expired,No,Medium
INV003625,2025-06-12,Supermarket,Dairy,182,121,61,5.0,6.2,,No,Rainy,16,Overproduction,Yes,Low
INV003626,2025-06-13,Cafeteria,Prepared Food,44,44,0,1.0,30.2,71.0,Yes,Hot,0,No Waste,No,Low
INV003627,2025-06-13,Cloud Kitchen,Meat,107,60,47,6.0,-0.4,60.0,No,Rainy,10,Overproduction,No,High
INV003628,2025-06-13,Cloud Kitchen,Bakery,93,93,0,1.0,22.4,103.0,No,Sunny,0,No Waste,No,Low
INV003629,2025-06-13,Cafeteria,Prepared Food,68,68,0,1.0,16.9,77.0,Yes,Hot,0,No Waste,No,Low
INV003630,2025-06-13,Cloud Kitchen,Bakery,138,138,0,3.0,19.2,140.0,Yes,Cloudy,0,No Waste,No,Low
INV003631,2025-06-13,Cloud Kitchen,Meat,103,81,22,9.0,3.0,81.0,No,Hot,3,Low Demand,No,Medium
INV003632,2025-06-13,Restaurant,Meat,120,58,62,4.0,0.7,58.0,No,Rainy,19,Overproduction,Yes,High
INV003633,2025-06-13,Supermarket,Fruits,189,91,98,8.0,1.1,,No,Rainy,25,Overproduction,Yes,High
INV003634,2025-06-13,Cloud Kitchen,Prepared Food,131,110,21,1.0,26.0,110.0,No,Hot,9,Expired,No,Medium
INV003635,2025-06-13,Cloud Kitchen,Prepared Food,100,100,0,1.0,22.9,121.0,No,Cloudy,0,No Waste,,Low
INV003636,2025-06-13,Cloud Kitchen,Vegetables,113,75,38,5.0,8.4,75.0,No,Hot,7,Overproduction,No,Medium
INV003637,2025-06-13,Restaurant,Prepared Food,90,88,2,2.0,14.0,88.0,No,Cloudy,0,No Waste,No,Low
INV003638,2025-06-13,Restaurant,Bakery,86,86,0,3.0,19.4,96.0,No,Sunny,0,No Waste,No,Low
INV003639,2025-06-13,Supermarket,Fruits,160,160,0,2.0,2.6,215.0,Yes,,0,No Waste,No,Low
INV003640,2025-06-13,Supermarket,Bakery,191,149,42,5.0,21.3,149.0,No,Hot,6,Overproduction,Yes,Medium
INV003641,2025-06-13,Supermarket,Prepared Food,179,160,19,2.0,21.7,160.0,No,Hot,5,Expired,No,Medium
INV003642,2025-06-13,Cafeteria,Prepared Food,78,77,1,1.0,22.8,77.0,No,Sunny,0,No Waste,No,Low
INV003643,2025-06-13,Supermarket,Meat,149,149,0,4.0,-0.3,152.0,No,Sunny,0,No Waste,No,High
INV003644,2025-06-13,Cafeteria,Vegetables,64,64,0,5.0,4.6,64.0,No,Sunny,0,No Waste,No,Low
INV003645,2025-06-13,Supermarket,Dairy,181,115,66,13.0,1.2,115.0,No,Rainy,10,Overproduction,No,Medium
INV003646,2025-06-14,Restaurant,Fruits,101,101,0,2.0,8.8,102.0,Yes,Cloudy,0,No Waste,No,Low
INV003647,2025-06-14,Cloud Kitchen,Prepared Food,128,81,47,1.0,21.1,81.0,No,Cloudy,17,Expired,No,High
INV003648,2025-06-14,Restaurant,Vegetables,99,99,0,6.0,5.8,101.0,No,Hot,0,No Waste,No,Low
INV003649,2025-06-14,Cafeteria,Bakery,79,40,39,3.0,27.2,40.0,No,Rainy,13,Overproduction,Yes,High
INV003650,2025-06-14,Cafeteria,Prepared Food,60,58,2,,29.0,58.0,No,Hot,1,Storage Issue,No,Low
INV003651,2025-06-14,Supermarket,Vegetables,161,161,0,9.0,5.9,180.0,No,Sunny,0,No Waste,No,Low
INV003652,2025-06-14,Supermarket,Fruits,157,157,0,3.0,5.3,171.0,No,Sunny,0,No Waste,No,Low
INV003653,2025-06-14,Cloud Kitchen,Fruits,113,97,16,4.0,0.3,97.0,No,Cloudy,2,Low Demand,No,Low
INV003654,2025-06-14,Restaurant,Meat,57,57,0,2.0,3.1,90.0,No,Cloudy,0,No Waste,No,Low
INV003655,2025-06-14,Cloud Kitchen,Dairy,107,86,21,7.0,,86.0,No,Hot,4,Overproduction,No,Medium
INV003656,2025-06-14,Restaurant,Fruits,82,75,7,4.0,11.9,75.0,No,Sunny,1,Storage Issue,No,Low
INV003657,2025-06-14,Supermarket,Dairy,185,136,49,10.0,0.9,136.0,No,Sunny,8,Overproduction,No,Medium
INV003658,2025-06-14,Cloud Kitchen,Prepared Food,98,98,0,2.0,30.4,140.0,No,Sunny,0,No Waste,No,Low
INV003659,2025-06-14,Cloud Kitchen,Dairy,100,67,33,6.0,3.5,67.0,No,Cloudy,5,Overproduction,Yes,Medium
INV003660,2025-06-14,Restaurant,Prepared Food,86,86,0,,13.4,96.0,No,Sunny,0,No Waste,No,Low
INV003661,2025-06-14,Cafeteria,Bakery,53,53,0,2.0,22.1,79.0,No,Sunny,0,No Waste,No,Low
INV003662,2025-06-14,Cafeteria,Dairy,63,63,0,8.0,4.2,77.0,No,Sunny,0,No Waste,No,Low
INV003663,2025-06-14,Cloud Kitchen,Meat,116,60,56,4.0,2.5,60.0,No,Rainy,17,Overproduction,Yes,High
INV003664,2025-06-14,Restaurant,Bakery,111,73,38,3.0,24.2,73.0,No,,10,Overproduction,No,High
INV003665,2025-06-14,Cafeteria,Fruits,76,76,0,2.0,,107.0,Yes,Sunny,0,No Waste,No,Low
INV003666,2025-06-14,Cloud Kitchen,Meat,126,65,61,5.0,2.4,,No,Rainy,17,Overproduction,Yes,High
INV003667,2025-06-14,Supermarket,Meat,160,160,0,8.0,0.5,162.0,No,Hot,0,No Waste,No,Low
INV003668,2025-06-14,Cloud Kitchen,Meat,101,101,0,5.0,4.0,122.0,No,Hot,0,No Waste,No,Low
INV003669,2025-06-14,Supermarket,Meat,132,132,0,7.0,3.3,176.0,Yes,Cloudy,0,No Waste,No,Low
INV003670,2025-06-14,Supermarket,Prepared Food,178,178,0,2.0,17.4,199.0,Yes,Sunny,0,No Waste,No,Low
INV003671,2025-06-14,Restaurant,Meat,90,88,2,4.0,0.7,,Yes,Cloudy,0,No Waste,No,Low
INV003672,2025-06-14,Cafeteria,Vegetables,82,45,37,10.0,6.0,45.0,No,Rainy,6,Overproduction,Yes,Medium
INV003673,2025-06-14,Cafeteria,Fruits,79,47,32,3.0,10.7,47.0,No,Cloudy,11,Overproduction,Yes,High
INV003674,2025-06-14,Supermarket,Dairy,175,109,66,,3.4,109.0,No,Rainy,11,Overproduction,Yes,Medium
INV003675,2025-06-14,Restaurant,Prepared Food,70,70,0,1.0,14.6,,No,Hot,0,No Waste,No,Low
INV003676,2025-06-14,Cafeteria,Fruits,85,60,25,9.0,13.7,60.0,No,Sunny,4,Low Demand,Yes,Medium
INV003677,2025-06-14,Supermarket,Bakery,190,174,16,1.0,26.5,174.0,No,Sunny,7,Expired,No,Medium
INV003678,2025-06-14,Cafeteria,Prepared Food,57,57,0,1.0,10.8,67.0,No,Cloudy,0,No Waste,No,Low
INV003679,2025-06-14,Cloud Kitchen,Meat,97,97,0,3.0,4.6,132.0,Yes,Cloudy,0,No Waste,No,Low
INV003680,2025-06-14,Restaurant,Prepared Food,105,99,6,1.0,26.8,99.0,Yes,Cloudy,2,Storage Issue,No,Low
INV003681,2025-06-15,Supermarket,Meat,136,134,2,6.0,1.8,134.0,No,Sunny,0,No Waste,No,Low
INV003682,2025-06-15,Cloud Kitchen,Meat,98,98,0,6.0,2.1,112.0,No,Sunny,0,No Waste,No,Low
INV003683,2025-06-15,Restaurant,Meat,93,93,0,1.0,0.5,105.0,Yes,Sunny,0,No Waste,No,Low
INV003684,2025-06-15,Supermarket,Prepared Food,157,136,21,2.0,27.3,136.0,No,Cloudy,6,Storage Issue,Yes,Medium
INV003685,2025-06-15,Cafeteria,Bakery,72,60,12,3.0,16.9,60.0,Yes,Rainy,2,Low Demand,Yes,Medium
INV003686,2025-06-15,Cloud Kitchen,Vegetables,86,86,0,7.0,8.2,101.0,No,Sunny,0,No Waste,No,Low
INV003687,2025-06-15,Supermarket,Prepared Food,227,144,83,2.0,17.4,144.0,Yes,Rainy,29,Expired,No,High
INV003688,2025-06-15,Restaurant,Meat,78,74,4,4.0,3.3,74.0,No,Sunny,1,Low Demand,No,Low
INV003689,2025-06-15,Restaurant,Meat,72,72,0,1.0,3.2,107.0,No,Sunny,0,No Waste,No,Low
INV003690,2025-06-15,Cafeteria,Prepared Food,58,58,0,1.0,28.9,71.0,No,Hot,0,No Waste,No,Low
INV003691,2025-06-15,Supermarket,Vegetables,121,98,23,7.0,5.9,98.0,No,Rainy,1,Low Demand,No,Low
INV003692,2025-06-15,Supermarket,Dairy,176,162,14,7.0,5.2,162.0,No,Sunny,1,Low Demand,No,Low
INV003693,2025-06-15,Cloud Kitchen,Fruits,88,88,0,3.0,4.4,128.0,Yes,Sunny,0,No Waste,No,Low
INV003694,2025-06-15,Cloud Kitchen,Prepared Food,68,68,0,1.0,24.0,75.0,No,Cloudy,0,No Waste,No,Low
INV003695,2025-06-15,Supermarket,Meat,152,113,39,2.0,0.2,113.0,No,Cloudy,11,Expired,No,Medium
INV003696,2025-06-15,Supermarket,Dairy,278,231,47,4.0,7.9,231.0,Yes,Hot,13,Expired,No,Medium
INV003697,2025-06-15,Cafeteria,Meat,56,54,2,2.0,5.9,54.0,No,Cloudy,0,No Waste,No,Low
INV003698,2025-06-15,Cafeteria,Dairy,60,60,0,7.0,1.9,64.0,No,Sunny,0,No Waste,No,Low
INV003699,2025-06-15,Restaurant,Bakery,82,75,7,5.0,21.9,75.0,No,Hot,1,Low Demand,No,Low
INV003700,2025-06-15,Supermarket,Prepared Food,183,115,68,1.0,14.9,115.0,No,Cloudy,23,Expired,No,High
INV003701,2025-06-15,Restaurant,Fruits,71,71,0,6.0,14.1,100.0,Yes,Sunny,0,No Waste,No,Low
INV003702,2025-06-15,Cafeteria,Dairy,50,45,5,9.0,3.0,45.0,No,Cloudy,0,No Waste,No,Low
INV003703,2025-06-15,Restaurant,Fruits,112,93,19,2.0,2.1,93.0,No,Sunny,4,Expired,No,Medium
INV003704,2025-06-16,Supermarket,Dairy,151,151,0,6.0,2.6,178.0,No,Hot,0,No Waste,No,Low
INV003705,2025-06-16,Supermarket,Meat,163,163,0,6.0,,241.0,No,,0,No Waste,No,Low
INV003706,2025-06-16,Cloud Kitchen,Fruits,91,84,7,7.0,14.3,84.0,No,Cloudy,1,Storage Issue,No,Low
INV003707,2025-06-16,Restaurant,Vegetables,114,74,40,8.0,8.8,74.0,Yes,Rainy,10,Overproduction,No,High
INV003708,2025-06-16,Cafeteria,Bakery,84,56,28,3.0,10.6,56.0,No,Sunny,7,Low Demand,No,Medium
INV003709,2025-06-16,Supermarket,Vegetables,183,139,44,2.0,8.4,139.0,Yes,,13,Expired,No,Medium
INV003710,2025-06-16,Cafeteria,Fruits,74,74,0,7.0,7.4,79.0,No,Sunny,0,No Waste,No,Low
INV003711,2025-06-16,Restaurant,Bakery,80,73,7,4.0,20.6,73.0,No,Cloudy,1,Expired,No,Low
INV003712,2025-06-16,Cloud Kitchen,Fruits,91,80,11,4.0,6.9,80.0,No,Sunny,1,Expired,No,Low
INV003713,2025-06-16,Supermarket,Dairy,179,84,95,7.0,5.9,84.0,No,Rainy,18,Overproduction,Yes,High
INV003714,2025-06-16,Restaurant,Bakery,88,53,35,1.0,24.8,53.0,No,Rainy,17,Expired,No,High
INV003715,2025-06-16,Restaurant,Bakery,79,79,0,5.0,26.4,90.0,No,Sunny,0,No Waste,No,Low
INV003716,2025-06-16,Restaurant,Dairy,89,89,0,7.0,3.7,98.0,Yes,Sunny,0,No Waste,No,Low
INV003717,2025-06-16,Supermarket,Vegetables,172,135,37,6.0,6.7,135.0,No,Sunny,5,Overproduction,No,Medium
INV003718,2025-06-16,Supermarket,Fruits,146,146,0,6.0,8.7,147.0,No,Cloudy,0,No Waste,No,Low
INV003719,2025-06-16,Cloud Kitchen,Bakery,144,117,27,2.0,26.5,117.0,Yes,Rainy,8,Expired,No,Medium
INV003720,2025-06-17,Cafeteria,Meat,81,81,0,3.0,2.5,93.0,Yes,Hot,0,No Waste,No,Low
INV003721,2025-06-17,Cloud Kitchen,Fruits,137,114,23,3.0,8.5,114.0,No,Sunny,5,Expired,No,Medium
INV003722,2025-06-17,Cloud Kitchen,Fruits,115,115,0,5.0,10.4,140.0,No,Sunny,0,No Waste,No,Low
INV003723,2025-06-17,Restaurant,Vegetables,84,84,0,5.0,6.6,85.0,No,Sunny,0,No Waste,No,Low
INV003724,2025-06-17,Cafeteria,Fruits,67,67,0,6.0,5.0,80.0,Yes,Cloudy,0,No Waste,No,Low
INV003725,2025-06-17,Restaurant,Dairy,70,70,0,12.0,5.1,101.0,No,Sunny,0,No Waste,,Low
INV003726,2025-06-17,Restaurant,Bakery,69,58,11,4.0,23.8,58.0,No,Rainy,2,Low Demand,No,Medium
INV003727,2025-06-17,Restaurant,Meat,90,90,0,4.0,-0.2,108.0,No,Sunny,0,No Waste,No,Low
INV003728,2025-06-17,Cafeteria,Vegetables,75,68,7,8.0,3.3,68.0,No,Hot,1,Low Demand,No,Low
INV003729,2025-06-17,Supermarket,Bakery,165,165,0,2.0,25.5,238.0,Yes,Hot,0,No Waste,No,Low
INV003730,2025-06-17,Cloud Kitchen,Prepared Food,119,113,6,1.0,20.4,113.0,Yes,Rainy,2,Expired,No,Low
INV003731,2025-06-17,Cloud Kitchen,Prepared Food,90,90,0,1.0,20.6,103.0,No,Hot,0,No Waste,No,Low
INV003732,2025-06-17,Restaurant,Fruits,65,65,0,2.0,10.9,100.0,No,Cloudy,0,No Waste,No,Low
INV003733,2025-06-17,Supermarket,Vegetables,167,117,50,6.0,4.9,117.0,No,Rainy,5,Overproduction,Yes,Medium
INV003734,2025-06-17,Cafeteria,Prepared Food,59,59,0,2.0,18.6,72.0,Yes,Sunny,0,No Waste,No,Low
INV003735,2025-06-17,Supermarket,Prepared Food,192,148,44,2.0,21.4,148.0,No,Hot,9,Expired,No,Medium
INV003736,2025-06-17,Restaurant,Dairy,100,100,0,5.0,4.7,104.0,No,Sunny,0,No Waste,No,Low
INV003737,2025-06-17,Cafeteria,Prepared Food,72,62,10,1.0,17.0,62.0,No,Hot,3,Expired,No,Medium
INV003738,2025-06-17,Supermarket,Fruits,140,140,0,5.0,6.8,141.0,No,Hot,0,No Waste,No,Low
INV003739,2025-06-18,Cafeteria,Prepared Food,70,55,15,,23.3,55.0,No,Sunny,5,Expired,No,Medium
INV003740,2025-06-18,Cafeteria,Bakery,44,44,0,4.0,23.6,44.0,No,Rainy,0,No Waste,No,Low
INV003741,2025-06-18,Cafeteria,Dairy,60,44,16,9.0,-0.4,44.0,No,Cloudy,2,Low Demand,No,Medium
INV003742,2025-06-18,Restaurant,Vegetables,106,85,21,7.0,10.3,85.0,No,Sunny,5,Overproduction,No,Medium
INV003743,2025-06-18,Restaurant,Bakery,72,72,0,4.0,21.3,85.0,No,Hot,0,No Waste,No,Low
INV003744,2025-06-18,Supermarket,Prepared Food,164,164,0,2.0,20.0,178.0,No,Sunny,0,No Waste,No,Low
INV003745,2025-06-18,Restaurant,Meat,70,70,0,5.0,0.5,111.0,Yes,Hot,0,No Waste,No,Low
INV003746,2025-06-18,Restaurant,Fruits,99,73,26,7.0,11.1,73.0,No,Sunny,4,Low Demand,No,Medium
INV003747,2025-06-18,Cafeteria,Vegetables,76,76,0,7.0,3.7,91.0,Yes,Sunny,0,No Waste,No,Low
INV003748,2025-06-18,Restaurant,Prepared Food,75,75,0,1.0,18.7,90.0,No,Hot,0,No Waste,No,Low
INV003749,2025-06-18,Restaurant,Vegetables,78,55,23,9.0,6.0,55.0,No,Rainy,2,Low Demand,No,Medium
INV003750,2025-06-18,Restaurant,Dairy,110,102,8,5.0,4.0,102.0,No,Sunny,1,Low Demand,,High
INV003751,2025-06-18,Restaurant,Prepared Food,84,84,0,1.0,18.5,86.0,No,Cloudy,0,No Waste,No,Low
INV003752,2025-06-18,Restaurant,Bakery,89,58,31,5.0,27.1,58.0,No,Rainy,8,Low Demand,No,High
INV003753,2025-06-18,Cloud Kitchen,Bakery,125,93,32,3.0,19.0,93.0,Yes,Rainy,8,Low Demand,No,Medium
INV003754,2025-06-18,Cafeteria,Vegetables,77,59,18,8.0,9.0,59.0,No,Sunny,3,Low Demand,No,Medium
INV003755,2025-06-18,Restaurant,Bakery,94,89,5,5.0,22.1,89.0,No,Cloudy,0,No Waste,No,Low
INV003756,2025-06-18,Supermarket,Prepared Food,178,108,70,2.0,20.7,108.0,No,Hot,24,Overproduction,Yes,High
INV003757,2025-06-18,Restaurant,Dairy,103,103,0,5.0,2.6,139.0,Yes,Hot,0,No Waste,No,Low
INV003758,2025-06-18,Supermarket,Vegetables,94,94,0,7.0,2.1,146.0,No,Sunny,0,No Waste,No,Low
INV003759,2025-06-18,Cloud Kitchen,Bakery,119,106,13,4.0,21.4,,No,Hot,2,Low Demand,No,Low
INV003760,2025-06-18,Supermarket,Fruits,118,118,0,7.0,6.8,188.0,No,Sunny,0,No Waste,No,Low
INV003761,2025-06-18,Cafeteria,Bakery,85,56,29,3.0,26.2,56.0,Yes,Rainy,9,Low Demand,No,High
INV003762,2025-06-19,Cafeteria,Dairy,108,100,8,6.0,1.4,100.0,Yes,Cloudy,1,Low Demand,No,Low
INV003763,2025-06-19,Cafeteria,Meat,52,52,0,1.0,0.7,56.0,No,Sunny,0,No Waste,No,Low
INV003764,2025-06-19,Supermarket,Prepared Food,174,104,70,1.0,25.6,104.0,No,Rainy,32,Expired,No,High
INV003765,2025-06-19,Restaurant,Vegetables,93,90,3,7.0,8.7,90.0,No,Hot,0,No Waste,No,Low
INV003766,2025-06-19,Cloud Kitchen,Vegetables,129,109,20,8.0,10.6,109.0,No,Cloudy,4,Storage Issue,No,Low
INV003767,2025-06-19,Restaurant,Fruits,72,53,19,7.0,9.8,53.0,No,Rainy,5,Low Demand,No,Medium
INV003768,2025-06-19,Restaurant,Fruits,89,54,35,3.0,6.4,54.0,No,Rainy,10,Overproduction,Yes,High
INV003769,2025-06-19,Cafeteria,Bakery,91,52,39,4.0,23.2,52.0,No,Hot,12,Overproduction,No,High
INV003770,2025-06-19,Supermarket,Meat,155,155,0,3.0,4.9,216.0,No,Cloudy,0,No Waste,No,Low
INV003771,2025-06-19,Restaurant,Vegetables,65,65,0,7.0,4.8,66.0,No,Cloudy,0,No Waste,No,Low
INV003772,2025-06-19,Restaurant,Meat,92,92,0,4.0,4.3,100.0,Yes,Cloudy,0,No Waste,No,Low
INV003773,2025-06-19,Cafeteria,Bakery,56,39,17,1.0,18.5,39.0,No,Rainy,5,Expired,No,High
INV003774,2025-06-19,Cafeteria,Vegetables,87,59,28,5.0,10.5,59.0,No,Hot,6,Storage Issue,No,Medium
INV003775,2025-06-19,Supermarket,Prepared Food,211,157,54,2.0,13.3,157.0,No,Sunny,18,Expired,No,Medium
INV003776,2025-06-19,Supermarket,Fruits,172,101,71,5.0,4.9,101.0,No,Rainy,15,Overproduction,Yes,Medium
INV003777,2025-06-19,Cloud Kitchen,Fruits,83,74,9,5.0,8.6,74.0,No,,1,Low Demand,No,Low
INV003778,2025-06-19,Cafeteria,Meat,42,42,0,3.0,3.2,50.0,No,Rainy,0,No Waste,No,Low
INV003779,2025-06-19,Restaurant,Meat,76,73,3,7.0,4.2,73.0,No,Sunny,0,No Waste,No,High
INV003780,2025-06-20,Restaurant,Prepared Food,74,74,0,2.0,22.4,85.0,No,Cloudy,0,No Waste,No,Low
INV003781,2025-06-20,Restaurant,Prepared Food,67,60,7,2.0,11.3,60.0,No,Rainy,1,Low Demand,Yes,Low
INV003782,2025-06-20,Restaurant,Bakery,106,106,0,2.0,29.8,126.0,Yes,Cloudy,0,No Waste,No,Low
INV003783,2025-06-20,Supermarket,Prepared Food,155,155,0,2.0,17.8,165.0,No,Hot,0,No Waste,No,Low
INV003784,2025-06-20,Cafeteria,Bakery,68,46,22,2.0,18.7,46.0,No,Rainy,6,Low Demand,No,High
INV003785,2025-06-20,Cafeteria,Vegetables,54,54,0,8.0,7.3,72.0,No,Hot,0,No Waste,No,Low
INV003786,2025-06-20,Cafeteria,Prepared Food,76,73,3,3.0,21.0,73.0,Yes,Cloudy,0,No Waste,No,Low
INV003787,2025-06-20,Restaurant,Meat,83,83,0,2.0,4.1,102.0,No,Sunny,0,No Waste,No,Low
INV003788,2025-06-20,Cloud Kitchen,Vegetables,141,88,53,6.0,11.1,88.0,No,Cloudy,14,Storage Issue,Yes,High
INV003789,2025-06-20,Cafeteria,Prepared Food,74,56,18,2.0,16.6,56.0,No,Hot,4,Low Demand,No,Medium
INV003790,2025-06-20,Supermarket,Bakery,165,150,15,3.0,21.4,150.0,No,Cloudy,3,Expired,No,Low
INV003791,2025-06-20,Restaurant,Bakery,85,85,0,4.0,26.0,86.0,No,Hot,0,No Waste,No,Low
INV003792,2025-06-20,Cloud Kitchen,Prepared Food,116,104,12,1.0,12.8,104.0,No,Cloudy,3,Expired,No,Medium
INV003793,2025-06-20,Cafeteria,Vegetables,77,63,14,2.0,2.7,63.0,Yes,Cloudy,3,Low Demand,,Medium
INV003794,2025-06-20,Supermarket,Vegetables,138,92,46,6.0,3.4,92.0,No,Rainy,4,Overproduction,Yes,Medium
INV003795,2025-06-20,Restaurant,Bakery,130,91,39,3.0,24.8,91.0,No,Sunny,11,Overproduction,No,Medium
INV003796,2025-06-20,Restaurant,Vegetables,75,75,0,8.0,6.5,105.0,No,Hot,0,No Waste,No,Low
INV003797,2025-06-20,Supermarket,Bakery,165,129,36,3.0,23.8,129.0,No,Cloudy,7,Expired,No,Medium
INV003798,2025-06-21,Supermarket,Prepared Food,168,131,37,1.0,25.2,131.0,No,Sunny,15,Expired,No,High
INV003799,2025-06-21,Cafeteria,Prepared Food,55,38,17,2.0,11.7,38.0,No,Rainy,5,Low Demand,No,High
INV003800,2025-06-21,Supermarket,Prepared Food,134,134,0,2.0,16.2,135.0,No,Rainy,0,No Waste,No,Low
INV003801,2025-06-21,Supermarket,Prepared Food,223,198,25,1.0,12.8,198.0,Yes,Sunny,8,Expired,No,Medium
INV003802,2025-06-21,Cloud Kitchen,Fruits,85,85,0,6.0,7.5,85.0,No,Cloudy,0,No Waste,No,Low
INV003803,2025-06-21,Restaurant,Vegetables,88,88,0,6.0,6.4,120.0,No,Sunny,0,No Waste,No,Low
INV003804,2025-06-21,Cafeteria,Prepared Food,69,59,10,1.0,25.7,59.0,No,Sunny,3,Expired,No,Medium
INV003805,2025-06-21,Restaurant,Vegetables,122,108,14,4.0,5.8,108.0,No,Cloudy,1,Expired,,Medium
INV003806,2025-06-21,Restaurant,Prepared Food,114,66,48,2.0,19.5,66.0,No,Hot,15,Overproduction,Yes,High
INV003807,2025-06-21,Cafeteria,Fruits,67,67,0,6.0,10.4,86.0,Yes,Sunny,0,No Waste,No,Low
INV003808,2025-06-21,Cafeteria,Meat,70,52,18,2.0,1.3,52.0,No,Cloudy,5,Low Demand,No,Medium
INV003809,2025-06-21,Supermarket,Vegetables,165,165,0,2.0,8.2,167.0,Yes,Cloudy,0,No Waste,No,Low
INV003810,2025-06-21,Cloud Kitchen,Vegetables,114,114,0,,4.8,120.0,No,Hot,0,No Waste,No,Low
INV003811,2025-06-21,Restaurant,Prepared Food,98,63,35,3.0,7.9,63.0,No,Cloudy,10,Overproduction,Yes,High
INV003812,2025-06-21,Cloud Kitchen,Fruits,120,69,51,9.0,8.2,69.0,No,Rainy,4,Overproduction,No,Medium
INV003813,2025-06-21,Supermarket,Bakery,177,177,0,2.0,18.6,226.0,Yes,Hot,0,No Waste,No,Low
INV003814,2025-06-21,Restaurant,Prepared Food,112,77,35,2.0,27.4,77.0,No,Hot,13,Storage Issue,No,High
INV003815,2025-06-21,Cafeteria,Dairy,68,66,2,7.0,4.4,,No,Sunny,0,No Waste,No,Low
INV003816,2025-06-22,Restaurant,Meat,93,75,18,3.0,0.9,75.0,No,Sunny,3,Low Demand,No,Medium
INV003817,2025-06-22,Supermarket,Fruits,145,145,0,3.0,3.0,154.0,No,Sunny,0,No Waste,No,Medium
INV003818,2025-06-22,Cafeteria,Prepared Food,70,66,4,1.0,22.3,66.0,No,Sunny,1,Expired,No,Low
INV003819,2025-06-22,Cafeteria,Fruits,68,37,31,6.0,7.5,37.0,No,Rainy,7,Overproduction,No,High
INV003820,2025-06-22,Restaurant,Prepared Food,110,77,33,1.0,16.2,77.0,No,Cloudy,13,Expired,No,High
INV003821,2025-06-22,Cloud Kitchen,Prepared Food,104,104,0,3.0,14.9,136.0,Yes,Sunny,0,No Waste,No,Low
INV003822,2025-06-22,Cloud Kitchen,Fruits,97,55,42,5.0,7.8,55.0,No,Rainy,8,Overproduction,No,Medium
INV003823,2025-06-22,Restaurant,Fruits,55,55,0,4.0,4.1,101.0,No,Sunny,0,No Waste,No,Low
INV003824,2025-06-22,Cloud Kitchen,Vegetables,118,77,41,4.0,3.5,77.0,No,Rainy,12,Overproduction,Yes,High
INV003825,2025-06-22,Restaurant,Vegetables,75,66,9,6.0,6.9,66.0,No,Rainy,2,Low Demand,No,Medium
INV003826,2025-06-22,Supermarket,Bakery,212,212,0,2.0,25.5,222.0,Yes,Cloudy,0,No Waste,,Low
INV003827,2025-06-22,Supermarket,Meat,188,160,28,6.0,1.0,,No,Hot,3,Expired,No,Low
INV003828,2025-06-22,Restaurant,Meat,98,89,9,5.0,3.3,89.0,No,Hot,1,Expired,No,Low
INV003829,2025-06-22,Restaurant,Bakery,88,76,12,1.0,20.6,76.0,Yes,Rainy,5,Expired,No,Medium
INV003830,2025-06-22,Cloud Kitchen,Fruits,195,93,102,2.0,5.8,93.0,Yes,Rainy,32,Overproduction,Yes,High
INV003831,2025-06-22,Supermarket,Vegetables,160,97,63,6.0,11.6,97.0,No,Rainy,19,Overproduction,No,High
INV003832,2025-06-22,Supermarket,Fruits,150,150,0,5.0,13.5,205.0,No,Sunny,0,No Waste,No,Low
INV003833,2025-06-22,Cloud Kitchen,Prepared Food,133,107,26,1.0,22.0,107.0,No,Cloudy,7,Expired,No,Medium
INV003834,2025-06-22,Restaurant,Vegetables,83,83,0,6.0,4.8,84.0,No,Cloudy,0,No Waste,No,Low
INV003835,2025-06-22,Restaurant,Prepared Food,98,98,0,1.0,15.5,127.0,No,Hot,0,No Waste,No,Low
INV003836,2025-06-23,Restaurant,Prepared Food,74,74,0,1.0,15.1,103.0,No,Sunny,0,No Waste,No,Low
INV003837,2025-06-23,Supermarket,Dairy,228,208,20,8.0,6.7,208.0,Yes,Sunny,3,Low Demand,No,Low
INV003838,2025-06-23,Supermarket,Bakery,207,102,105,4.0,20.1,,No,Rainy,25,Overproduction,No,High
INV003839,2025-06-23,Supermarket,Vegetables,160,139,21,6.0,4.7,,No,Sunny,3,Low Demand,,Low
INV003840,2025-06-23,Supermarket,Fruits,188,188,0,4.0,7.9,241.0,Yes,Hot,0,No Waste,No,Low
INV003841,2025-06-23,Cafeteria,Fruits,62,47,15,4.0,8.3,47.0,No,Sunny,3,Low Demand,No,Medium
INV003842,2025-06-23,Restaurant,Dairy,106,89,17,,0.9,89.0,No,Sunny,2,Expired,No,Low
INV003843,2025-06-23,Cafeteria,Dairy,71,62,9,5.0,,62.0,Yes,Cloudy,1,Low Demand,No,Low
INV003844,2025-06-23,Restaurant,Fruits,89,82,7,6.0,5.9,82.0,No,,1,Low Demand,No,Low
INV003845,2025-06-23,Restaurant,Dairy,80,79,1,9.0,3.0,79.0,No,Cloudy,0,No Waste,No,Low
INV003846,2025-06-23,Supermarket,Vegetables,152,148,4,10.0,4.6,148.0,No,Cloudy,0,No Waste,No,Low
INV003847,2025-06-23,Cafeteria,Vegetables,65,60,5,6.0,5.9,60.0,No,Sunny,1,Low Demand,No,Low
INV003848,2025-06-23,Cafeteria,Dairy,49,49,0,6.0,5.2,65.0,No,Sunny,0,No Waste,No,Medium
INV003849,2025-06-23,Supermarket,Fruits,125,125,0,2.0,4.2,147.0,No,Sunny,0,No Waste,No,Low
INV003850,2025-06-23,Restaurant,Dairy,149,79,70,8.0,2.6,79.0,Yes,Rainy,14,Overproduction,No,High
INV003851,2025-06-23,Cloud Kitchen,Dairy,125,99,26,11.0,6.2,99.0,No,Cloudy,4,Overproduction,No,Medium
INV003852,2025-06-23,Supermarket,Vegetables,217,171,46,10.0,5.8,171.0,No,,7,Overproduction,No,Medium
INV003853,2025-06-23,Cloud Kitchen,Dairy,141,71,70,7.0,5.2,71.0,No,Rainy,14,Overproduction,Yes,High
INV003854,2025-06-23,Cafeteria,Dairy,66,66,0,11.0,8.0,104.0,Yes,Hot,0,No Waste,No,Low
INV003855,2025-06-23,Cloud Kitchen,Vegetables,121,75,46,8.0,-1.4,75.0,No,Cloudy,10,Overproduction,Yes,Medium
INV003856,2025-06-24,Supermarket,Vegetables,148,148,0,8.0,8.5,158.0,No,Hot,0,No Waste,No,Low
INV003857,2025-06-24,Restaurant,Fruits,102,77,25,6.0,,77.0,No,Sunny,1,Low Demand,No,Low
INV003858,2025-06-24,Cafeteria,Vegetables,72,42,30,4.0,4.4,42.0,No,Rainy,8,Low Demand,No,High
INV003859,2025-06-24,Cloud Kitchen,Meat,114,114,0,5.0,0.6,137.0,Yes,Hot,0,No Waste,No,Low
INV003860,2025-06-24,Restaurant,Prepared Food,69,69,0,1.0,14.9,71.0,No,Cloudy,0,No Waste,No,Low
INV003861,2025-06-24,Cloud Kitchen,Prepared Food,135,107,28,2.0,8.0,107.0,Yes,Rainy,7,Expired,No,Medium
INV003862,2025-06-24,Cloud Kitchen,Fruits,98,79,19,8.0,5.6,79.0,No,Sunny,2,Low Demand,No,Low
INV003863,2025-06-24,Cafeteria,Fruits,59,59,0,7.0,9.3,59.0,No,Hot,0,No Waste,No,Low
INV003864,2025-06-24,Cafeteria,Fruits,60,60,0,6.0,12.4,65.0,No,Sunny,0,No Waste,No,Low
INV003865,2025-06-24,Supermarket,Meat,153,141,12,1.0,0.2,141.0,No,Cloudy,3,Expired,No,Low
INV003866,2025-06-24,Restaurant,Vegetables,82,82,0,1.0,4.3,133.0,Yes,Sunny,0,No Waste,No,Low
INV003867,2025-06-24,Cloud Kitchen,Meat,106,106,0,7.0,4.4,117.0,No,Sunny,0,No Waste,No,Low
INV003868,2025-06-24,Restaurant,Fruits,90,90,0,10.0,7.0,125.0,Yes,Hot,0,No Waste,No,Low
INV003869,2025-06-24,Cloud Kitchen,Dairy,123,91,32,5.0,3.7,91.0,No,Sunny,5,Overproduction,No,Medium
INV003870,2025-06-24,Cafeteria,Vegetables,70,68,2,7.0,6.5,68.0,No,Hot,0,No Waste,No,Low
INV003871,2025-06-24,Supermarket,Bakery,148,148,0,5.0,26.6,202.0,No,Hot,0,No Waste,No,Low
INV003872,2025-06-24,Cloud Kitchen,Bakery,281,142,139,3.0,23.3,,No,Sunny,45,Overproduction,,High
INV003873,2025-06-24,Supermarket,Bakery,112,112,0,3.0,23.8,156.0,No,Sunny,0,No Waste,No,Low
INV003874,2025-06-24,Restaurant,Fruits,95,86,9,8.0,5.0,86.0,Yes,Rainy,2,Low Demand,No,Medium
INV003875,2025-06-24,Restaurant,Fruits,113,85,28,5.0,,85.0,Yes,Rainy,7,Low Demand,No,Medium
INV003876,2025-06-24,Cloud Kitchen,Prepared Food,115,115,0,,20.1,120.0,No,Sunny,0,No Waste,No,Low
INV003877,2025-06-24,Cloud Kitchen,Dairy,127,117,10,10.0,0.9,117.0,No,Cloudy,1,Low Demand,Yes,Low
INV003878,2025-06-24,Cafeteria,Bakery,84,53,31,3.0,18.1,53.0,No,Hot,5,Low Demand,Yes,Medium
INV003879,2025-06-24,Supermarket,Vegetables,229,160,69,5.0,7.1,160.0,Yes,Sunny,17,Overproduction,Yes,Medium
INV003880,2025-06-24,Cafeteria,Vegetables,84,63,21,1.0,10.0,63.0,No,Cloudy,9,Expired,No,High
INV003881,2025-06-24,Supermarket,Prepared Food,236,148,88,2.0,17.1,148.0,No,Sunny,26,Overproduction,Yes,High
INV003882,2025-06-25,Cloud Kitchen,Dairy,101,101,0,5.0,2.3,113.0,No,Sunny,0,No Waste,No,Low
INV003883,2025-06-25,Restaurant,Vegetables,104,72,32,7.0,9.3,72.0,No,Sunny,5,Overproduction,Yes,Medium
INV003884,2025-06-25,Supermarket,Dairy,224,164,60,6.0,3.5,164.0,Yes,Hot,10,Overproduction,No,Medium
INV003885,2025-06-25,Restaurant,Vegetables,85,85,0,2.0,11.1,91.0,No,Cloudy,0,No Waste,No,Low
INV003886,2025-06-25,Restaurant,Dairy,80,80,0,9.0,5.6,113.0,Yes,Sunny,0,No Waste,No,Low
INV003887,2025-06-25,Cloud Kitchen,Bakery,175,159,16,4.0,22.5,159.0,Yes,Rainy,3,Expired,No,Low
INV003888,2025-06-25,Supermarket,Bakery,172,109,63,4.0,20.1,109.0,No,Rainy,11,Overproduction,Yes,Medium
INV003889,2025-06-25,Cafeteria,Bakery,75,66,9,4.0,26.2,66.0,No,Sunny,2,Low Demand,No,Medium
INV003890,2025-06-25,Restaurant,Vegetables,107,91,16,7.0,8.0,91.0,No,Hot,2,Low Demand,No,Low
INV003891,2025-06-25,Cafeteria,Dairy,90,83,7,5.0,3.8,83.0,No,Sunny,1,Low Demand,No,Low
INV003892,2025-06-25,Supermarket,Bakery,136,104,32,4.0,21.8,104.0,No,Cloudy,5,Overproduction,Yes,Medium
INV003893,2025-06-25,Restaurant,Dairy,97,57,40,8.0,6.4,,No,Rainy,9,Overproduction,No,High
INV003894,2025-06-25,Restaurant,Bakery,117,49,68,4.0,25.0,49.0,No,Rainy,21,Overproduction,Yes,High
INV003895,2025-06-25,Supermarket,Meat,162,162,0,6.0,2.2,187.0,No,Hot,0,No Waste,No,Low
INV003896,2025-06-25,Supermarket,Fruits,121,121,0,6.0,10.7,128.0,No,Cloudy,0,No Waste,No,Low
INV003897,2025-06-25,Restaurant,Bakery,119,66,53,4.0,17.3,66.0,Yes,Rainy,12,Overproduction,Yes,High
INV003898,2025-06-25,Cloud Kitchen,Vegetables,103,103,0,6.0,8.5,133.0,No,Sunny,0,No Waste,No,Low
INV003899,2025-06-25,Cafeteria,Bakery,89,33,56,2.0,27.3,33.0,No,Rainy,21,Overproduction,Yes,High
INV003900,2025-06-25,Cafeteria,Meat,66,66,0,,-0.6,70.0,No,Sunny,0,No Waste,No,Low
INV003901,2025-06-25,Cafeteria,Prepared Food,78,78,0,2.0,21.2,81.0,Yes,Cloudy,0,No Waste,No,Low
INV003902,2025-06-25,Supermarket,Bakery,269,248,21,2.0,20.5,248.0,Yes,Sunny,4,Expired,No,Low
INV003903,2025-06-25,Cafeteria,Dairy,97,63,34,14.0,1.5,63.0,No,Sunny,5,Low Demand,No,Medium
INV003904,2025-06-26,Restaurant,Prepared Food,77,50,27,1.0,25.5,50.0,No,Rainy,12,Expired,No,High
INV003905,2025-06-26,Cafeteria,Vegetables,64,59,5,1.0,7.4,59.0,No,Sunny,1,Expired,No,Low
INV003906,2025-06-26,Restaurant,Meat,126,92,34,7.0,1.9,92.0,No,Hot,5,Low Demand,Yes,Medium
INV003907,2025-06-26,Restaurant,Fruits,101,97,4,4.0,6.8,97.0,Yes,Sunny,0,No Waste,No,Low
INV003908,2025-06-26,Cloud Kitchen,Bakery,124,103,21,,23.9,103.0,No,Hot,5,Expired,No,Low
INV003909,2025-06-26,Cafeteria,Vegetables,84,84,0,7.0,7.3,87.0,No,Sunny,0,No Waste,No,Medium
INV003910,2025-06-26,Supermarket,Bakery,182,114,68,5.0,15.7,114.0,No,Rainy,13,Overproduction,No,Medium
INV003911,2025-06-26,Cloud Kitchen,Prepared Food,147,138,9,1.0,15.6,,Yes,Sunny,2,Expired,No,Low
INV003912,2025-06-26,Supermarket,Fruits,205,166,39,6.0,5.6,166.0,No,Hot,5,Overproduction,Yes,Medium
INV003913,2025-06-26,Supermarket,Prepared Food,181,167,14,,14.7,167.0,Yes,Rainy,4,Expired,,Medium
INV003914,2025-06-26,Restaurant,Dairy,98,80,18,8.0,3.2,80.0,Yes,Rainy,2,Low Demand,No,Low
INV003915,2025-06-26,Restaurant,Bakery,79,55,24,,15.6,55.0,No,Rainy,4,Low Demand,Yes,Medium
INV003916,2025-06-26,Cafeteria,Meat,72,43,29,5.0,4.5,,No,Cloudy,6,Low Demand,No,Medium
INV003917,2025-06-26,Restaurant,Fruits,70,66,4,4.0,2.3,66.0,No,Sunny,1,Low Demand,No,Low
INV003918,2025-06-26,Restaurant,Meat,89,89,0,4.0,4.1,107.0,No,Hot,0,No Waste,No,Low
INV003919,2025-06-26,Supermarket,Bakery,166,107,59,1.0,19.9,107.0,No,Rainy,20,Expired,No,High
INV003920,2025-06-26,Supermarket,Prepared Food,149,149,0,,18.3,,No,Sunny,0,No Waste,No,Low
INV003921,2025-06-26,Cafeteria,Vegetables,71,58,13,7.0,4.5,58.0,No,Hot,2,Low Demand,No,Medium
INV003922,2025-06-26,Cafeteria,Vegetables,61,61,0,9.0,-0.1,62.0,No,Hot,0,No Waste,No,Low
INV003923,2025-06-26,Restaurant,Dairy,67,67,0,8.0,-0.6,114.0,No,Sunny,0,No Waste,No,Low
INV003924,2025-06-26,Restaurant,Prepared Food,88,87,1,1.0,23.0,87.0,No,Sunny,0,No Waste,No,Low
INV003925,2025-06-27,Supermarket,Bakery,176,154,22,2.0,16.7,154.0,No,Cloudy,3,Expired,No,Low
INV003926,2025-06-27,Cafeteria,Bakery,74,41,33,3.0,22.9,41.0,No,Rainy,9,Low Demand,No,High
INV003927,2025-06-27,Cafeteria,Bakery,73,73,0,2.0,20.2,73.0,No,Sunny,0,No Waste,No,Low
INV003928,2025-06-27,Cloud Kitchen,Bakery,131,131,0,2.0,23.2,139.0,No,Hot,0,No Waste,No,Low
INV003929,2025-06-27,Restaurant,Dairy,74,74,0,7.0,4.1,100.0,No,Hot,0,No Waste,No,Low
INV003930,2025-06-27,Supermarket,Vegetables,170,151,19,5.0,4.1,151.0,No,Hot,1,Expired,No,Low
INV003931,2025-06-27,Restaurant,Prepared Food,82,58,24,1.0,26.0,58.0,No,Rainy,12,Expired,No,High
INV003932,2025-06-27,Cafeteria,Fruits,59,57,2,5.0,6.8,57.0,No,Cloudy,0,No Waste,No,Low
INV003933,2025-06-27,Restaurant,Bakery,97,97,0,3.0,30.8,126.0,Yes,Sunny,0,No Waste,No,Low
INV003934,2025-06-27,Cloud Kitchen,Meat,94,94,0,3.0,1.9,124.0,No,Sunny,0,No Waste,No,Low
INV003935,2025-06-27,Cafeteria,Fruits,62,62,0,4.0,4.5,74.0,Yes,Cloudy,0,No Waste,No,Low
INV003936,2025-06-27,Cafeteria,Dairy,65,49,16,7.0,8.3,49.0,No,Rainy,3,Low Demand,No,Medium
INV003937,2025-06-27,Supermarket,Prepared Food,157,157,0,2.0,17.0,211.0,Yes,Hot,0,No Waste,No,Low
INV003938,2025-06-27,Cafeteria,Bakery,63,48,15,4.0,24.3,48.0,No,Rainy,3,Low Demand,No,Medium
INV003939,2025-06-27,Cafeteria,Prepared Food,61,61,0,1.0,26.4,71.0,No,Hot,0,No Waste,No,Low
INV003940,2025-06-27,Supermarket,Fruits,130,130,0,5.0,8.1,,No,Hot,0,No Waste,No,Low
INV003941,2025-06-27,Cloud Kitchen,Prepared Food,122,122,0,1.0,19.1,126.0,No,Sunny,0,No Waste,No,Low
INV003942,2025-06-27,Supermarket,Meat,192,104,88,5.0,1.5,104.0,No,Rainy,21,Overproduction,Yes,High
INV003943,2025-06-27,Restaurant,Vegetables,108,97,11,9.0,5.7,97.0,Yes,Sunny,1,Expired,No,Low
INV003944,2025-06-27,Restaurant,Fruits,112,108,4,6.0,,108.0,No,Hot,1,Storage Issue,No,Low
INV003945,2025-06-27,Supermarket,Meat,232,144,88,5.0,1.4,144.0,No,Hot,21,Overproduction,Yes,High
INV003946,2025-06-27,Supermarket,Bakery,205,133,72,,19.5,133.0,No,Cloudy,19,Overproduction,No,High
INV003947,2025-06-27,Restaurant,Fruits,105,96,9,6.0,7.5,96.0,No,Hot,1,Low Demand,No,Low
INV003948,2025-06-27,Cloud Kitchen,Prepared Food,133,59,74,1.0,23.6,59.0,No,Rainy,39,Overproduction,No,High
INV003949,2025-06-27,Supermarket,Bakery,184,164,20,4.0,18.7,164.0,No,Sunny,4,Expired,No,Medium
INV003950,2025-06-27,Supermarket,Bakery,196,145,51,3.0,18.7,145.0,No,Sunny,12,Expired,No,Medium
INV003951,2025-06-28,Supermarket,Meat,139,129,10,4.0,2.9,129.0,No,Sunny,2,Expired,No,Low
INV003952,2025-06-28,Supermarket,Dairy,237,182,55,3.0,4.1,182.0,No,Sunny,11,Overproduction,No,Medium
INV003953,2025-06-28,Supermarket,Bakery,206,173,33,3.0,18.0,173.0,No,Sunny,6,Expired,No,Medium
INV003954,2025-06-28,Restaurant,Dairy,84,70,14,8.0,2.6,70.0,No,Rainy,2,Low Demand,No,Medium
INV003955,2025-06-28,Restaurant,Fruits,93,78,15,6.0,7.7,78.0,No,Hot,2,Expired,No,Medium
INV003956,2025-06-28,Restaurant,Bakery,70,50,20,3.0,24.8,50.0,No,Rainy,5,Low Demand,No,Medium
INV003957,2025-06-28,Cloud Kitchen,Vegetables,185,130,55,5.0,4.7,130.0,Yes,Sunny,11,Overproduction,Yes,Medium
INV003958,2025-06-28,Cafeteria,Fruits,87,71,16,6.0,11.6,71.0,No,Sunny,3,Low Demand,No,Medium
INV003959,2025-06-28,Supermarket,Vegetables,129,129,0,6.0,6.1,179.0,No,Sunny,0,No Waste,No,Low
INV003960,2025-06-28,Restaurant,Prepared Food,95,61,34,2.0,13.8,61.0,No,Rainy,11,Overproduction,No,High
INV003961,2025-06-28,Restaurant,Fruits,99,79,20,10.0,6.5,79.0,No,Sunny,3,Low Demand,No,Medium
INV003962,2025-06-28,Restaurant,Bakery,81,63,18,4.0,17.0,63.0,No,Rainy,4,Low Demand,No,Medium
INV003963,2025-06-28,Cafeteria,Vegetables,63,47,16,6.0,7.8,47.0,Yes,Rainy,3,Low Demand,No,Medium
INV003964,2025-06-28,Restaurant,Fruits,108,73,35,3.0,6.1,73.0,No,Cloudy,7,Overproduction,No,Medium
INV003965,2025-06-28,Supermarket,Bakery,190,132,58,3.0,22.7,132.0,No,Cloudy,12,Overproduction,No,Medium
INV003966,2025-06-28,Supermarket,Prepared Food,143,143,0,1.0,20.2,162.0,No,Hot,0,No Waste,No,Low
INV003967,2025-06-28,Restaurant,Fruits,82,78,4,5.0,11.1,78.0,No,Sunny,0,No Waste,No,Low
INV003968,2025-06-28,Supermarket,Fruits,193,110,83,2.0,6.3,110.0,No,Rainy,30,Overproduction,Yes,High
INV003969,2025-06-28,Restaurant,Bakery,86,77,9,2.0,25.0,77.0,No,Cloudy,3,Expired,No,Medium
INV003970,2025-06-28,Cafeteria,Dairy,63,63,0,10.0,2.4,64.0,No,Hot,0,No Waste,No,Low
INV003971,2025-06-28,Cloud Kitchen,Meat,110,75,35,3.0,5.4,75.0,No,Sunny,8,Overproduction,No,Medium
INV003972,2025-06-28,Restaurant,Dairy,94,94,0,9.0,4.4,95.0,No,Hot,0,No Waste,No,Low
INV003973,2025-06-29,Cafeteria,Bakery,48,42,6,1.0,22.1,42.0,No,Rainy,2,Low Demand,No,Medium
INV003974,2025-06-29,Supermarket,Meat,169,169,0,5.0,3.2,195.0,Yes,Cloudy,0,No Waste,No,Low
INV003975,2025-06-29,Cafeteria,Vegetables,75,43,32,7.0,9.8,43.0,No,,9,Overproduction,No,High
INV003976,2025-06-29,Restaurant,Fruits,100,75,25,5.0,11.8,75.0,No,Sunny,6,Low Demand,Yes,Medium
INV003977,2025-06-29,Supermarket,Bakery,179,179,0,4.0,22.7,195.0,Yes,Cloudy,0,No Waste,No,Low
INV003978,2025-06-29,Cafeteria,Fruits,67,67,0,5.0,6.8,67.0,No,Sunny,0,No Waste,No,Low
INV003979,2025-06-29,Cloud Kitchen,Prepared Food,109,85,24,1.0,28.7,85.0,Yes,Rainy,11,Storage Issue,No,High
INV003980,2025-06-29,Restaurant,Vegetables,89,81,8,2.0,7.6,81.0,No,Sunny,3,Low Demand,No,Medium
INV003981,2025-06-29,Cloud Kitchen,Fruits,112,99,13,8.0,8.4,99.0,No,Sunny,2,Low Demand,No,Low
INV003982,2025-06-29,Restaurant,Vegetables,86,60,26,8.0,7.5,60.0,No,Rainy,2,Low Demand,No,Medium
INV003983,2025-06-29,Cafeteria,Meat,50,49,1,1.0,2.8,49.0,No,Hot,0,No Waste,No,Low
INV003984,2025-06-29,Cloud Kitchen,Fruits,125,100,25,6.0,9.0,100.0,No,Sunny,5,Low Demand,No,Low
INV003985,2025-06-29,Restaurant,Bakery,360,75,285,3.0,16.8,75.0,No,Cloudy,88,Overproduction,No,High
INV003986,2025-06-29,Supermarket,Dairy,163,155,8,3.0,2.1,155.0,No,Sunny,2,Expired,No,Low
INV003987,2025-06-29,Restaurant,Fruits,130,79,51,5.0,9.5,79.0,No,Sunny,16,Overproduction,No,High
INV003988,2025-06-29,Cafeteria,Vegetables,52,52,0,6.0,3.6,57.0,No,Sunny,0,No Waste,No,Low
INV003989,2025-06-29,Supermarket,Fruits,216,158,58,8.0,5.3,158.0,Yes,Rainy,6,Overproduction,No,Medium
INV003990,2025-06-29,Restaurant,Prepared Food,103,100,3,2.0,16.5,100.0,No,Sunny,1,Expired,No,Low
INV003991,2025-06-29,Restaurant,Fruits,86,81,5,7.0,3.7,81.0,No,Sunny,0,No Waste,No,Low
INV003992,2025-06-29,Restaurant,Prepared Food,96,72,24,2.0,14.4,72.0,No,Sunny,5,Expired,No,Medium
INV003993,2025-06-29,Cloud Kitchen,Vegetables,100,100,0,7.0,6.0,114.0,No,Cloudy,0,No Waste,No,Low
INV003994,2025-06-30,Cafeteria,Prepared Food,55,55,0,1.0,17.3,79.0,No,Sunny,0,No Waste,No,Low
INV003995,2025-06-30,Restaurant,Fruits,140,84,56,5.0,13.7,84.0,No,Hot,16,Storage Issue,No,High
INV003996,2025-06-30,Cloud Kitchen,Bakery,130,119,11,3.0,25.2,119.0,Yes,Cloudy,2,Expired,No,Low
INV003997,2025-06-30,Cafeteria,Vegetables,57,47,10,2.0,3.4,47.0,No,Rainy,1,Low Demand,No,Low
INV003998,2025-06-30,Cloud Kitchen,Vegetables,117,117,0,5.0,8.7,122.0,Yes,Cloudy,0,No Waste,No,Low
INV003999,2025-06-30,Restaurant,Meat,92,77,15,2.0,0.7,77.0,No,Cloudy,3,Expired,No,Medium
INV004000,2025-06-30,Supermarket,Vegetables,186,136,50,5.0,6.6,136.0,No,Cloudy,6,Overproduction,No,Medium
INV004001,2025-06-30,Supermarket,Meat,163,129,34,2.0,2.8,129.0,No,Cloudy,8,Expired,No,Low
INV004002,2025-06-30,Restaurant,Meat,122,78,44,8.0,3.7,78.0,No,Cloudy,10,Overproduction,No,Medium
INV004003,2025-06-30,Supermarket,Dairy,189,169,20,4.0,3.4,169.0,No,Cloudy,3,Low Demand,No,Low
INV004004,2025-06-30,Restaurant,Fruits,93,77,16,,6.0,77.0,No,Sunny,2,Low Demand,No,Medium
INV004005,2025-06-30,Cloud Kitchen,Meat,126,126,0,6.0,0.5,138.0,Yes,Sunny,0,No Waste,No,Low
INV004006,2025-06-30,Restaurant,Fruits,88,88,0,4.0,6.7,108.0,No,Hot,0,No Waste,,Low
INV004007,2025-06-30,Restaurant,Dairy,111,93,18,7.0,2.8,93.0,Yes,Sunny,1,Low Demand,No,Low
INV004008,2025-07-01,Restaurant,Bakery,96,88,8,5.0,19.9,88.0,No,Cloudy,1,Low Demand,No,Low
INV004009,2025-07-01,Restaurant,Dairy,89,76,13,9.0,2.8,76.0,No,Cloudy,0,No Waste,No,Low
INV004010,2025-07-01,Cafeteria,Vegetables,72,62,10,3.0,5.0,62.0,No,Hot,3,Low Demand,No,Medium
INV004011,2025-07-01,Restaurant,Vegetables,99,90,9,6.0,6.3,90.0,No,Hot,1,Low Demand,No,Low
INV004012,2025-07-01,Restaurant,Bakery,92,71,21,3.0,29.7,71.0,No,Sunny,8,Storage Issue,No,Medium
INV004013,2025-07-01,Restaurant,Meat,91,91,0,6.0,-1.4,125.0,No,Hot,0,No Waste,No,Low
INV004014,2025-07-01,Restaurant,Bakery,120,68,52,1.0,21.2,68.0,Yes,Rainy,22,Overproduction,No,High
INV004015,2025-07-01,Supermarket,Fruits,134,134,0,3.0,3.9,180.0,Yes,Sunny,0,No Waste,No,Low
INV004016,2025-07-01,Cloud Kitchen,Vegetables,135,70,65,3.0,6.6,70.0,No,Rainy,24,Overproduction,Yes,High
INV004017,2025-07-01,Supermarket,Bakery,179,122,57,2.0,24.1,122.0,Yes,Rainy,16,Overproduction,Yes,High
INV004018,2025-07-01,Supermarket,Meat,168,134,34,1.0,0.0,134.0,No,Sunny,11,Expired,No,Medium
INV004019,2025-07-01,Supermarket,Vegetables,91,91,0,4.0,5.0,136.0,No,Sunny,0,No Waste,No,Low
INV004020,2025-07-01,Cloud Kitchen,Fruits,109,106,3,7.0,5.1,106.0,No,Cloudy,0,No Waste,No,Low
INV004021,2025-07-01,Cafeteria,Meat,57,57,0,10.0,3.0,57.0,No,Rainy,0,No Waste,No,Low
INV004022,2025-07-01,Cloud Kitchen,Fruits,143,100,43,3.0,5.5,100.0,No,Cloudy,11,Overproduction,Yes,Medium
INV004023,2025-07-01,Cafeteria,Prepared Food,83,75,8,2.0,20.5,75.0,No,Sunny,1,Expired,No,Low
INV004024,2025-07-01,Restaurant,Bakery,91,78,13,2.0,28.0,78.0,Yes,Cloudy,4,Storage Issue,No,Medium
INV004025,2025-07-01,Restaurant,Dairy,84,53,31,11.0,6.1,53.0,No,Cloudy,6,Overproduction,No,Medium
INV004026,2025-07-01,Supermarket,Meat,218,145,73,5.0,0.4,145.0,No,Sunny,15,Overproduction,Yes,Medium
INV004027,2025-07-01,Cafeteria,Fruits,67,42,25,8.0,4.6,42.0,No,Cloudy,4,Low Demand,No,Medium
INV004028,2025-07-02,Restaurant,Fruits,60,60,0,7.0,12.5,76.0,No,Cloudy,0,No Waste,No,Low
INV004029,2025-07-02,Restaurant,Meat,88,70,18,1.0,1.7,70.0,No,Sunny,6,Expired,No,Medium
INV004030,2025-07-02,Cloud Kitchen,Dairy,96,96,0,3.0,2.5,116.0,No,Hot,0,No Waste,No,Low
INV004031,2025-07-02,Cloud Kitchen,Fruits,122,104,18,4.0,8.0,104.0,No,Cloudy,3,Low Demand,No,Medium
INV004032,2025-07-02,Restaurant,Bakery,72,72,0,3.0,22.8,72.0,No,Rainy,0,No Waste,No,Low
INV004033,2025-07-02,Cloud Kitchen,Vegetables,80,58,22,4.0,6.4,58.0,No,Rainy,4,Low Demand,No,Medium
INV004034,2025-07-02,Restaurant,Meat,74,74,0,2.0,1.0,77.0,No,Rainy,0,No Waste,No,Low
INV004035,2025-07-02,Supermarket,Meat,154,154,0,6.0,0.0,175.0,No,Cloudy,0,No Waste,No,Low
INV004036,2025-07-02,Supermarket,Dairy,100,100,0,1.0,4.8,110.0,No,Rainy,0,No Waste,No,Low
INV004037,2025-07-02,Cloud Kitchen,Fruits,96,96,0,8.0,13.6,151.0,No,Sunny,0,No Waste,No,Low
INV004038,2025-07-02,Cafeteria,Meat,82,56,26,6.0,0.9,56.0,No,Sunny,6,Low Demand,No,Medium
INV004039,2025-07-02,Cafeteria,Fruits,63,61,2,4.0,6.8,61.0,No,Sunny,0,No Waste,No,Low
INV004040,2025-07-02,Supermarket,Meat,625,152,473,6.0,1.8,152.0,No,Sunny,129,Overproduction,Yes,High
INV004041,2025-07-02,Cafeteria,Dairy,56,52,4,6.0,3.6,52.0,No,Sunny,1,Low Demand,No,Low
INV004042,2025-07-02,Supermarket,Prepared Food,201,173,28,1.0,16.9,173.0,Yes,Hot,8,Expired,No,Medium
INV004043,2025-07-02,Restaurant,Meat,129,52,77,4.0,1.1,,No,Rainy,24,Overproduction,Yes,High
INV004044,2025-07-02,Cafeteria,Bakery,49,44,5,5.0,15.5,44.0,No,Rainy,0,No Waste,No,Low
INV004045,2025-07-02,Supermarket,Fruits,163,163,0,5.0,7.4,233.0,Yes,Sunny,0,No Waste,No,Low
INV004046,2025-07-02,Cloud Kitchen,Fruits,119,107,12,5.0,9.9,107.0,No,Sunny,3,Low Demand,No,Medium
INV004047,2025-07-03,Restaurant,Fruits,103,103,0,5.0,9.9,162.0,Yes,Cloudy,0,No Waste,No,Low
INV004048,2025-07-03,Supermarket,Meat,218,173,45,4.0,1.8,173.0,No,Sunny,9,Low Demand,No,Medium
INV004049,2025-07-03,Restaurant,Dairy,82,82,0,11.0,1.4,102.0,No,Cloudy,0,No Waste,No,Low
INV004050,2025-07-03,Cafeteria,Fruits,77,65,12,7.0,12.3,65.0,No,Hot,2,Low Demand,No,Medium
INV004051,2025-07-03,Restaurant,Prepared Food,88,79,9,1.0,18.0,79.0,No,Cloudy,2,Expired,No,Medium
INV004052,2025-07-03,Cafeteria,Prepared Food,52,52,0,3.0,19.2,64.0,No,Cloudy,0,No Waste,No,Low
INV004053,2025-07-03,Supermarket,Dairy,198,150,48,6.0,5.4,150.0,No,Sunny,7,Low Demand,No,Medium
INV004054,2025-07-03,Cafeteria,Dairy,68,56,12,10.0,5.3,56.0,No,Rainy,0,No Waste,No,Low
INV004055,2025-07-03,Supermarket,Prepared Food,565,176,389,2.0,27.1,176.0,Yes,Sunny,190,Overproduction,Yes,High
INV004056,2025-07-03,Cloud Kitchen,Bakery,103,80,23,1.0,24.4,80.0,No,Cloudy,8,Expired,No,Medium
INV004057,2025-07-03,Restaurant,Meat,102,98,4,3.0,1.0,98.0,Yes,Sunny,0,No Waste,No,Low
INV004058,2025-07-03,Restaurant,Meat,89,80,9,2.0,6.0,80.0,No,Sunny,2,Storage Issue,No,Medium
INV004059,2025-07-03,Supermarket,Bakery,169,95,74,2.0,21.9,95.0,No,Rainy,18,Overproduction,Yes,High
INV004060,2025-07-03,Restaurant,Dairy,93,74,19,7.0,2.8,74.0,Yes,Rainy,1,Low Demand,Yes,Low
INV004061,2025-07-03,Supermarket,Meat,176,166,10,1.0,0.8,166.0,No,Sunny,3,Expired,No,Low
INV004062,2025-07-03,Restaurant,Prepared Food,92,78,14,2.0,14.7,78.0,No,,3,Low Demand,No,Medium
INV004063,2025-07-03,Restaurant,Vegetables,98,59,39,7.0,2.2,59.0,No,Rainy,6,Overproduction,Yes,Medium
INV004064,2025-07-03,Supermarket,Meat,121,86,35,4.0,7.1,86.0,No,Rainy,10,Storage Issue,,Medium
INV004065,2025-07-03,Cloud Kitchen,Dairy,121,91,30,6.0,3.7,91.0,No,Cloudy,5,Low Demand,No,Medium
INV004066,2025-07-03,Restaurant,Bakery,82,82,0,3.0,23.0,110.0,No,Hot,0,No Waste,No,Low
INV004067,2025-07-03,Supermarket,Dairy,174,150,24,4.0,5.8,150.0,No,Sunny,5,Expired,No,Medium
INV004068,2025-07-03,Restaurant,Prepared Food,107,60,47,2.0,24.9,60.0,Yes,Rainy,23,Overproduction,No,High
INV004069,2025-07-03,Restaurant,Bakery,92,65,27,5.0,21.1,65.0,Yes,,5,Low Demand,No,Medium
INV004070,2025-07-03,Restaurant,Meat,113,83,30,5.0,6.3,,No,Sunny,7,Storage Issue,Yes,Medium
INV004071,2025-07-03,Restaurant,Fruits,109,109,0,5.0,6.9,113.0,Yes,Cloudy,0,No Waste,No,Low
INV004072,2025-07-03,Restaurant,Vegetables,60,60,0,6.0,4.2,,No,Hot,0,No Waste,No,Low
INV004073,2025-07-04,Supermarket,Vegetables,161,161,0,3.0,3.6,166.0,No,Sunny,0,No Waste,No,Low
INV004074,2025-07-04,Restaurant,Bakery,79,74,5,5.0,24.8,74.0,No,Sunny,1,Low Demand,No,Low
INV004075,2025-07-04,Restaurant,Vegetables,87,87,0,8.0,4.9,89.0,No,Sunny,0,No Waste,No,Low
INV004076,2025-07-04,Supermarket,Prepared Food,159,159,0,2.0,22.2,189.0,No,Hot,0,No Waste,No,Low
INV004077,2025-07-04,Cafeteria,Fruits,41,41,0,6.0,10.6,61.0,No,Sunny,0,No Waste,No,Low
INV004078,2025-07-04,Supermarket,Bakery,195,195,0,3.0,13.0,258.0,Yes,Hot,0,No Waste,No,Medium
INV004079,2025-07-04,Cloud Kitchen,Prepared Food,138,89,49,2.0,23.8,89.0,No,Cloudy,18,Overproduction,Yes,High
INV004080,2025-07-04,Supermarket,Dairy,246,208,38,12.0,5.1,208.0,No,Sunny,3,Overproduction,No,Low
INV004081,2025-07-04,Cafeteria,Fruits,57,56,1,8.0,7.0,56.0,No,Sunny,0,No Waste,No,Low
INV004082,2025-07-04,Restaurant,Meat,86,86,0,2.0,2.3,92.0,No,Sunny,0,No Waste,No,Low
INV004083,2025-07-04,Supermarket,Prepared Food,146,146,0,1.0,21.8,175.0,No,Hot,0,No Waste,No,Low
INV004084,2025-07-04,Cloud Kitchen,Bakery,118,118,0,2.0,24.8,170.0,Yes,Hot,0,No Waste,No,Low
INV004085,2025-07-04,Supermarket,Fruits,178,161,17,4.0,2.4,161.0,No,Hot,1,Expired,No,Low
INV004086,2025-07-04,Supermarket,Vegetables,177,128,49,8.0,8.1,,No,Cloudy,5,Overproduction,No,Medium
INV004087,2025-07-04,Restaurant,Vegetables,88,65,23,5.0,4.7,65.0,Yes,Rainy,4,Low Demand,No,Medium
INV004088,2025-07-04,Restaurant,Meat,104,90,14,6.0,0.2,90.0,Yes,Hot,0,No Waste,No,Medium
INV004089,2025-07-04,Restaurant,Vegetables,192,72,120,5.0,2.5,,No,Sunny,29,Overproduction,Yes,High
INV004090,2025-07-04,Cloud Kitchen,Bakery,98,67,31,2.0,18.2,67.0,No,Rainy,10,Expired,No,High
INV004091,2025-07-04,Cafeteria,Vegetables,66,66,0,6.0,3.7,78.0,Yes,Hot,0,No Waste,No,Low
INV004092,2025-07-04,Supermarket,Fruits,163,71,92,,8.5,71.0,No,Rainy,27,Overproduction,Yes,High
INV004093,2025-07-04,Restaurant,Prepared Food,90,47,43,2.0,26.0,47.0,No,Rainy,18,Overproduction,No,High
INV004094,2025-07-04,Restaurant,Prepared Food,328,73,255,1.0,6.4,73.0,No,Cloudy,128,Overproduction,No,High
INV004095,2025-07-04,Restaurant,Meat,79,79,0,,2.2,102.0,No,Cloudy,0,No Waste,No,Low
INV004096,2025-07-04,Cafeteria,Bakery,68,65,3,2.0,23.6,65.0,No,Cloudy,1,Expired,No,Low
INV004097,2025-07-04,Supermarket,Fruits,192,192,0,5.0,7.5,212.0,Yes,Sunny,0,No Waste,No,Low
INV004098,2025-07-04,Supermarket,Vegetables,181,97,84,7.0,11.4,97.0,No,Rainy,18,Overproduction,Yes,High
INV004099,2025-07-04,Cafeteria,Prepared Food,72,72,0,1.0,30.4,76.0,Yes,Sunny,0,No Waste,No,Low
INV004100,2025-07-04,Restaurant,Bakery,88,59,29,4.0,,59.0,No,Rainy,6,Overproduction,,Medium
INV004101,2025-07-05,Restaurant,Vegetables,105,82,23,6.0,0.6,82.0,No,Cloudy,2,Overproduction,No,Low
INV004102,2025-07-05,Supermarket,Meat,229,144,85,4.0,2.3,144.0,No,Sunny,21,Overproduction,Yes,High
INV004103,2025-07-05,Cafeteria,Prepared Food,66,47,19,1.0,25.0,47.0,No,Cloudy,9,Expired,No,High
INV004104,2025-07-05,Supermarket,Fruits,188,142,46,1.0,5.5,142.0,No,Sunny,15,Expired,No,High
INV004105,2025-07-05,Cloud Kitchen,Fruits,96,96,0,5.0,10.5,105.0,No,Hot,0,No Waste,No,Low
INV004106,2025-07-05,Cafeteria,Dairy,71,71,0,7.0,6.5,71.0,No,Sunny,0,No Waste,No,Low
INV004107,2025-07-05,Supermarket,Prepared Food,194,154,40,1.0,18.3,154.0,No,Cloudy,13,Expired,No,Medium
INV004108,2025-07-05,Supermarket,Prepared Food,104,104,0,1.0,21.2,146.0,No,Sunny,0,No Waste,No,Low
INV004109,2025-07-05,Restaurant,Vegetables,100,79,21,3.0,2.2,79.0,Yes,Sunny,5,Expired,No,Medium
INV004110,2025-07-05,Supermarket,Vegetables,93,93,0,8.0,7.6,179.0,No,Sunny,0,No Waste,No,Low
INV004111,2025-07-05,Restaurant,Bakery,90,59,31,3.0,27.4,59.0,No,Rainy,11,Low Demand,Yes,High
INV004112,2025-07-05,Cafeteria,Bakery,79,59,20,2.0,23.3,59.0,No,Cloudy,7,Expired,No,High
INV004113,2025-07-05,Restaurant,Prepared Food,77,77,0,2.0,17.0,,Yes,,0,No Waste,No,Low
INV004114,2025-07-05,Supermarket,Meat,198,177,21,2.0,-0.4,177.0,Yes,Sunny,5,Expired,No,Medium
INV004115,2025-07-05,Restaurant,Bakery,100,100,0,4.0,26.0,120.0,Yes,Sunny,0,No Waste,No,Low
INV004116,2025-07-05,Cloud Kitchen,Prepared Food,136,61,75,1.0,20.8,61.0,No,Rainy,36,Overproduction,Yes,High
INV004117,2025-07-05,Restaurant,Fruits,87,79,8,1.0,11.8,79.0,No,Cloudy,2,Expired,No,Medium
INV004118,2025-07-05,Cloud Kitchen,Dairy,127,96,31,9.0,6.5,96.0,Yes,Rainy,2,Low Demand,No,High
INV004119,2025-07-06,Supermarket,Prepared Food,118,118,0,2.0,11.5,211.0,No,Hot,0,No Waste,No,Low
INV004120,2025-07-06,Restaurant,Prepared Food,60,60,0,3.0,16.0,131.0,No,Hot,0,No Waste,No,Low
INV004121,2025-07-06,Restaurant,Bakery,78,75,3,4.0,22.4,75.0,No,Cloudy,0,No Waste,No,Low
INV004122,2025-07-06,Supermarket,Fruits,231,223,8,4.0,4.3,223.0,No,Sunny,1,Expired,No,Low
INV004123,2025-07-06,Cafeteria,Dairy,63,63,0,6.0,6.9,65.0,No,Sunny,0,No Waste,No,Low
INV004124,2025-07-06,Supermarket,Prepared Food,143,143,0,2.0,36.6,160.0,No,Sunny,0,No Waste,No,Low
INV004125,2025-07-06,Supermarket,Vegetables,244,188,56,7.0,2.8,,Yes,Sunny,12,Overproduction,Yes,Medium
INV004126,2025-07-06,Supermarket,Prepared Food,185,152,33,1.0,18.6,152.0,No,Hot,11,Expired,No,Medium
INV004127,2025-07-06,Restaurant,Vegetables,110,93,17,7.0,8.1,93.0,No,Sunny,2,Low Demand,,Low
INV004128,2025-07-06,Supermarket,Fruits,153,153,0,5.0,11.2,,Yes,Hot,0,No Waste,,Low
INV004129,2025-07-06,Cafeteria,Prepared Food,73,53,20,3.0,17.9,53.0,No,Cloudy,4,Low Demand,No,Medium
INV004130,2025-07-06,Restaurant,Fruits,73,70,3,6.0,5.1,70.0,No,Sunny,0,No Waste,No,Low
INV004131,2025-07-06,Cloud Kitchen,Prepared Food,122,83,39,2.0,21.0,83.0,No,Rainy,14,Expired,No,High
INV004132,2025-07-06,Cloud Kitchen,Meat,121,68,53,3.0,0.8,68.0,No,Rainy,16,Overproduction,No,High
INV004133,2025-07-06,Restaurant,Dairy,63,59,4,8.0,5.9,59.0,No,Cloudy,1,Low Demand,No,Low
INV004134,2025-07-06,Supermarket,Dairy,178,127,51,11.0,3.8,127.0,No,Sunny,5,Overproduction,,Medium
INV004135,2025-07-06,Supermarket,Vegetables,173,162,11,7.0,7.2,162.0,No,Sunny,1,Expired,No,Low
INV004136,2025-07-06,Cafeteria,Dairy,51,51,0,8.0,3.2,62.0,No,Sunny,0,No Waste,No,Low
INV004137,2025-07-06,Cafeteria,Meat,67,60,7,5.0,-0.5,60.0,No,Sunny,1,Low Demand,No,Low
INV004138,2025-07-06,Restaurant,Vegetables,99,68,31,5.0,7.2,68.0,Yes,Rainy,5,Low Demand,No,Medium
INV004139,2025-07-06,Supermarket,Bakery,157,123,34,3.0,24.7,123.0,No,Rainy,9,Expired,No,Medium
INV004140,2025-07-06,Supermarket,Vegetables,154,102,52,8.0,7.8,102.0,No,Rainy,10,Overproduction,Yes,Medium
INV004141,2025-07-07,Restaurant,Bakery,76,76,0,2.0,29.1,85.0,No,Sunny,0,No Waste,No,Low
INV004142,2025-07-07,Supermarket,Fruits,172,172,0,5.0,9.7,185.0,No,Sunny,0,No Waste,No,Low
INV004143,2025-07-07,Supermarket,Vegetables,700,169,531,8.0,5.4,169.0,No,Hot,125,Overproduction,Yes,High
INV004144,2025-07-07,Restaurant,Vegetables,82,82,0,3.0,11.6,95.0,No,Hot,0,No Waste,No,Low
INV004145,2025-07-07,Cafeteria,Dairy,75,72,3,8.0,6.1,72.0,No,Cloudy,0,No Waste,No,Low
INV004146,2025-07-07,Restaurant,Vegetables,85,72,13,5.0,9.3,72.0,No,Cloudy,2,Low Demand,,Medium
INV004147,2025-07-07,Cafeteria,Bakery,89,60,29,4.0,19.8,60.0,No,Cloudy,6,Overproduction,Yes,Medium
INV004148,2025-07-07,Cafeteria,Bakery,81,69,12,4.0,20.8,69.0,No,Sunny,2,Low Demand,No,Medium
INV004149,2025-07-07,Restaurant,Vegetables,98,91,7,6.0,6.3,,Yes,Cloudy,1,Expired,No,Low
INV004150,2025-07-07,Restaurant,Vegetables,107,91,16,5.0,1.4,91.0,Yes,Cloudy,2,Expired,No,Low
INV004151,2025-07-07,Cloud Kitchen,Fruits,112,112,0,6.0,11.3,117.0,Yes,Cloudy,0,No Waste,No,Low
INV004152,2025-07-07,Supermarket,Dairy,179,151,28,7.0,2.7,,Yes,Cloudy,3,Overproduction,No,Low
INV004153,2025-07-07,Supermarket,Vegetables,151,138,13,9.0,3.4,138.0,No,Sunny,0,No Waste,No,Low
INV004154,2025-07-07,Restaurant,Bakery,99,86,13,3.0,25.3,86.0,Yes,Cloudy,3,Low Demand,Yes,Medium
INV004155,2025-07-07,Cloud Kitchen,Fruits,136,117,19,7.0,7.9,117.0,Yes,Cloudy,2,Low Demand,Yes,Low
INV004156,2025-07-07,Supermarket,Fruits,206,184,22,8.0,3.8,184.0,No,Cloudy,2,Low Demand,No,Low
INV004157,2025-07-07,Restaurant,Vegetables,85,65,20,8.0,7.2,65.0,No,Cloudy,2,Low Demand,No,Medium
INV004158,2025-07-07,Restaurant,Vegetables,83,83,0,8.0,4.2,90.0,No,Sunny,0,No Waste,No,Low
INV004159,2025-07-07,Cloud Kitchen,Vegetables,140,105,35,6.0,,105.0,No,Cloudy,4,Low Demand,No,Medium
INV004160,2025-07-07,Supermarket,Dairy,192,142,50,6.0,4.9,142.0,No,Sunny,9,Expired,No,Medium
INV004161,2025-07-07,Cloud Kitchen,Vegetables,126,125,1,10.0,4.8,125.0,No,Hot,0,No Waste,No,Low
INV004162,2025-07-07,Restaurant,Meat,69,69,0,2.0,5.1,94.0,No,Sunny,0,No Waste,No,Low
INV004163,2025-07-07,Cafeteria,Prepared Food,58,58,0,1.0,23.3,64.0,No,Hot,0,No Waste,No,Low
INV004164,2025-07-07,Cafeteria,Dairy,59,59,0,8.0,0.5,89.0,No,Hot,0,No Waste,No,Low
INV004165,2025-07-07,Cloud Kitchen,Prepared Food,94,85,9,2.0,18.7,85.0,No,Cloudy,2,Expired,No,Medium
INV004166,2025-07-08,Cafeteria,Vegetables,73,60,13,4.0,14.1,60.0,No,Sunny,4,Storage Issue,No,Medium
INV004167,2025-07-08,Supermarket,Prepared Food,155,117,38,1.0,20.2,117.0,No,Rainy,13,Expired,No,Medium
INV004168,2025-07-08,Cafeteria,Fruits,88,52,36,1.0,6.5,52.0,Yes,Rainy,12,Expired,No,High
INV004169,2025-07-08,Supermarket,Fruits,167,165,2,4.0,0.2,165.0,No,Cloudy,0,No Waste,No,Low
INV004170,2025-07-08,Restaurant,Bakery,97,97,0,3.0,23.9,136.0,Yes,Hot,0,No Waste,No,Low
INV004171,2025-07-08,Restaurant,Bakery,128,114,14,2.0,27.3,114.0,Yes,Cloudy,4,Expired,No,Medium
INV004172,2025-07-08,Cloud Kitchen,Vegetables,105,105,0,9.0,6.1,119.0,No,Sunny,0,No Waste,No,Low
INV004173,2025-07-08,Cloud Kitchen,Dairy,161,83,78,5.0,1.0,83.0,No,Rainy,15,Overproduction,No,High
INV004174,2025-07-08,Supermarket,Bakery,127,127,0,3.0,17.2,153.0,No,Sunny,0,No Waste,No,Low
INV004175,2025-07-08,Restaurant,Fruits,90,90,0,6.0,9.4,141.0,Yes,Sunny,0,No Waste,No,Low
INV004176,2025-07-08,Supermarket,Bakery,205,196,9,3.0,24.3,196.0,Yes,Sunny,1,Expired,No,Low
INV004177,2025-07-08,Restaurant,Fruits,73,52,21,5.0,3.1,52.0,No,Rainy,3,Low Demand,No,Medium
INV004178,2025-07-08,Cloud Kitchen,Vegetables,102,86,16,5.0,5.0,86.0,No,Rainy,1,Low Demand,No,Low
INV004179,2025-07-08,Cafeteria,Fruits,67,58,9,7.0,4.1,58.0,No,Sunny,1,Low Demand,No,Low
INV004180,2025-07-08,Cloud Kitchen,Fruits,155,112,43,5.0,4.9,112.0,No,Cloudy,9,Overproduction,Yes,Medium
INV004181,2025-07-08,Supermarket,Prepared Food,133,133,0,1.0,24.6,152.0,No,Sunny,0,No Waste,No,Low
INV004182,2025-07-08,Supermarket,Dairy,189,154,35,8.0,3.4,154.0,No,Sunny,5,Low Demand,No,Low
INV004183,2025-07-08,Supermarket,Bakery,170,170,0,1.0,23.5,185.0,No,Sunny,0,No Waste,No,Low
INV004184,2025-07-08,Supermarket,Prepared Food,173,113,60,3.0,19.1,113.0,No,Rainy,16,Overproduction,Yes,High
INV004185,2025-07-09,Cloud Kitchen,Prepared Food,115,99,16,2.0,21.5,99.0,No,Cloudy,3,Expired,No,Medium
INV004186,2025-07-09,Supermarket,Vegetables,230,150,80,5.0,3.7,150.0,No,Sunny,17,Overproduction,Yes,Medium
INV004187,2025-07-09,Supermarket,Dairy,189,148,41,,6.4,148.0,No,Hot,5,Overproduction,No,Medium
INV004188,2025-07-09,Restaurant,Vegetables,79,78,1,5.0,5.9,78.0,No,Hot,0,No Waste,No,Low
INV004189,2025-07-09,Supermarket,Prepared Food,141,141,0,2.0,11.8,149.0,No,Hot,0,No Waste,No,Low
INV004190,2025-07-09,Supermarket,Dairy,229,158,71,1.0,5.7,158.0,No,Sunny,32,Expired,No,High
INV004191,2025-07-09,Supermarket,Bakery,168,168,0,1.0,18.8,168.0,No,Cloudy,0,No Waste,No,Low
INV004192,2025-07-09,Restaurant,Dairy,77,77,0,7.0,1.8,93.0,Yes,Rainy,0,No Waste,No,Low
INV004193,2025-07-09,Cafeteria,Fruits,66,66,0,6.0,2.9,70.0,No,Cloudy,0,No Waste,No,Low
INV004194,2025-07-09,Restaurant,Fruits,103,103,0,6.0,8.4,115.0,Yes,Hot,0,No Waste,No,Low
INV004195,2025-07-09,Restaurant,Vegetables,128,58,70,2.0,6.6,58.0,Yes,Rainy,27,Overproduction,Yes,High
INV004196,2025-07-09,Supermarket,Fruits,183,183,0,4.0,7.0,194.0,No,Hot,0,No Waste,No,Low
INV004197,2025-07-09,Cafeteria,Fruits,74,74,0,5.0,4.9,79.0,No,Sunny,0,No Waste,No,Low
INV004198,2025-07-09,Restaurant,Prepared Food,94,94,0,2.0,25.8,116.0,Yes,Cloudy,0,No Waste,No,Low
INV004199,2025-07-09,Cloud Kitchen,Prepared Food,121,118,3,1.0,15.8,118.0,No,Hot,1,Expired,No,Low
INV004200,2025-07-09,Supermarket,Dairy,155,155,0,4.0,7.7,185.0,No,,0,No Waste,No,Low
INV004201,2025-07-09,Supermarket,Meat,130,124,6,4.0,3.0,124.0,No,Rainy,0,No Waste,No,Low
INV004202,2025-07-09,Restaurant,Vegetables,88,88,0,5.0,4.9,94.0,Yes,Sunny,0,No Waste,No,Medium
INV004203,2025-07-09,Supermarket,Fruits,182,182,0,4.0,8.9,215.0,No,Cloudy,0,No Waste,No,Low
INV004204,2025-07-09,Supermarket,Fruits,165,78,87,4.0,8.4,78.0,No,Rainy,24,Overproduction,Yes,High
INV004205,2025-07-09,Restaurant,Bakery,87,79,8,3.0,17.3,79.0,No,Hot,2,Expired,No,Medium
INV004206,2025-07-09,Cafeteria,Meat,63,63,0,4.0,2.4,82.0,No,Cloudy,0,No Waste,,Low
INV004207,2025-07-09,Cafeteria,Fruits,76,55,21,8.0,6.6,55.0,No,Rainy,4,Low Demand,No,Medium
INV004208,2025-07-09,Cloud Kitchen,Prepared Food,128,86,42,1.0,22.0,86.0,No,Sunny,18,Expired,No,High
INV004209,2025-07-09,Restaurant,Prepared Food,85,75,10,2.0,23.2,75.0,No,Cloudy,3,Expired,No,Medium
INV004210,2025-07-09,Supermarket,Bakery,222,164,58,3.0,25.4,164.0,No,Cloudy,16,Expired,No,Low
INV004211,2025-07-09,Restaurant,Fruits,121,97,24,3.0,8.2,97.0,No,Sunny,4,Expired,No,High
INV004212,2025-07-10,Cloud Kitchen,Bakery,95,66,29,,23.7,66.0,No,Rainy,6,Expired,,Medium
INV004213,2025-07-10,Supermarket,Prepared Food,178,107,71,,15.3,107.0,No,Rainy,20,Overproduction,Yes,High
INV004214,2025-07-10,Cafeteria,Fruits,87,55,32,1.0,11.6,55.0,No,Hot,13,Expired,No,High
INV004215,2025-07-10,Cafeteria,Bakery,86,75,11,1.0,16.8,75.0,No,Sunny,3,Expired,,Medium
INV004216,2025-07-10,Restaurant,Meat,86,68,18,9.0,0.5,68.0,No,Cloudy,1,Low Demand,No,Low
INV004217,2025-07-10,Supermarket,Vegetables,180,99,81,5.0,5.9,99.0,No,Rainy,17,Overproduction,Yes,High
INV004218,2025-07-10,Restaurant,Bakery,109,108,1,2.0,27.6,108.0,Yes,Sunny,0,No Waste,No,Low
INV004219,2025-07-10,Supermarket,Vegetables,155,155,0,5.0,5.4,169.0,No,Sunny,0,No Waste,No,Low
INV004220,2025-07-10,Supermarket,Prepared Food,173,125,48,1.0,19.1,125.0,No,Sunny,19,Expired,No,High
INV004221,2025-07-10,Cafeteria,Bakery,87,62,25,4.0,,62.0,Yes,Cloudy,3,Low Demand,No,Medium
INV004222,2025-07-10,Supermarket,Vegetables,157,123,34,7.0,9.8,123.0,Yes,Rainy,8,Storage Issue,No,Medium
INV004223,2025-07-10,Cloud Kitchen,Meat,113,77,36,1.0,1.7,77.0,No,Cloudy,15,Expired,No,High
INV004224,2025-07-10,Restaurant,Dairy,66,66,0,8.0,4.6,82.0,No,Cloudy,0,No Waste,No,Low
INV004225,2025-07-10,Restaurant,Fruits,107,83,24,5.0,7.5,83.0,No,Sunny,4,Low Demand,No,Medium
INV004226,2025-07-10,Restaurant,Dairy,65,65,0,4.0,4.4,95.0,No,Sunny,0,No Waste,No,Low
INV004227,2025-07-10,Cafeteria,Meat,42,42,0,4.0,0.3,60.0,No,Cloudy,0,No Waste,No,Low
INV004228,2025-07-10,Restaurant,Prepared Food,103,95,8,2.0,25.2,95.0,Yes,Hot,2,Storage Issue,No,Low
INV004229,2025-07-10,Supermarket,Dairy,188,141,47,13.0,2.4,141.0,No,,12,Overproduction,No,Medium
INV004230,2025-07-10,Restaurant,Meat,108,81,27,5.0,3.5,81.0,Yes,Cloudy,5,Low Demand,,Medium
INV004231,2025-07-10,Cafeteria,Dairy,403,67,336,3.0,5.2,67.0,Yes,Sunny,142,Overproduction,Yes,High
INV004232,2025-07-10,Restaurant,Fruits,81,81,0,7.0,8.8,,No,Sunny,0,No Waste,No,Low
INV004233,2025-07-10,Cafeteria,Dairy,58,56,2,9.0,4.8,56.0,No,Sunny,0,No Waste,No,Low
INV004234,2025-07-10,Supermarket,Prepared Food,186,154,32,2.0,11.7,154.0,No,Cloudy,6,Expired,No,Medium
INV004235,2025-07-11,Cloud Kitchen,Fruits,143,143,0,1.0,10.4,157.0,Yes,Cloudy,0,No Waste,No,Low
INV004236,2025-07-11,Supermarket,Prepared Food,106,106,0,2.0,20.8,112.0,No,Cloudy,0,No Waste,No,Low
INV004237,2025-07-11,Restaurant,Meat,98,67,31,2.0,-1.8,67.0,No,Sunny,9,Low Demand,No,High
INV004238,2025-07-11,Cloud Kitchen,Fruits,95,86,9,4.0,7.0,86.0,No,Cloudy,1,Expired,No,Low
INV004239,2025-07-11,Restaurant,Prepared Food,99,78,21,,17.1,78.0,No,Hot,5,Expired,No,Medium
INV004240,2025-07-11,Restaurant,Prepared Food,87,87,0,2.0,17.6,88.0,No,Sunny,0,No Waste,No,Low
INV004241,2025-07-11,Supermarket,Meat,136,136,0,5.0,3.9,202.0,Yes,Cloudy,0,No Waste,No,Low
INV004242,2025-07-11,Supermarket,Vegetables,160,160,0,5.0,6.3,172.0,No,Cloudy,0,No Waste,,Low
INV004243,2025-07-11,Cloud Kitchen,Fruits,96,96,0,3.0,2.6,101.0,No,Sunny,0,No Waste,No,Low
INV004244,2025-07-11,Restaurant,Dairy,104,104,0,5.0,2.6,117.0,No,Hot,0,No Waste,No,Low
INV004245,2025-07-11,Supermarket,Bakery,149,100,49,4.0,24.3,100.0,No,Cloudy,12,Overproduction,Yes,Medium
INV004246,2025-07-11,Restaurant,Dairy,110,76,34,9.0,3.8,76.0,No,Sunny,4,Overproduction,No,Medium
INV004247,2025-07-11,Cloud Kitchen,Meat,147,116,31,4.0,1.0,116.0,Yes,Cloudy,5,Low Demand,No,Medium
INV004248,2025-07-11,Supermarket,Bakery,170,135,35,3.0,17.6,135.0,No,Hot,5,Expired,No,Medium
INV004249,2025-07-11,Cafeteria,Prepared Food,76,66,10,1.0,19.5,66.0,No,Sunny,3,Expired,No,Medium
INV004250,2025-07-11,Supermarket,Prepared Food,189,178,11,2.0,23.4,178.0,No,Sunny,3,Expired,,Low
INV004251,2025-07-11,Cafeteria,Fruits,62,62,0,4.0,7.8,67.0,No,Sunny,0,No Waste,No,Low
INV004252,2025-07-11,Supermarket,Fruits,154,154,0,2.0,6.2,155.0,No,Sunny,0,No Waste,No,Low
INV004253,2025-07-11,Restaurant,Fruits,91,65,26,4.0,9.5,65.0,No,Cloudy,5,Overproduction,No,Medium
INV004254,2025-07-11,Cafeteria,Prepared Food,57,49,8,2.0,24.0,49.0,No,Cloudy,2,Expired,No,Medium
INV004255,2025-07-11,Restaurant,Fruits,89,89,0,9.0,10.7,94.0,No,Sunny,0,No Waste,No,Low
INV004256,2025-07-11,Supermarket,Vegetables,144,144,0,9.0,8.6,149.0,No,Sunny,0,No Waste,No,Low
INV004257,2025-07-11,Cafeteria,Fruits,72,70,2,7.0,9.9,70.0,No,Sunny,0,No Waste,No,Low
INV004258,2025-07-11,Supermarket,Prepared Food,130,130,0,1.0,24.5,149.0,No,Hot,0,No Waste,No,Low
INV004259,2025-07-11,Restaurant,Fruits,79,78,1,6.0,10.0,78.0,No,Hot,0,No Waste,No,Low
INV004260,2025-07-12,Cloud Kitchen,Bakery,84,78,6,3.0,21.9,78.0,No,Cloudy,1,Low Demand,No,Low
INV004261,2025-07-12,Cloud Kitchen,Vegetables,132,84,48,8.0,7.6,84.0,No,Cloudy,6,Overproduction,No,Medium
INV004262,2025-07-12,Supermarket,Dairy,152,152,0,5.0,3.9,182.0,No,Sunny,0,No Waste,No,Low
INV004263,2025-07-12,Supermarket,Meat,169,132,37,4.0,1.4,132.0,Yes,Rainy,6,Expired,No,Medium
INV004264,2025-07-12,Supermarket,Dairy,154,105,49,7.0,4.2,105.0,No,Sunny,9,Overproduction,Yes,Medium
INV004265,2025-07-12,Supermarket,Fruits,176,176,0,1.0,11.5,178.0,No,Hot,0,No Waste,No,Low
INV004266,2025-07-12,Cloud Kitchen,Bakery,123,81,42,4.0,21.9,81.0,No,Cloudy,8,Overproduction,No,Medium
INV004267,2025-07-12,Supermarket,Bakery,173,150,23,3.0,21.5,150.0,No,Sunny,4,Expired,No,Medium
INV004268,2025-07-12,Restaurant,Meat,92,76,16,6.0,6.1,76.0,No,Cloudy,3,Low Demand,No,Medium
INV004269,2025-07-12,Cloud Kitchen,Meat,90,70,20,3.0,-0.7,70.0,No,Rainy,3,Low Demand,No,Medium
INV004270,2025-07-12,Restaurant,Bakery,84,84,0,4.0,22.8,85.0,No,Cloudy,0,No Waste,No,Low
INV004271,2025-07-12,Restaurant,Meat,104,72,32,3.0,7.0,72.0,No,Sunny,11,Storage Issue,No,High
INV004272,2025-07-12,Supermarket,Meat,110,110,0,4.0,2.1,110.0,No,Rainy,0,No Waste,No,Low
INV004273,2025-07-12,Restaurant,Fruits,61,61,0,,8.9,75.0,No,Cloudy,0,No Waste,No,Low
INV004274,2025-07-12,Restaurant,Bakery,58,58,0,5.0,25.0,81.0,No,Sunny,0,No Waste,No,Low
INV004275,2025-07-12,Cafeteria,Meat,62,62,0,4.0,2.0,69.0,No,Sunny,0,No Waste,No,Low
INV004276,2025-07-12,Supermarket,Prepared Food,141,140,1,1.0,12.4,140.0,No,Sunny,0,No Waste,No,Low
INV004277,2025-07-12,Restaurant,Dairy,91,82,9,3.0,5.9,82.0,No,Hot,1,Expired,No,Low
INV004278,2025-07-12,Restaurant,Fruits,107,54,53,4.0,8.8,54.0,No,Rainy,13,Overproduction,Yes,High
INV004279,2025-07-12,Cloud Kitchen,Dairy,109,109,0,8.0,-0.8,150.0,No,Hot,0,No Waste,No,Low
INV004280,2025-07-12,Cloud Kitchen,Prepared Food,100,100,0,1.0,25.4,118.0,No,Cloudy,0,No Waste,No,Low
INV004281,2025-07-13,Supermarket,Meat,144,137,7,3.0,2.3,137.0,No,Sunny,1,Expired,No,Low
INV004282,2025-07-13,Restaurant,Dairy,82,82,0,3.0,2.2,95.0,Yes,Hot,0,No Waste,No,Low
INV004283,2025-07-13,Cafeteria,Prepared Food,80,71,9,2.0,19.2,71.0,Yes,,3,Low Demand,No,Medium
INV004284,2025-07-13,Restaurant,Vegetables,123,107,16,8.0,6.7,107.0,Yes,,1,Low Demand,No,Low
INV004285,2025-07-13,Supermarket,Vegetables,188,188,0,6.0,7.6,275.0,Yes,Hot,0,No Waste,No,Low
INV004286,2025-07-13,Restaurant,Prepared Food,111,61,50,3.0,24.4,61.0,No,Rainy,19,Overproduction,No,High
INV004287,2025-07-13,Supermarket,Fruits,182,139,43,,7.7,139.0,No,Hot,3,Overproduction,Yes,Low
INV004288,2025-07-13,Restaurant,Bakery,99,80,19,3.0,31.3,80.0,No,Hot,6,Storage Issue,No,Medium
INV004289,2025-07-13,Supermarket,Vegetables,187,157,30,2.0,0.4,157.0,No,Sunny,6,Expired,No,Medium
INV004290,2025-07-13,Cafeteria,Meat,81,81,0,3.0,3.7,89.0,Yes,Hot,0,No Waste,No,Low
INV004291,2025-07-13,Restaurant,Meat,93,69,24,6.0,0.3,69.0,No,Cloudy,5,Overproduction,No,Medium
INV004292,2025-07-13,Restaurant,Fruits,109,109,0,5.0,4.5,137.0,Yes,Sunny,0,No Waste,No,Low
INV004293,2025-07-13,Supermarket,Bakery,155,105,50,3.0,25.4,105.0,No,Cloudy,16,Expired,No,High
INV004294,2025-07-13,Supermarket,Fruits,139,139,0,2.0,8.3,146.0,No,Rainy,0,No Waste,No,Low
INV004295,2025-07-13,Cafeteria,Prepared Food,71,51,20,1.0,16.4,,No,Rainy,8,Expired,No,High
INV004296,2025-07-13,Cloud Kitchen,Dairy,92,92,0,,4.1,140.0,No,Sunny,0,No Waste,No,Low
INV004297,2025-07-14,Cafeteria,Meat,72,54,18,5.0,-0.6,54.0,No,Sunny,2,Low Demand,No,Medium
INV004298,2025-07-14,Cafeteria,Prepared Food,72,59,13,,28.9,59.0,No,Cloudy,5,Storage Issue,No,Medium
INV004299,2025-07-14,Cloud Kitchen,Dairy,114,109,5,9.0,2.5,109.0,No,Cloudy,1,Low Demand,No,Low
INV004300,2025-07-14,Restaurant,Meat,112,48,64,1.0,4.3,48.0,No,Rainy,27,Overproduction,Yes,High
INV004301,2025-07-14,Cloud Kitchen,Prepared Food,108,76,32,2.0,23.4,76.0,No,Rainy,11,Expired,No,High
INV004302,2025-07-14,Supermarket,Vegetables,225,166,59,3.0,2.5,166.0,Yes,Cloudy,17,Expired,No,Medium
INV004303,2025-07-14,Supermarket,Prepared Food,187,138,49,1.0,23.1,138.0,No,Cloudy,16,Expired,No,Medium
INV004304,2025-07-14,Supermarket,Fruits,150,128,22,8.0,10.1,128.0,No,Cloudy,3,Low Demand,No,Low
INV004305,2025-07-14,Restaurant,Dairy,87,87,0,6.0,6.0,88.0,No,Sunny,0,No Waste,No,Low
INV004306,2025-07-14,Restaurant,Vegetables,100,73,27,4.0,6.7,73.0,Yes,Rainy,6,Low Demand,No,Medium
INV004307,2025-07-14,Cafeteria,Prepared Food,89,64,25,1.0,23.1,64.0,No,Cloudy,11,Expired,No,High
INV004308,2025-07-14,Restaurant,Vegetables,59,59,0,4.0,6.5,85.0,No,Sunny,0,No Waste,No,Low
INV004309,2025-07-14,Restaurant,Prepared Food,73,73,0,1.0,24.9,79.0,No,Sunny,0,No Waste,No,Low
INV004310,2025-07-14,Restaurant,Prepared Food,95,78,17,2.0,15.7,78.0,No,Sunny,3,Low Demand,No,Medium
INV004311,2025-07-14,Cafeteria,Bakery,79,79,0,4.0,20.6,124.0,Yes,,0,No Waste,No,Low
INV004312,2025-07-14,Supermarket,Prepared Food,152,114,38,2.0,18.8,114.0,No,Cloudy,12,Expired,No,Medium
INV004313,2025-07-14,Cafeteria,Fruits,56,56,0,4.0,4.8,61.0,No,Cloudy,0,No Waste,,Low
INV004314,2025-07-14,Restaurant,Vegetables,80,79,1,9.0,8.8,79.0,No,Hot,0,No Waste,No,Low
INV004315,2025-07-14,Cloud Kitchen,Fruits,100,75,25,5.0,5.5,75.0,No,Sunny,3,Low Demand,No,Medium
INV004316,2025-07-14,Restaurant,Fruits,78,71,7,7.0,7.5,71.0,No,Rainy,1,Low Demand,No,Low
INV004317,2025-07-14,Cafeteria,Bakery,77,65,12,5.0,27.3,65.0,No,Sunny,3,Storage Issue,,Medium
INV004318,2025-07-14,Cloud Kitchen,Fruits,114,95,19,4.0,5.4,95.0,No,Sunny,3,Low Demand,No,Medium
INV004319,2025-07-14,Supermarket,Fruits,209,97,112,5.0,7.2,97.0,No,Rainy,33,Overproduction,Yes,High
INV004320,2025-07-14,Supermarket,Fruits,265,192,73,5.0,10.0,192.0,Yes,Cloudy,14,Overproduction,No,Medium
INV004321,2025-07-14,Cloud Kitchen,Fruits,131,94,37,8.0,10.4,94.0,No,Cloudy,10,Overproduction,Yes,Medium
INV004322,2025-07-14,Supermarket,Dairy,454,136,318,7.0,5.5,136.0,No,Sunny,92,Overproduction,Yes,High
INV004323,2025-07-14,Restaurant,Meat,99,95,4,6.0,-0.8,95.0,No,Hot,1,Low Demand,No,Low
INV004324,2025-07-14,Supermarket,Prepared Food,197,146,51,2.0,22.4,146.0,No,Sunny,14,Expired,No,Medium
INV004325,2025-07-14,Cloud Kitchen,Vegetables,97,97,0,6.0,0.8,103.0,No,Hot,0,No Waste,No,Low
INV004326,2025-07-14,Cafeteria,Fruits,64,51,13,4.0,2.6,51.0,No,Cloudy,2,Low Demand,No,Medium
INV004327,2025-07-14,Restaurant,Bakery,77,77,0,4.0,19.2,88.0,No,Hot,0,No Waste,No,Low
INV004328,2025-07-15,Cloud Kitchen,Bakery,126,76,50,1.0,24.9,,No,Sunny,23,Expired,No,High
INV004329,2025-07-15,Supermarket,Prepared Food,134,134,0,2.0,21.2,153.0,No,Cloudy,0,No Waste,No,Low
INV004330,2025-07-15,Cloud Kitchen,Fruits,98,86,12,9.0,2.6,86.0,No,Rainy,2,Low Demand,No,Low
INV004331,2025-07-15,Restaurant,Bakery,72,72,0,4.0,20.4,85.0,No,Hot,0,No Waste,No,Low
INV004332,2025-07-15,Restaurant,Dairy,116,107,9,5.0,4.2,107.0,No,Sunny,2,Low Demand,No,Low
INV004333,2025-07-15,Supermarket,Prepared Food,190,154,36,1.0,26.2,154.0,No,Sunny,16,Expired,No,Medium
INV004334,2025-07-15,Cloud Kitchen,Dairy,111,70,41,4.0,0.4,70.0,No,Rainy,9,Overproduction,No,Medium
INV004335,2025-07-15,Restaurant,Prepared Food,93,67,26,1.0,10.9,67.0,No,Cloudy,9,Expired,No,High
INV004336,2025-07-15,Cafeteria,Prepared Food,57,57,0,1.0,13.3,87.0,Yes,Hot,0,No Waste,No,Low
INV004337,2025-07-15,Cloud Kitchen,Dairy,136,123,13,4.0,2.9,,Yes,Sunny,2,Low Demand,No,Low
INV004338,2025-07-15,Cafeteria,Fruits,69,51,18,6.0,12.2,51.0,No,Cloudy,4,Low Demand,No,Medium
INV004339,2025-07-15,Restaurant,Prepared Food,80,80,0,3.0,15.5,87.0,No,Sunny,0,No Waste,No,Low
INV004340,2025-07-15,Cafeteria,Prepared Food,77,64,13,1.0,26.8,64.0,Yes,Rainy,5,Expired,No,Medium
INV004341,2025-07-15,Restaurant,Fruits,82,82,0,5.0,8.4,85.0,No,Sunny,0,No Waste,No,Low
INV004342,2025-07-15,Cafeteria,Prepared Food,83,47,36,2.0,21.6,47.0,No,Sunny,14,Overproduction,Yes,High
INV004343,2025-07-15,Restaurant,Meat,79,79,0,1.0,-0.7,107.0,No,,0,No Waste,No,Low
INV004344,2025-07-15,Supermarket,Meat,151,127,24,3.0,1.0,127.0,No,Sunny,3,Expired,No,Low
INV004345,2025-07-15,Cafeteria,Bakery,41,33,8,2.0,30.1,33.0,No,Rainy,3,Low Demand,No,Low
INV004346,2025-07-15,Cafeteria,Dairy,99,85,14,11.0,3.2,85.0,Yes,Sunny,2,Low Demand,No,Low
INV004347,2025-07-15,Restaurant,Dairy,92,62,30,6.0,3.2,62.0,No,Rainy,6,Low Demand,No,Medium
INV004348,2025-07-15,Restaurant,Vegetables,123,82,41,2.0,5.3,82.0,No,Sunny,13,Overproduction,Yes,High
INV004349,2025-07-15,Cafeteria,Meat,98,67,31,4.0,4.4,67.0,Yes,Cloudy,7,Low Demand,No,Medium
INV004350,2025-07-15,Restaurant,Fruits,65,65,0,2.0,8.1,77.0,No,Hot,0,No Waste,No,Low
INV004351,2025-07-15,Supermarket,Vegetables,191,108,83,6.0,5.1,108.0,No,Sunny,14,Overproduction,No,Low
INV004352,2025-07-15,Supermarket,Vegetables,538,146,392,5.0,7.9,146.0,No,Sunny,136,Overproduction,Yes,High
INV004353,2025-07-15,Cafeteria,Vegetables,63,63,0,6.0,5.4,72.0,No,Sunny,0,No Waste,No,Low
INV004354,2025-07-16,Restaurant,Bakery,60,60,0,5.0,16.3,77.0,No,Sunny,0,No Waste,No,Low
INV004355,2025-07-16,Cloud Kitchen,Vegetables,106,104,2,8.0,8.9,104.0,No,Cloudy,0,No Waste,No,Medium
INV004356,2025-07-16,Cloud Kitchen,Bakery,107,74,33,4.0,18.4,74.0,No,Rainy,7,Overproduction,No,Low
INV004357,2025-07-16,Cloud Kitchen,Meat,157,82,75,6.0,3.6,82.0,No,Rainy,25,Overproduction,Yes,High
INV004358,2025-07-16,Cafeteria,Fruits,61,47,14,3.0,10.9,47.0,No,Sunny,4,Low Demand,No,Medium
INV004359,2025-07-16,Cloud Kitchen,Meat,108,108,0,3.0,-0.2,115.0,Yes,Cloudy,0,No Waste,No,Low
INV004360,2025-07-16,Cloud Kitchen,Meat,106,75,31,5.0,0.2,75.0,No,Rainy,5,Low Demand,,Medium
INV004361,2025-07-16,Supermarket,Dairy,145,145,0,,2.9,155.0,No,Cloudy,0,No Waste,No,Low
INV004362,2025-07-16,Cafeteria,Meat,60,53,7,4.0,1.6,53.0,No,Cloudy,0,No Waste,No,Low
INV004363,2025-07-16,Cafeteria,Prepared Food,71,71,0,2.0,21.9,82.0,No,Sunny,0,No Waste,,Low
INV004364,2025-07-16,Cafeteria,Fruits,68,68,0,3.0,9.1,75.0,Yes,Sunny,0,No Waste,No,Low
INV004365,2025-07-16,Restaurant,Meat,106,83,23,5.0,4.9,83.0,No,Hot,4,Overproduction,No,Medium
INV004366,2025-07-16,Cloud Kitchen,Dairy,111,82,29,12.0,3.2,82.0,No,Cloudy,2,Overproduction,No,Low
INV004367,2025-07-16,Restaurant,Fruits,91,82,9,4.0,7.6,82.0,No,Hot,1,Low Demand,No,Low
INV004368,2025-07-16,Supermarket,Bakery,257,240,17,2.0,16.5,240.0,Yes,Sunny,4,Expired,No,Low
INV004369,2025-07-16,Supermarket,Meat,147,144,3,5.0,0.2,144.0,No,Hot,0,No Waste,No,Low
INV004370,2025-07-16,Restaurant,Bakery,82,76,6,4.0,24.9,76.0,No,Sunny,1,Low Demand,No,Low
INV004371,2025-07-16,Cafeteria,Dairy,63,63,0,,0.7,65.0,No,Cloudy,0,No Waste,No,Low
INV004372,2025-07-16,Cafeteria,Fruits,70,69,1,6.0,5.0,69.0,Yes,Cloudy,0,No Waste,No,Low
INV004373,2025-07-16,Cloud Kitchen,Meat,89,89,0,4.0,5.6,92.0,No,Sunny,0,No Waste,No,Low
INV004374,2025-07-16,Cloud Kitchen,Bakery,119,64,55,3.0,17.2,,No,Rainy,17,Overproduction,Yes,High
INV004375,2025-07-16,Cafeteria,Fruits,69,66,3,6.0,7.3,66.0,No,Hot,0,No Waste,No,Low
INV004376,2025-07-16,Restaurant,Fruits,75,72,3,5.0,12.6,72.0,No,Cloudy,1,Low Demand,No,Low
INV004377,2025-07-17,Restaurant,Dairy,72,72,0,7.0,5.0,79.0,No,Cloudy,0,No Waste,No,Low
INV004378,2025-07-17,Cloud Kitchen,Meat,121,121,0,6.0,1.8,127.0,No,Sunny,0,No Waste,No,Low
INV004379,2025-07-17,Supermarket,Prepared Food,161,148,13,2.0,14.5,148.0,No,Sunny,2,Expired,No,Low
INV004380,2025-07-17,Supermarket,Fruits,202,168,34,9.0,8.0,168.0,No,Sunny,4,Expired,No,Low
INV004381,2025-07-17,Cafeteria,Vegetables,75,71,4,6.0,8.2,71.0,Yes,Sunny,0,No Waste,No,Low
INV004382,2025-07-17,Cafeteria,Fruits,66,55,11,4.0,9.7,55.0,Yes,Rainy,2,Low Demand,No,Medium
INV004383,2025-07-17,Cloud Kitchen,Meat,98,98,0,3.0,4.0,137.0,Yes,Sunny,0,No Waste,No,Low
INV004384,2025-07-17,Restaurant,Prepared Food,74,51,23,1.0,27.1,51.0,No,Rainy,10,Expired,,High
INV004385,2025-07-17,Restaurant,Fruits,92,92,0,4.0,7.6,113.0,Yes,Sunny,0,No Waste,No,Low
INV004386,2025-07-17,Restaurant,Prepared Food,108,78,30,2.0,14.4,78.0,No,Cloudy,10,Expired,No,High
INV004387,2025-07-17,Cloud Kitchen,Dairy,138,83,55,10.0,6.1,83.0,No,Hot,10,Overproduction,Yes,Medium
INV004388,2025-07-17,Cloud Kitchen,Bakery,177,101,76,3.0,22.3,101.0,No,Sunny,23,Overproduction,Yes,High
INV004389,2025-07-17,Cloud Kitchen,Vegetables,109,109,0,6.0,7.7,127.0,No,Hot,0,No Waste,No,Low
INV004390,2025-07-17,Supermarket,Prepared Food,190,190,0,2.0,10.0,199.0,Yes,Cloudy,0,No Waste,No,Low
INV004391,2025-07-17,Cloud Kitchen,Prepared Food,99,88,11,1.0,,88.0,No,Sunny,4,Expired,No,Medium
INV004392,2025-07-17,Restaurant,Vegetables,80,65,15,2.0,8.1,65.0,No,Rainy,4,Expired,No,Medium
INV004393,2025-07-17,Restaurant,Prepared Food,93,82,11,2.0,25.1,82.0,No,Rainy,4,Expired,No,Medium
INV004394,2025-07-17,Restaurant,Prepared Food,86,85,1,2.0,15.4,85.0,No,Sunny,0,No Waste,No,Low
INV004395,2025-07-17,Restaurant,Fruits,62,62,0,5.0,7.6,126.0,Yes,Hot,0,No Waste,No,Low
INV004396,2025-07-17,Cafeteria,Prepared Food,239,54,185,1.0,20.4,54.0,No,Rainy,93,Overproduction,Yes,High
INV004397,2025-07-17,Restaurant,Fruits,97,66,31,7.0,6.0,66.0,No,Rainy,4,Overproduction,No,Medium
INV004398,2025-07-17,Cloud Kitchen,Dairy,71,71,0,9.0,5.9,105.0,No,Hot,0,No Waste,No,Low
INV004399,2025-07-18,Supermarket,Fruits,181,114,67,6.0,12.1,114.0,No,Cloudy,15,Overproduction,Yes,Medium
INV004400,2025-07-18,Cloud Kitchen,Dairy,117,117,0,2.0,3.3,129.0,No,Sunny,0,No Waste,No,Low
INV004401,2025-07-18,Supermarket,Vegetables,198,192,6,5.0,5.6,192.0,No,Sunny,1,Expired,No,Low
INV004402,2025-07-18,Restaurant,Fruits,97,97,0,7.0,3.5,134.0,Yes,Sunny,0,No Waste,No,Low
INV004403,2025-07-18,Supermarket,Fruits,148,107,41,4.0,7.6,107.0,No,Cloudy,6,Overproduction,No,Medium
INV004404,2025-07-18,Cloud Kitchen,Meat,127,112,15,9.0,-1.6,112.0,Yes,Cloudy,2,Low Demand,No,Low
INV004405,2025-07-18,Cafeteria,Dairy,65,65,0,6.0,8.2,68.0,No,Hot,0,No Waste,No,Low
INV004406,2025-07-18,Restaurant,Vegetables,125,125,0,4.0,9.0,150.0,Yes,Sunny,0,No Waste,No,Low
INV004407,2025-07-18,Cafeteria,Vegetables,69,69,0,4.0,4.4,71.0,No,Hot,0,No Waste,No,Low
INV004408,2025-07-18,Restaurant,Fruits,97,87,10,2.0,7.3,87.0,No,Cloudy,2,Expired,No,Medium
INV004409,2025-07-18,Cloud Kitchen,Dairy,123,100,23,,5.7,100.0,No,Cloudy,8,Expired,No,Medium
INV004410,2025-07-18,Cafeteria,Vegetables,73,33,40,8.0,2.2,33.0,No,Rainy,8,Overproduction,Yes,High
INV004411,2025-07-18,Restaurant,Bakery,78,37,41,4.0,26.2,37.0,No,Rainy,18,Overproduction,Yes,High
INV004412,2025-07-18,Restaurant,Vegetables,71,71,0,5.0,6.5,82.0,No,Cloudy,0,No Waste,No,Low
INV004413,2025-07-18,Cloud Kitchen,Bakery,110,110,0,2.0,27.7,124.0,No,Sunny,0,No Waste,No,Low
INV004414,2025-07-18,Restaurant,Prepared Food,115,78,37,2.0,19.0,78.0,No,Hot,11,Overproduction,No,High
INV004415,2025-07-18,Cafeteria,Meat,79,79,0,5.0,3.7,93.0,No,Hot,0,No Waste,No,Low
INV004416,2025-07-18,Supermarket,Dairy,192,158,34,7.0,1.4,158.0,No,Sunny,2,Overproduction,Yes,Low
INV004417,2025-07-18,Restaurant,Bakery,98,98,0,3.0,20.8,105.0,Yes,Cloudy,0,No Waste,,Low
INV004418,2025-07-18,Restaurant,Prepared Food,102,57,45,3.0,19.8,57.0,No,Rainy,12,Overproduction,No,High
INV004419,2025-07-18,Supermarket,Prepared Food,151,151,0,1.0,21.3,183.0,No,Hot,0,No Waste,No,Low
INV004420,2025-07-18,Restaurant,Prepared Food,101,82,19,2.0,20.4,82.0,No,Sunny,4,Expired,No,Medium
INV004421,2025-07-18,Supermarket,Fruits,230,88,142,10.0,13.5,88.0,No,Rainy,48,Overproduction,No,High
INV004422,2025-07-18,Cafeteria,Meat,65,65,0,2.0,2.4,82.0,No,Sunny,0,No Waste,No,Low
INV004423,2025-07-18,Restaurant,Bakery,86,58,28,3.0,19.6,58.0,No,Rainy,5,Low Demand,No,Medium
INV004424,2025-07-18,Restaurant,Vegetables,111,83,28,3.0,7.3,83.0,No,Cloudy,7,Overproduction,No,Medium
INV004425,2025-07-18,Cafeteria,Meat,62,56,6,5.0,,56.0,Yes,Rainy,1,Low Demand,No,Low
INV004426,2025-07-18,Restaurant,Fruits,63,63,0,7.0,4.6,72.0,No,Cloudy,0,No Waste,No,Low
INV004427,2025-07-19,Restaurant,Dairy,85,85,0,7.0,2.5,91.0,No,Cloudy,0,No Waste,No,Low
INV004428,2025-07-19,Cloud Kitchen,Fruits,118,86,32,4.0,8.8,86.0,No,Sunny,7,Expired,No,Medium
INV004429,2025-07-19,Cafeteria,Bakery,61,61,0,5.0,21.4,63.0,No,Cloudy,0,No Waste,No,Low
INV004430,2025-07-19,Restaurant,Bakery,104,78,26,5.0,22.4,78.0,No,Cloudy,5,Low Demand,No,Medium
INV004431,2025-07-19,Restaurant,Vegetables,87,76,11,5.0,5.6,76.0,No,Cloudy,2,Expired,No,Medium
INV004432,2025-07-19,Restaurant,Fruits,111,85,26,6.0,9.1,85.0,No,Sunny,3,Low Demand,No,Medium
INV004433,2025-07-19,Supermarket,Vegetables,160,160,0,6.0,7.3,217.0,Yes,Sunny,0,No Waste,No,Low
INV004434,2025-07-19,Cloud Kitchen,Fruits,115,101,14,7.0,4.5,101.0,No,Sunny,2,Low Demand,No,Low
INV004435,2025-07-19,Supermarket,Prepared Food,208,142,66,2.0,21.5,142.0,No,Cloudy,16,Overproduction,Yes,Medium
INV004436,2025-07-19,Restaurant,Fruits,104,95,9,4.0,2.0,95.0,No,Sunny,1,Low Demand,Yes,Low
INV004437,2025-07-19,Cafeteria,Meat,69,67,2,7.0,3.2,67.0,No,Hot,0,No Waste,No,Low
INV004438,2025-07-19,Restaurant,Dairy,99,99,0,9.0,5.4,118.0,Yes,Cloudy,0,No Waste,No,Low
INV004439,2025-07-19,Supermarket,Dairy,130,130,0,7.0,5.1,165.0,No,Cloudy,0,No Waste,No,Low
INV004440,2025-07-19,Cloud Kitchen,Prepared Food,87,87,0,1.0,17.6,90.0,No,Hot,0,No Waste,No,Low
INV004441,2025-07-19,Restaurant,Vegetables,102,59,43,5.0,6.6,59.0,No,Cloudy,12,Overproduction,Yes,High
INV004442,2025-07-19,Restaurant,Vegetables,95,95,0,9.0,6.4,104.0,Yes,Cloudy,0,No Waste,No,Low
INV004443,2025-07-19,Supermarket,Dairy,167,133,34,6.0,3.6,,No,Cloudy,5,Overproduction,No,Medium
INV004444,2025-07-19,Cafeteria,Dairy,85,49,36,9.0,1.3,49.0,No,Cloudy,5,Overproduction,,Medium
INV004445,2025-07-19,Restaurant,Bakery,72,72,0,2.0,17.2,82.0,No,Sunny,0,No Waste,No,Low
INV004446,2025-07-19,Cafeteria,Meat,77,58,19,5.0,3.7,58.0,No,Sunny,4,Low Demand,No,Medium
INV004447,2025-07-19,Cloud Kitchen,Bakery,82,82,0,3.0,22.3,115.0,Yes,Cloudy,0,No Waste,No,Low
INV004448,2025-07-20,Restaurant,Bakery,98,59,39,1.0,22.5,59.0,No,Rainy,17,Expired,No,High
INV004449,2025-07-20,Restaurant,Prepared Food,85,85,0,1.0,31.2,88.0,No,Sunny,0,No Waste,No,Low
INV004450,2025-07-20,Restaurant,Prepared Food,91,89,2,1.0,18.3,89.0,No,Hot,0,No Waste,No,Low
INV004451,2025-07-20,Cloud Kitchen,Fruits,96,96,0,1.0,5.6,96.0,No,Sunny,0,No Waste,No,Low
INV004452,2025-07-20,Supermarket,Fruits,207,167,40,4.0,6.3,167.0,No,Hot,5,Expired,No,Medium
INV004453,2025-07-20,Supermarket,Dairy,173,92,81,8.0,-1.6,92.0,No,Rainy,20,Overproduction,Yes,High
INV004454,2025-07-20,Supermarket,Dairy,171,127,44,8.0,4.8,127.0,No,Sunny,6,Overproduction,No,Medium
INV004455,2025-07-20,Supermarket,Meat,198,158,40,3.0,-0.3,158.0,No,Cloudy,9,Expired,No,Medium
INV004456,2025-07-20,Restaurant,Prepared Food,85,85,0,2.0,24.6,87.0,No,Sunny,0,No Waste,No,Low
INV004457,2025-07-20,Supermarket,Fruits,161,161,0,7.0,8.2,168.0,No,Sunny,0,No Waste,No,Low
INV004458,2025-07-20,Cafeteria,Prepared Food,79,58,21,1.0,28.3,58.0,Yes,Cloudy,9,Storage Issue,No,High
INV004459,2025-07-20,Supermarket,Dairy,223,183,40,3.0,9.0,183.0,Yes,Hot,10,Storage Issue,Yes,Medium
INV004460,2025-07-20,Restaurant,Fruits,97,73,24,4.0,-2.8,73.0,No,Cloudy,6,Low Demand,No,Medium
INV004461,2025-07-20,Restaurant,Fruits,85,62,23,5.0,12.7,62.0,Yes,Rainy,6,Low Demand,No,Medium
INV004462,2025-07-20,Cloud Kitchen,Prepared Food,97,97,0,2.0,15.9,104.0,No,Sunny,0,No Waste,No,Low
INV004463,2025-07-20,Cafeteria,Fruits,76,61,15,4.0,9.3,61.0,No,Cloudy,2,Low Demand,No,Medium
INV004464,2025-07-20,Restaurant,Dairy,108,90,18,2.0,4.2,90.0,Yes,Cloudy,4,Expired,No,Medium
INV004465,2025-07-20,Cloud Kitchen,Fruits,99,99,0,5.0,6.7,124.0,No,Cloudy,0,No Waste,No,Low
INV004466,2025-07-21,Supermarket,Bakery,146,146,0,3.0,22.3,185.0,No,Sunny,0,No Waste,No,Low
INV004467,2025-07-21,Cafeteria,Fruits,100,85,15,6.0,4.5,85.0,Yes,Sunny,2,Low Demand,No,Low
INV004468,2025-07-21,Restaurant,Dairy,92,80,12,6.0,4.3,80.0,No,Hot,2,Low Demand,Yes,Medium
INV004469,2025-07-21,Supermarket,Meat,108,108,0,1.0,0.6,110.0,No,Rainy,0,No Waste,No,Low
INV004470,2025-07-21,Restaurant,Vegetables,99,80,19,6.0,2.9,80.0,No,Cloudy,3,Low Demand,No,Medium
INV004471,2025-07-21,Cafeteria,Fruits,81,74,7,3.0,4.0,74.0,No,Hot,1,Low Demand,No,Low
INV004472,2025-07-21,Restaurant,Fruits,95,61,34,8.0,8.3,61.0,No,Rainy,7,Overproduction,No,Medium
INV004473,2025-07-21,Restaurant,Dairy,85,76,9,7.0,0.9,76.0,No,Cloudy,1,Low Demand,No,Low
INV004474,2025-07-21,Supermarket,Vegetables,175,141,34,6.0,9.6,141.0,No,Sunny,7,Storage Issue,No,Medium
INV004475,2025-07-21,Supermarket,Fruits,156,156,0,8.0,3.2,162.0,No,,0,No Waste,No,Medium
INV004476,2025-07-21,Cafeteria,Fruits,63,63,0,2.0,6.8,67.0,No,Hot,0,No Waste,No,Low
INV004477,2025-07-21,Restaurant,Prepared Food,93,75,18,1.0,19.5,,No,Rainy,5,Expired,No,Medium
INV004478,2025-07-21,Cafeteria,Meat,61,33,28,3.0,2.7,33.0,No,Rainy,9,Low Demand,No,High
INV004479,2025-07-21,Cafeteria,Bakery,64,64,0,2.0,19.8,82.0,Yes,Sunny,0,No Waste,No,Low
INV004480,2025-07-21,Supermarket,Vegetables,181,163,18,2.0,3.9,163.0,Yes,Cloudy,3,Expired,No,Low
INV004481,2025-07-21,Cafeteria,Dairy,82,81,1,4.0,2.6,,No,Hot,0,No Waste,No,Low
INV004482,2025-07-21,Restaurant,Vegetables,91,91,0,7.0,6.3,134.0,Yes,Sunny,0,No Waste,No,Low
INV004483,2025-07-21,Restaurant,Dairy,68,68,0,10.0,0.4,84.0,No,Cloudy,0,No Waste,No,Low
INV004484,2025-07-21,Cafeteria,Vegetables,87,72,15,3.0,4.8,72.0,No,Sunny,3,Low Demand,No,Medium
INV004485,2025-07-22,Cloud Kitchen,Prepared Food,590,125,465,2.0,28.5,125.0,No,Hot,261,Overproduction,Yes,High
INV004486,2025-07-22,Restaurant,Prepared Food,71,57,14,1.0,21.8,57.0,No,Rainy,5,Expired,No,Medium
INV004487,2025-07-22,Cafeteria,Bakery,70,53,17,3.0,22.2,53.0,No,Sunny,3,Low Demand,No,Medium
INV004488,2025-07-22,Cafeteria,Bakery,63,63,0,3.0,28.8,65.0,No,Cloudy,0,No Waste,No,Low
INV004489,2025-07-22,Supermarket,Fruits,149,136,13,4.0,0.7,136.0,No,Sunny,2,Low Demand,No,Low
INV004490,2025-07-22,Restaurant,Vegetables,106,88,18,8.0,2.3,88.0,No,Sunny,2,Low Demand,No,Low
INV004491,2025-07-22,Restaurant,Bakery,138,99,39,4.0,25.7,99.0,Yes,Cloudy,9,Overproduction,No,Medium
INV004492,2025-07-22,Cafeteria,Vegetables,65,59,6,3.0,3.3,59.0,No,Sunny,1,Low Demand,No,Medium
INV004493,2025-07-22,Restaurant,Fruits,90,90,0,8.0,11.1,102.0,Yes,Sunny,0,No Waste,No,Low
INV004494,2025-07-22,Cafeteria,Meat,79,79,0,1.0,2.6,93.0,Yes,Sunny,0,No Waste,No,Low
INV004495,2025-07-22,Cloud Kitchen,Prepared Food,98,70,28,1.0,26.9,70.0,No,Rainy,13,Expired,No,High
INV004496,2025-07-22,Supermarket,Bakery,121,121,0,3.0,16.5,134.0,No,Cloudy,0,No Waste,No,Low
INV004497,2025-07-22,Supermarket,Dairy,169,150,19,6.0,3.9,150.0,No,Hot,2,Low Demand,No,High
INV004498,2025-07-22,Cloud Kitchen,Bakery,122,68,54,1.0,18.1,68.0,No,Rainy,21,Expired,No,High
INV004499,2025-07-22,Supermarket,Vegetables,94,94,0,3.0,7.9,,No,Rainy,0,No Waste,No,Low
INV004500,2025-07-22,Cafeteria,Dairy,57,57,0,7.0,4.2,57.0,No,Cloudy,0,No Waste,No,Low
INV004501,2025-07-22,Supermarket,Prepared Food,189,159,30,1.0,14.8,159.0,No,Hot,9,Expired,No,Medium
INV004502,2025-07-22,Supermarket,Meat,136,136,0,5.0,2.3,156.0,No,Sunny,0,No Waste,No,Low
INV004503,2025-07-22,Cafeteria,Meat,66,53,13,2.0,3.6,53.0,No,Cloudy,4,Expired,No,Medium
INV004504,2025-07-22,Cloud Kitchen,Bakery,122,109,13,2.0,29.3,109.0,No,Hot,4,Storage Issue,No,Medium
INV004505,2025-07-22,Supermarket,Dairy,128,128,0,14.0,,141.0,No,Sunny,0,No Waste,No,Low
INV004506,2025-07-23,Restaurant,Prepared Food,105,75,30,1.0,25.3,75.0,No,Cloudy,15,Expired,No,High
INV004507,2025-07-23,Supermarket,Bakery,188,187,1,4.0,22.7,187.0,Yes,Cloudy,0,No Waste,No,Low
INV004508,2025-07-23,Restaurant,Meat,74,74,0,2.0,0.3,117.0,Yes,Hot,0,No Waste,No,Low
INV004509,2025-07-23,Cloud Kitchen,Prepared Food,120,117,3,1.0,18.2,117.0,Yes,Sunny,1,Expired,No,Low
INV004510,2025-07-23,Restaurant,Prepared Food,93,69,24,2.0,15.5,69.0,Yes,Rainy,7,Low Demand,No,Medium
INV004511,2025-07-23,Supermarket,Dairy,265,170,95,2.0,5.0,170.0,Yes,Hot,30,Expired,No,High
INV004512,2025-07-23,Supermarket,Prepared Food,124,124,0,1.0,14.8,176.0,No,Cloudy,0,No Waste,No,Low
INV004513,2025-07-23,Restaurant,Prepared Food,100,100,0,2.0,19.0,133.0,Yes,Hot,0,No Waste,No,Low
INV004514,2025-07-23,Cloud Kitchen,Prepared Food,101,84,17,1.0,20.6,84.0,No,Cloudy,4,Expired,No,Medium
INV004515,2025-07-23,Supermarket,Vegetables,186,181,5,6.0,6.1,181.0,No,Cloudy,0,No Waste,No,Low
INV004516,2025-07-23,Supermarket,Meat,133,133,0,3.0,1.6,143.0,No,Cloudy,0,No Waste,No,Low
INV004517,2025-07-23,Cafeteria,Fruits,84,84,0,7.0,10.8,94.0,Yes,Sunny,0,No Waste,No,Low
INV004518,2025-07-23,Supermarket,Fruits,170,123,47,6.0,4.1,123.0,No,Cloudy,9,Overproduction,No,Medium
INV004519,2025-07-23,Supermarket,Vegetables,157,157,0,6.0,11.7,158.0,No,Sunny,0,No Waste,No,Low
INV004520,2025-07-23,Cloud Kitchen,Meat,128,74,54,4.0,-0.2,74.0,No,Rainy,13,Overproduction,No,High
INV004521,2025-07-23,Restaurant,Dairy,78,67,11,8.0,3.8,67.0,No,Sunny,1,Low Demand,No,Low
INV004522,2025-07-23,Cafeteria,Bakery,91,91,0,3.0,23.6,118.0,Yes,Sunny,0,No Waste,No,Low
INV004523,2025-07-23,Cloud Kitchen,Bakery,109,82,27,4.0,24.7,82.0,No,Cloudy,6,Low Demand,No,Medium
INV004524,2025-07-23,Restaurant,Meat,94,94,0,2.0,5.2,105.0,Yes,Cloudy,0,No Waste,No,Low
INV004525,2025-07-23,Cafeteria,Vegetables,72,57,15,5.0,8.7,57.0,No,Sunny,3,Low Demand,No,Medium
INV004526,2025-07-23,Restaurant,Prepared Food,79,77,2,,12.5,77.0,No,Cloudy,0,No Waste,No,Low
INV004527,2025-07-23,Supermarket,Dairy,164,115,49,8.0,-1.9,115.0,No,Cloudy,1,Overproduction,No,Low
INV004528,2025-07-23,Supermarket,Bakery,156,133,23,2.0,19.9,133.0,No,Cloudy,5,Expired,No,Medium
INV004529,2025-07-23,Supermarket,Dairy,218,218,0,7.0,5.1,237.0,Yes,Hot,0,No Waste,No,Low
INV004530,2025-07-24,Cafeteria,Prepared Food,70,67,3,3.0,15.1,67.0,No,Hot,0,No Waste,No,Low
INV004531,2025-07-24,Restaurant,Bakery,95,82,13,4.0,17.2,82.0,No,Cloudy,1,Expired,No,Low
INV004532,2025-07-24,Restaurant,Meat,82,82,0,2.0,0.3,83.0,No,Sunny,0,No Waste,No,Low
INV004533,2025-07-24,Cloud Kitchen,Bakery,150,61,89,2.0,20.0,61.0,No,Rainy,38,Overproduction,Yes,High
INV004534,2025-07-24,Supermarket,Dairy,151,151,0,3.0,4.2,166.0,No,Sunny,0,No Waste,No,Low
INV004535,2025-07-24,Cafeteria,Dairy,71,55,16,7.0,3.8,55.0,No,Sunny,2,Low Demand,No,Medium
INV004536,2025-07-24,Cloud Kitchen,Dairy,157,92,65,11.0,6.3,92.0,Yes,Rainy,10,Overproduction,Yes,Medium
INV004537,2025-07-24,Restaurant,Fruits,70,70,0,6.0,12.0,86.0,No,Cloudy,0,No Waste,,Low
INV004538,2025-07-24,Restaurant,Fruits,111,68,43,,3.3,68.0,No,Cloudy,11,Low Demand,No,High
INV004539,2025-07-24,Cloud Kitchen,Bakery,115,76,39,3.0,25.4,76.0,No,Rainy,11,Overproduction,No,High
INV004540,2025-07-24,Supermarket,Bakery,165,126,39,2.0,29.6,126.0,No,Cloudy,15,Storage Issue,No,High
INV004541,2025-07-24,Cafeteria,Vegetables,58,58,0,6.0,0.8,61.0,No,Cloudy,0,No Waste,No,Low
INV004542,2025-07-24,Supermarket,Fruits,154,154,0,6.0,5.4,188.0,No,Sunny,0,No Waste,No,Low
INV004543,2025-07-24,Cafeteria,Fruits,88,69,19,4.0,,69.0,Yes,Cloudy,3,Low Demand,No,Medium
INV004544,2025-07-24,Cafeteria,Bakery,67,49,18,4.0,19.7,49.0,No,Rainy,3,Low Demand,No,Medium
INV004545,2025-07-24,Cafeteria,Prepared Food,80,55,25,1.0,22.0,55.0,No,Sunny,10,Expired,No,High
INV004546,2025-07-25,Cafeteria,Vegetables,57,57,0,9.0,4.2,82.0,Yes,Sunny,0,No Waste,No,Low
INV004547,2025-07-25,Restaurant,Vegetables,86,86,0,3.0,13.1,97.0,No,Hot,0,No Waste,No,Low
INV004548,2025-07-25,Restaurant,Meat,77,77,0,3.0,-1.2,83.0,No,Cloudy,0,No Waste,No,Low
INV004549,2025-07-25,Cafeteria,Bakery,61,61,0,3.0,19.6,69.0,No,Sunny,0,No Waste,No,Low
INV004550,2025-07-25,Cafeteria,Fruits,96,96,0,6.0,10.8,99.0,Yes,Sunny,0,No Waste,No,Low
INV004551,2025-07-25,Cafeteria,Bakery,81,81,0,3.0,19.9,95.0,Yes,Hot,0,No Waste,No,Low
INV004552,2025-07-25,Supermarket,Vegetables,190,98,92,5.0,-0.1,98.0,No,Rainy,22,Overproduction,Yes,High
INV004553,2025-07-25,Cafeteria,Meat,77,38,39,2.0,,38.0,No,Rainy,15,Overproduction,Yes,High
INV004554,2025-07-25,Cafeteria,Fruits,80,52,28,4.0,7.1,52.0,Yes,Rainy,6,Low Demand,No,Medium
INV004555,2025-07-25,Restaurant,Meat,90,90,0,4.0,3.8,114.0,No,Hot,0,No Waste,No,Low
INV004556,2025-07-25,Supermarket,Vegetables,153,109,44,6.0,-0.5,109.0,No,Rainy,2,Overproduction,Yes,Low
INV004557,2025-07-25,Cafeteria,Dairy,95,69,26,5.0,3.6,69.0,Yes,Rainy,4,Low Demand,No,Medium
INV004558,2025-07-25,Restaurant,Prepared Food,113,100,13,2.0,17.5,100.0,No,Cloudy,3,Expired,No,Medium
INV004559,2025-07-25,Cafeteria,Fruits,71,71,0,2.0,4.8,84.0,Yes,Cloudy,0,No Waste,No,High
INV004560,2025-07-25,Cloud Kitchen,Fruits,112,112,0,8.0,9.1,131.0,No,Cloudy,0,No Waste,No,Low
INV004561,2025-07-25,Cloud Kitchen,Vegetables,114,65,49,7.0,2.5,65.0,No,Rainy,11,Overproduction,No,High
INV004562,2025-07-25,Cafeteria,Bakery,66,36,30,3.0,27.5,36.0,No,Rainy,9,Overproduction,No,High
INV004563,2025-07-26,Supermarket,Prepared Food,204,173,31,1.0,19.6,173.0,No,Cloudy,8,Expired,No,Medium
INV004564,2025-07-26,Restaurant,Bakery,101,92,9,4.0,26.7,92.0,No,Cloudy,1,Storage Issue,No,Low
INV004565,2025-07-26,Cafeteria,Prepared Food,74,74,0,2.0,20.1,78.0,No,Hot,0,No Waste,No,Low
INV004566,2025-07-26,Restaurant,Dairy,50,50,0,9.0,4.1,99.0,No,Sunny,0,No Waste,No,Low
INV004567,2025-07-26,Cloud Kitchen,Fruits,108,108,0,6.0,6.6,115.0,No,Hot,0,No Waste,No,Low
INV004568,2025-07-26,Supermarket,Fruits,180,103,77,3.0,8.1,103.0,No,Rainy,26,Overproduction,Yes,High
INV004569,2025-07-26,Restaurant,Bakery,99,99,0,2.0,17.2,100.0,No,Hot,0,No Waste,No,Low
INV004570,2025-07-26,Supermarket,Fruits,162,128,34,7.0,6.3,,No,Rainy,4,Overproduction,Yes,Medium
INV004571,2025-07-26,Restaurant,Prepared Food,109,89,20,1.0,14.5,89.0,Yes,Hot,7,Expired,No,Medium
INV004572,2025-07-26,Supermarket,Vegetables,129,129,0,8.0,2.1,174.0,No,Hot,0,No Waste,No,Low
INV004573,2025-07-26,Restaurant,Dairy,124,124,0,5.0,1.7,137.0,Yes,Hot,0,No Waste,No,Low
INV004574,2025-07-26,Supermarket,Dairy,232,220,12,8.0,0.9,220.0,Yes,Cloudy,1,Low Demand,No,Low
INV004575,2025-07-26,Supermarket,Fruits,151,131,20,7.0,8.7,131.0,No,Cloudy,2,Low Demand,,Low
INV004576,2025-07-26,Restaurant,Fruits,85,85,0,2.0,10.9,92.0,Yes,Rainy,0,No Waste,No,Low
INV004577,2025-07-26,Cafeteria,Fruits,79,79,0,9.0,11.0,81.0,No,Hot,0,No Waste,No,Low
INV004578,2025-07-26,Restaurant,Fruits,101,54,47,6.0,5.4,54.0,No,Rainy,11,Overproduction,No,High
INV004579,2025-07-26,Supermarket,Meat,169,151,18,1.0,1.4,151.0,No,Sunny,6,Expired,No,Medium
INV004580,2025-07-26,Supermarket,Bakery,195,165,30,4.0,26.6,165.0,No,Sunny,7,Storage Issue,No,Medium
INV004581,2025-07-26,Cloud Kitchen,Fruits,85,85,0,6.0,12.9,121.0,Yes,Cloudy,0,No Waste,No,Low
INV004582,2025-07-26,Cloud Kitchen,Dairy,126,108,18,7.0,6.9,108.0,No,Sunny,2,Storage Issue,No,Low
INV004583,2025-07-27,Restaurant,Dairy,119,115,4,10.0,6.8,115.0,Yes,Sunny,1,Low Demand,No,Low
INV004584,2025-07-27,Restaurant,Fruits,83,83,0,5.0,7.2,100.0,Yes,Sunny,0,No Waste,No,Low
INV004585,2025-07-27,Cloud Kitchen,Fruits,70,70,0,4.0,5.8,114.0,No,Hot,0,No Waste,No,Low
INV004586,2025-07-27,Supermarket,Dairy,171,119,52,7.0,4.7,119.0,No,Cloudy,10,Overproduction,Yes,Medium
INV004587,2025-07-27,Supermarket,Bakery,178,106,72,6.0,22.7,106.0,No,Rainy,14,Overproduction,Yes,Medium
INV004588,2025-07-27,Supermarket,Vegetables,206,145,61,6.0,3.9,145.0,No,Hot,12,Overproduction,Yes,Medium
INV004589,2025-07-27,Restaurant,Dairy,94,94,0,8.0,3.7,97.0,Yes,Cloudy,0,No Waste,No,Low
INV004590,2025-07-27,Supermarket,Vegetables,190,190,0,8.0,,218.0,No,Hot,0,No Waste,No,Low
INV004591,2025-07-27,Cafeteria,Prepared Food,89,80,9,1.0,21.7,80.0,Yes,Cloudy,3,Expired,No,Medium
INV004592,2025-07-27,Cloud Kitchen,Vegetables,139,134,5,8.0,9.7,134.0,No,Sunny,1,Storage Issue,No,Low
INV004593,2025-07-27,Supermarket,Vegetables,225,161,64,5.0,4.3,161.0,No,Hot,6,Overproduction,Yes,Medium
INV004594,2025-07-27,Supermarket,Bakery,168,168,0,4.0,20.9,170.0,No,Sunny,0,No Waste,No,Low
INV004595,2025-07-27,Supermarket,Meat,172,99,73,2.0,3.9,99.0,No,Rainy,24,Overproduction,Yes,High
INV004596,2025-07-27,Supermarket,Fruits,143,139,4,,9.2,139.0,No,Cloudy,1,Expired,No,Low
INV004597,2025-07-27,Cloud Kitchen,Vegetables,93,71,22,5.0,9.9,71.0,No,Rainy,5,Overproduction,No,Medium
INV004598,2025-07-27,Supermarket,Prepared Food,162,99,63,2.0,28.7,99.0,No,Rainy,25,Storage Issue,Yes,High
INV004599,2025-07-27,Cafeteria,Meat,60,60,0,1.0,2.6,63.0,No,Cloudy,0,No Waste,No,Low
INV004600,2025-07-27,Cafeteria,Bakery,54,39,15,2.0,21.9,39.0,No,Rainy,5,Low Demand,No,High
INV004601,2025-07-27,Cloud Kitchen,Fruits,144,99,45,5.0,9.0,99.0,No,Sunny,10,Overproduction,Yes,Medium
INV004602,2025-07-27,Supermarket,Prepared Food,170,151,19,1.0,26.5,151.0,No,Sunny,9,Expired,No,Medium
INV004603,2025-07-27,Supermarket,Prepared Food,147,147,0,2.0,18.2,239.0,No,Sunny,0,No Waste,No,Low
INV004604,2025-07-28,Restaurant,Fruits,81,49,32,7.0,4.3,,No,Rainy,8,Overproduction,Yes,High
INV004605,2025-07-28,Restaurant,Fruits,89,84,5,2.0,9.3,84.0,Yes,Sunny,1,Expired,No,Low
INV004606,2025-07-28,Cafeteria,Dairy,62,51,11,8.0,4.5,51.0,No,Sunny,1,Low Demand,No,Low
INV004607,2025-07-28,Cafeteria,Fruits,72,69,3,1.0,6.4,69.0,No,Sunny,1,Expired,No,Low
INV004608,2025-07-28,Supermarket,Meat,147,147,0,4.0,0.1,223.0,Yes,Hot,0,No Waste,No,Low
INV004609,2025-07-28,Restaurant,Vegetables,127,90,37,10.0,8.8,90.0,No,Sunny,8,Overproduction,No,Medium
INV004610,2025-07-28,Cloud Kitchen,Meat,128,81,47,3.0,,81.0,No,Cloudy,14,Overproduction,No,High
INV004611,2025-07-28,Cloud Kitchen,Prepared Food,142,99,43,3.0,16.4,99.0,No,Cloudy,11,Overproduction,No,Medium
INV004612,2025-07-28,Cafeteria,Vegetables,76,76,0,5.0,6.9,77.0,No,Sunny,0,No Waste,No,Low
INV004613,2025-07-28,Cafeteria,Prepared Food,59,41,18,2.0,17.5,41.0,No,Rainy,5,Low Demand,No,Medium
INV004614,2025-07-28,Supermarket,Dairy,183,183,0,8.0,4.6,248.0,No,Sunny,0,No Waste,No,Low
INV004615,2025-07-28,Supermarket,Prepared Food,152,152,0,2.0,30.2,167.0,No,Sunny,0,No Waste,No,Low
INV004616,2025-07-28,Cafeteria,Fruits,71,62,9,6.0,10.1,62.0,No,Hot,2,Low Demand,No,Medium
INV004617,2025-07-28,Cloud Kitchen,Prepared Food,108,92,16,2.0,21.8,92.0,No,Cloudy,5,Expired,No,Medium
INV004618,2025-07-28,Cloud Kitchen,Vegetables,103,103,0,10.0,5.3,108.0,No,Hot,0,No Waste,No,Low
INV004619,2025-07-28,Supermarket,Vegetables,146,98,48,10.0,8.2,98.0,No,Rainy,7,Overproduction,No,Medium
INV004620,2025-07-28,Cafeteria,Dairy,66,66,0,10.0,2.6,71.0,No,Hot,0,No Waste,No,Low
INV004621,2025-07-28,Cloud Kitchen,Prepared Food,98,98,0,2.0,23.0,104.0,No,Cloudy,0,No Waste,No,Low
INV004622,2025-07-28,Cafeteria,Dairy,71,71,0,5.0,3.0,76.0,Yes,Sunny,0,No Waste,No,Low
INV004623,2025-07-28,Supermarket,Vegetables,150,136,14,6.0,5.1,136.0,No,,2,Low Demand,No,Low
INV004624,2025-07-28,Restaurant,Prepared Food,110,87,23,1.0,12.8,87.0,No,Cloudy,8,Expired,No,Medium
INV004625,2025-07-28,Cafeteria,Meat,71,47,24,8.0,2.8,,No,Cloudy,4,Low Demand,Yes,Medium
INV004626,2025-07-28,Supermarket,Vegetables,144,144,0,5.0,2.9,148.0,No,Hot,0,No Waste,No,Low
INV004627,2025-07-28,Cafeteria,Dairy,62,44,18,10.0,2.7,44.0,No,Cloudy,3,Low Demand,No,Medium
INV004628,2025-07-28,Supermarket,Dairy,163,163,0,8.0,,168.0,Yes,Rainy,0,No Waste,No,High
INV004629,2025-07-29,Cloud Kitchen,Vegetables,109,78,31,7.0,3.6,78.0,No,Rainy,4,Low Demand,No,Medium
INV004630,2025-07-29,Restaurant,Vegetables,126,104,22,6.0,4.4,104.0,No,Hot,3,Low Demand,No,Medium
INV004631,2025-07-29,Restaurant,Bakery,68,68,0,6.0,15.7,97.0,No,Sunny,0,No Waste,No,Low
INV004632,2025-07-29,Cloud Kitchen,Fruits,126,96,30,7.0,5.5,96.0,No,Cloudy,6,Expired,No,Medium
INV004633,2025-07-29,Restaurant,Vegetables,91,91,0,10.0,7.6,130.0,Yes,Hot,0,No Waste,No,Low
INV004634,2025-07-29,Cloud Kitchen,Dairy,96,96,0,6.0,2.6,146.0,Yes,Cloudy,0,No Waste,No,Low
INV004635,2025-07-29,Cafeteria,Bakery,57,57,0,1.0,23.0,59.0,No,Hot,0,No Waste,No,Low
INV004636,2025-07-29,Supermarket,Meat,140,140,0,4.0,1.5,,No,Hot,0,No Waste,No,Low
INV004637,2025-07-29,Restaurant,Vegetables,59,59,0,5.0,9.9,72.0,No,Sunny,0,No Waste,No,Low
INV004638,2025-07-29,Restaurant,Meat,74,74,0,4.0,0.8,83.0,Yes,Sunny,0,No Waste,No,Low
INV004639,2025-07-29,Restaurant,Bakery,67,57,10,4.0,26.1,57.0,No,Rainy,3,Low Demand,Yes,Medium
INV004640,2025-07-29,Cloud Kitchen,Fruits,136,136,0,6.0,7.8,169.0,Yes,Hot,0,No Waste,No,Low
INV004641,2025-07-29,Supermarket,Fruits,182,141,41,3.0,9.6,141.0,No,Hot,10,Overproduction,Yes,Medium
INV004642,2025-07-29,Supermarket,Meat,213,205,8,4.0,1.0,205.0,Yes,Hot,1,Expired,No,Medium
INV004643,2025-07-29,Supermarket,Bakery,145,145,0,1.0,27.9,168.0,No,Sunny,0,No Waste,No,Low
INV004644,2025-07-29,Cloud Kitchen,Prepared Food,120,120,0,1.0,17.0,124.0,No,Sunny,0,No Waste,No,Low
INV004645,2025-07-29,Cafeteria,Fruits,82,82,0,4.0,8.2,,Yes,Cloudy,0,No Waste,No,Low
INV004646,2025-07-29,Restaurant,Meat,108,87,21,2.0,0.0,87.0,No,Sunny,5,Expired,No,Medium
INV004647,2025-07-29,Cafeteria,Bakery,61,61,0,1.0,21.8,67.0,No,Sunny,0,No Waste,No,Low
INV004648,2025-07-29,Restaurant,Prepared Food,68,68,0,2.0,14.5,100.0,No,Sunny,0,No Waste,,Low
INV004649,2025-07-30,Cafeteria,Dairy,81,63,18,10.0,2.8,63.0,No,Hot,2,Low Demand,No,Medium
INV004650,2025-07-30,Cloud Kitchen,Bakery,100,98,2,2.0,22.5,98.0,No,Cloudy,0,No Waste,No,Low
INV004651,2025-07-30,Cloud Kitchen,Prepared Food,119,105,14,2.0,13.0,105.0,No,Sunny,3,Expired,No,Medium
INV004652,2025-07-30,Cloud Kitchen,Prepared Food,85,85,0,2.0,34.8,104.0,No,Cloudy,0,No Waste,No,Low
INV004653,2025-07-30,Restaurant,Vegetables,95,71,24,8.0,8.2,71.0,No,Cloudy,5,Low Demand,No,Medium
INV004654,2025-07-30,Supermarket,Vegetables,185,185,0,6.0,3.1,218.0,Yes,Sunny,0,No Waste,No,Low
INV004655,2025-07-30,Cafeteria,Vegetables,59,59,0,6.0,1.2,68.0,No,Sunny,0,No Waste,No,Low
INV004656,2025-07-30,Supermarket,Fruits,198,185,13,4.0,1.6,185.0,No,Hot,2,Expired,No,Low
INV004657,2025-07-30,Supermarket,Vegetables,178,120,58,5.0,7.2,,No,Rainy,14,Overproduction,Yes,Medium
INV004658,2025-07-30,Restaurant,Dairy,113,60,53,13.0,7.5,60.0,No,Rainy,14,Overproduction,Yes,High
INV004659,2025-07-30,Restaurant,Meat,88,88,0,5.0,0.6,115.0,Yes,Sunny,0,No Waste,No,Low
INV004660,2025-07-30,Supermarket,Dairy,204,143,61,9.0,5.1,143.0,Yes,Rainy,8,Overproduction,No,Medium
INV004661,2025-07-30,Cafeteria,Fruits,80,49,31,6.0,10.3,49.0,No,Cloudy,5,Low Demand,No,Medium
INV004662,2025-07-30,Restaurant,Vegetables,102,99,3,2.0,5.2,,Yes,Cloudy,1,Expired,No,Low
INV004663,2025-07-30,Cloud Kitchen,Bakery,90,54,36,5.0,20.7,54.0,No,Rainy,9,Overproduction,Yes,High
INV004664,2025-07-30,Cloud Kitchen,Prepared Food,116,69,47,2.0,18.4,69.0,Yes,Rainy,15,Overproduction,No,High
INV004665,2025-07-30,Supermarket,Dairy,157,157,0,11.0,,170.0,No,Hot,0,No Waste,No,Low
INV004666,2025-07-30,Restaurant,Fruits,104,60,44,8.0,7.0,60.0,No,Cloudy,9,Overproduction,No,High
INV004667,2025-07-30,Supermarket,Meat,237,237,0,6.0,1.2,246.0,Yes,Hot,0,No Waste,No,Low
INV004668,2025-07-30,Restaurant,Fruits,80,68,12,5.0,0.7,68.0,No,Hot,2,Low Demand,No,Medium
INV004669,2025-07-30,Restaurant,Bakery,112,56,56,3.0,17.6,56.0,No,Rainy,15,Overproduction,Yes,High
INV004670,2025-07-31,Cloud Kitchen,Meat,143,86,57,8.0,5.0,86.0,No,Cloudy,9,Overproduction,Yes,Medium
INV004671,2025-07-31,Restaurant,Fruits,103,96,7,4.0,14.7,96.0,No,Hot,2,Storage Issue,No,Low
INV004672,2025-07-31,Supermarket,Vegetables,155,96,59,7.0,4.4,96.0,No,Rainy,7,Overproduction,No,Medium
INV004673,2025-07-31,Supermarket,Fruits,118,76,42,5.0,3.6,,No,Rainy,8,Overproduction,No,Medium
INV004674,2025-07-31,Supermarket,Bakery,149,149,0,,27.3,276.0,No,Sunny,0,No Waste,No,Low
INV004675,2025-07-31,Supermarket,Fruits,182,182,0,4.0,12.7,196.0,No,Sunny,0,No Waste,No,Low
INV004676,2025-07-31,Cloud Kitchen,Bakery,116,78,38,3.0,16.6,78.0,No,Sunny,9,Overproduction,No,Medium
INV004677,2025-07-31,Supermarket,Meat,206,126,80,3.0,2.0,126.0,No,Cloudy,19,Overproduction,No,High
INV004678,2025-07-31,Supermarket,Meat,118,118,0,2.0,1.5,156.0,No,Hot,0,No Waste,No,Low
INV004679,2025-07-31,Supermarket,Bakery,200,176,24,4.0,25.9,176.0,Yes,Cloudy,5,Storage Issue,No,Medium
INV004680,2025-07-31,Cafeteria,Meat,58,58,0,4.0,0.0,65.0,No,Sunny,0,No Waste,No,Low
INV004681,2025-07-31,Cafeteria,Prepared Food,90,88,2,2.0,16.9,88.0,Yes,Sunny,0,No Waste,No,Low
INV004682,2025-07-31,Supermarket,Prepared Food,199,92,107,1.0,23.1,92.0,No,Rainy,52,Overproduction,Yes,High
INV004683,2025-07-31,Cafeteria,Prepared Food,62,57,5,1.0,17.8,57.0,No,Cloudy,1,Expired,No,Low
INV004684,2025-07-31,Restaurant,Fruits,72,72,0,4.0,8.1,96.0,No,Hot,0,No Waste,No,Low
INV004685,2025-07-31,Supermarket,Meat,205,205,0,4.0,1.1,316.0,Yes,Sunny,0,No Waste,No,Low
INV004686,2025-07-31,Restaurant,Fruits,79,79,0,4.0,8.9,115.0,Yes,Sunny,0,No Waste,No,Low
INV004687,2025-07-31,Cafeteria,Bakery,73,67,6,1.0,26.0,67.0,No,Hot,2,Expired,No,Medium
INV004688,2025-07-31,Supermarket,Prepared Food,168,168,0,2.0,22.5,175.0,No,Cloudy,0,No Waste,No,Low
INV004689,2025-07-31,Cloud Kitchen,Dairy,115,92,23,9.0,9.0,92.0,No,Sunny,4,Storage Issue,No,Medium
INV004690,2025-07-31,Restaurant,Meat,108,108,0,5.0,-0.3,140.0,Yes,Cloudy,0,No Waste,No,Low
INV004691,2025-07-31,Cafeteria,Vegetables,75,39,36,7.0,3.9,39.0,No,Rainy,6,Overproduction,No,Medium
INV004692,2025-07-31,Supermarket,Fruits,132,132,0,4.0,,145.0,No,Cloudy,0,No Waste,No,Low
INV004693,2025-07-31,Restaurant,Dairy,102,85,17,3.0,3.9,85.0,No,Sunny,3,Low Demand,Yes,Medium
INV004694,2025-07-31,Cloud Kitchen,Dairy,129,70,59,8.0,2.5,70.0,No,Cloudy,15,Overproduction,Yes,High
INV004695,2025-08-01,Supermarket,Dairy,212,188,24,9.0,4.2,188.0,No,Sunny,4,Low Demand,,Low
INV004696,2025-08-01,Cafeteria,Vegetables,72,37,35,3.0,4.2,37.0,No,Cloudy,7,Overproduction,No,High
INV004697,2025-08-01,Cloud Kitchen,Vegetables,104,99,5,5.0,7.3,99.0,No,Cloudy,0,No Waste,No,Low
INV004698,2025-08-01,Restaurant,Meat,78,58,20,4.0,2.7,58.0,No,Cloudy,3,Low Demand,No,Medium
INV004699,2025-08-01,Supermarket,Meat,141,141,0,3.0,-0.4,179.0,No,Sunny,0,No Waste,No,Low
INV004700,2025-08-01,Cafeteria,Dairy,74,63,11,7.0,2.7,,No,Hot,2,Low Demand,No,Medium
INV004701,2025-08-01,Supermarket,Prepared Food,224,116,108,1.0,16.6,116.0,No,Rainy,37,Overproduction,Yes,High
INV004702,2025-08-01,Restaurant,Fruits,77,77,0,4.0,8.9,86.0,No,Cloudy,0,No Waste,No,Low
INV004703,2025-08-01,Cafeteria,Vegetables,50,50,0,4.0,4.2,72.0,No,Cloudy,0,No Waste,No,Low
INV004704,2025-08-01,Supermarket,Dairy,150,150,0,9.0,-0.3,157.0,No,Sunny,0,No Waste,No,Low
INV004705,2025-08-01,Supermarket,Prepared Food,143,143,0,1.0,17.3,156.0,No,Hot,0,No Waste,No,Low
INV004706,2025-08-01,Supermarket,Dairy,182,136,46,5.0,2.5,136.0,No,Cloudy,8,Overproduction,No,Medium
INV004707,2025-08-01,Supermarket,Fruits,213,123,90,6.0,6.7,123.0,No,Sunny,19,Overproduction,Yes,High
INV004708,2025-08-01,Cloud Kitchen,Fruits,156,96,60,6.0,2.6,96.0,No,Sunny,10,Overproduction,No,Medium
INV004709,2025-08-01,Cloud Kitchen,Dairy,136,106,30,5.0,1.7,106.0,Yes,Cloudy,3,Low Demand,Yes,Medium
INV004710,2025-08-01,Cloud Kitchen,Vegetables,85,85,0,8.0,2.6,97.0,No,Cloudy,0,No Waste,No,Low
INV004711,2025-08-01,Cafeteria,Fruits,72,40,32,7.0,13.5,40.0,No,Rainy,9,Overproduction,Yes,High
INV004712,2025-08-01,Cloud Kitchen,Vegetables,68,68,0,8.0,1.7,125.0,Yes,Hot,0,No Waste,No,Low
INV004713,2025-08-01,Supermarket,Dairy,136,128,8,10.0,1.7,128.0,No,Hot,1,Low Demand,No,Low
INV004714,2025-08-01,Restaurant,Fruits,97,97,0,1.0,8.4,121.0,Yes,Sunny,0,No Waste,No,Low
INV004715,2025-08-01,Restaurant,Bakery,90,90,0,4.0,26.9,96.0,No,Sunny,0,No Waste,No,Low
INV004716,2025-08-01,Cafeteria,Dairy,79,54,25,8.0,6.7,54.0,No,Cloudy,6,Low Demand,Yes,Medium
INV004717,2025-08-01,Cafeteria,Bakery,83,63,20,3.0,22.4,63.0,No,Cloudy,5,Low Demand,No,Medium
INV004718,2025-08-01,Supermarket,Bakery,189,189,0,3.0,13.1,205.0,Yes,Sunny,0,No Waste,No,Low
INV004719,2025-08-01,Supermarket,Prepared Food,173,165,8,2.0,13.6,165.0,No,Hot,2,Expired,No,Low
INV004720,2025-08-01,Restaurant,Dairy,54,54,0,1.0,3.2,81.0,No,Hot,0,No Waste,No,High
INV004721,2025-08-02,Cloud Kitchen,Dairy,120,95,25,7.0,3.8,95.0,No,Cloudy,4,Low Demand,Yes,Medium
INV004722,2025-08-02,Supermarket,Prepared Food,174,146,28,1.0,16.4,146.0,No,Cloudy,12,Expired,No,Medium
INV004723,2025-08-02,Cloud Kitchen,Prepared Food,116,116,0,1.0,24.0,127.0,No,Sunny,0,No Waste,No,Low
INV004724,2025-08-02,Supermarket,Vegetables,217,217,0,4.0,8.0,237.0,Yes,Hot,0,No Waste,No,Low
INV004725,2025-08-02,Cafeteria,Bakery,50,49,1,4.0,20.2,49.0,No,Cloudy,0,No Waste,No,Low
INV004726,2025-08-02,Supermarket,Bakery,128,128,0,4.0,21.0,188.0,No,Sunny,0,No Waste,No,Low
INV004727,2025-08-02,Restaurant,Prepared Food,67,67,0,2.0,23.0,119.0,Yes,Sunny,0,No Waste,No,Low
INV004728,2025-08-02,Restaurant,Bakery,129,78,51,4.0,24.5,78.0,No,Cloudy,14,Overproduction,Yes,High
INV004729,2025-08-02,Restaurant,Vegetables,102,92,10,4.0,4.3,92.0,No,Cloudy,1,Low Demand,No,Low
INV004730,2025-08-02,Restaurant,Bakery,96,52,44,4.0,25.9,52.0,No,Rainy,14,Overproduction,No,High
INV004731,2025-08-02,Cloud Kitchen,Dairy,96,96,0,7.0,3.5,126.0,No,Hot,0,No Waste,No,Low
INV004732,2025-08-02,Cafeteria,Dairy,70,62,8,9.0,6.6,62.0,Yes,Rainy,1,Low Demand,No,Low
INV004733,2025-08-02,Cafeteria,Fruits,72,45,27,7.0,9.3,45.0,No,Rainy,5,Low Demand,Yes,Medium
INV004734,2025-08-02,Cloud Kitchen,Fruits,120,110,10,4.0,6.6,110.0,No,Hot,1,Expired,No,Low
INV004735,2025-08-02,Cafeteria,Bakery,72,72,0,2.0,25.8,103.0,Yes,Hot,0,No Waste,No,Low
INV004736,2025-08-03,Cafeteria,Bakery,75,54,21,2.0,24.5,54.0,No,Cloudy,7,Low Demand,No,High
INV004737,2025-08-03,Cafeteria,Vegetables,71,54,17,8.0,9.7,54.0,Yes,Rainy,3,Low Demand,,Medium
INV004738,2025-08-03,Cafeteria,Prepared Food,65,58,7,1.0,17.2,58.0,No,Cloudy,2,Expired,No,Medium
INV004739,2025-08-03,Cafeteria,Prepared Food,69,60,9,2.0,19.0,60.0,No,Cloudy,2,Low Demand,No,Medium
INV004740,2025-08-03,Cloud Kitchen,Dairy,123,103,20,10.0,6.3,103.0,No,Sunny,1,Storage Issue,No,Low
INV004741,2025-08-03,Cafeteria,Prepared Food,82,68,14,2.0,19.0,68.0,No,Sunny,3,Expired,No,Medium
INV004742,2025-08-03,Restaurant,Fruits,109,82,27,4.0,5.9,82.0,No,Sunny,5,Overproduction,Yes,Medium
INV004743,2025-08-03,Restaurant,Vegetables,115,68,47,10.0,6.4,68.0,Yes,Cloudy,7,Overproduction,No,Medium
INV004744,2025-08-03,Cafeteria,Meat,59,55,4,5.0,4.6,55.0,No,Cloudy,1,Low Demand,Yes,Low
INV004745,2025-08-03,Supermarket,Meat,147,86,61,5.0,6.6,86.0,No,Cloudy,17,Overproduction,Yes,High
INV004746,2025-08-03,Supermarket,Bakery,194,87,107,2.0,24.3,87.0,No,Rainy,31,Overproduction,Yes,High
INV004747,2025-08-03,Supermarket,Vegetables,133,81,52,8.0,5.2,81.0,No,Rainy,7,Overproduction,No,Medium
INV004748,2025-08-03,Cafeteria,Dairy,58,58,0,6.0,-0.1,67.0,No,Hot,0,No Waste,No,Low
INV004749,2025-08-03,Cafeteria,Prepared Food,69,55,14,2.0,31.1,55.0,No,Sunny,6,Storage Issue,No,Medium
INV004750,2025-08-03,Cafeteria,Prepared Food,49,49,0,2.0,16.9,54.0,No,Cloudy,0,No Waste,No,Low
INV004751,2025-08-03,Cloud Kitchen,Dairy,132,93,39,2.0,5.1,93.0,No,Sunny,12,Expired,No,High
INV004752,2025-08-03,Restaurant,Prepared Food,82,82,0,3.0,15.0,95.0,Yes,Rainy,0,No Waste,No,Low
INV004753,2025-08-03,Supermarket,Vegetables,262,202,60,,2.4,202.0,Yes,Sunny,11,Overproduction,No,Medium
INV004754,2025-08-03,Cafeteria,Fruits,73,62,11,5.0,9.7,62.0,No,Hot,2,Low Demand,No,Medium
INV004755,2025-08-03,Supermarket,Meat,168,136,32,7.0,1.8,136.0,No,Rainy,4,Low Demand,No,Medium
INV004756,2025-08-03,Cafeteria,Fruits,61,61,0,6.0,12.2,61.0,No,Cloudy,0,No Waste,No,Low
INV004757,2025-08-04,Restaurant,Vegetables,87,65,22,7.0,2.9,65.0,No,Rainy,4,Low Demand,No,Medium
INV004758,2025-08-04,Restaurant,Vegetables,87,70,17,,5.6,70.0,No,Rainy,3,Low Demand,No,High
INV004759,2025-08-04,Supermarket,Dairy,209,148,61,8.0,7.2,148.0,No,Hot,14,Storage Issue,Yes,Medium
INV004760,2025-08-04,Cafeteria,Dairy,55,55,0,4.0,5.5,64.0,No,Hot,0,No Waste,No,Low
INV004761,2025-08-04,Cloud Kitchen,Bakery,143,77,66,3.0,20.0,77.0,No,Rainy,12,Overproduction,No,Medium
INV004762,2025-08-04,Restaurant,Vegetables,78,59,19,6.0,9.0,59.0,No,Rainy,3,Low Demand,No,High
INV004763,2025-08-04,Supermarket,Prepared Food,206,118,88,1.0,16.8,118.0,No,Sunny,42,Expired,No,High
INV004764,2025-08-04,Cloud Kitchen,Fruits,72,72,0,3.0,11.1,112.0,No,Sunny,0,No Waste,No,Low
INV004765,2025-08-04,Cloud Kitchen,Vegetables,111,104,7,10.0,10.2,104.0,No,Sunny,1,Storage Issue,No,Low
INV004766,2025-08-04,Cloud Kitchen,Meat,99,99,0,1.0,6.4,110.0,No,Hot,0,No Waste,No,Low
INV004767,2025-08-04,Supermarket,Meat,114,114,0,5.0,-3.6,154.0,No,Cloudy,0,No Waste,No,Low
INV004768,2025-08-04,Cafeteria,Bakery,60,50,10,3.0,23.7,50.0,No,Cloudy,2,Low Demand,No,Medium
INV004769,2025-08-04,Supermarket,Vegetables,197,184,13,2.0,9.0,184.0,No,Sunny,3,Expired,No,Low
INV004770,2025-08-04,Cloud Kitchen,Bakery,121,106,15,5.0,24.2,106.0,No,Sunny,2,Expired,No,Low
INV004771,2025-08-04,Supermarket,Prepared Food,167,154,13,1.0,21.4,154.0,No,Sunny,4,Expired,No,Medium
INV004772,2025-08-04,Supermarket,Bakery,166,141,25,4.0,28.4,141.0,No,Sunny,7,Storage Issue,Yes,Medium
INV004773,2025-08-04,Restaurant,Fruits,76,69,7,2.0,15.8,69.0,No,Hot,2,Storage Issue,Yes,Medium
INV004774,2025-08-04,Supermarket,Dairy,194,163,31,6.0,3.6,163.0,No,Sunny,4,Low Demand,No,Medium
INV004775,2025-08-04,Cafeteria,Fruits,81,60,21,4.0,7.4,60.0,No,Hot,4,Low Demand,No,Medium
INV004776,2025-08-04,Restaurant,Prepared Food,120,79,41,2.0,20.6,79.0,No,Sunny,12,Overproduction,Yes,High
INV004777,2025-08-04,Restaurant,Bakery,97,83,14,5.0,22.9,83.0,Yes,Sunny,2,Low Demand,No,Medium
INV004778,2025-08-04,Supermarket,Vegetables,136,126,10,7.0,11.8,126.0,No,Cloudy,2,Storage Issue,No,Low
INV004779,2025-08-04,Cafeteria,Meat,68,65,3,5.0,2.6,65.0,No,Sunny,0,No Waste,No,Low
INV004780,2025-08-04,Cloud Kitchen,Dairy,120,76,44,10.0,6.5,76.0,No,Sunny,6,Overproduction,No,Medium
INV004781,2025-08-04,Cloud Kitchen,Prepared Food,128,108,20,1.0,22.9,108.0,No,Cloudy,8,Expired,No,Medium
INV004782,2025-08-04,Restaurant,Meat,94,85,9,1.0,1.5,85.0,No,Hot,3,Expired,No,Medium
INV004783,2025-08-04,Restaurant,Bakery,88,74,14,2.0,20.5,74.0,No,Sunny,2,Low Demand,No,Medium
INV004784,2025-08-05,Restaurant,Vegetables,103,85,18,9.0,10.6,85.0,No,Sunny,3,Storage Issue,,Medium
INV004785,2025-08-05,Supermarket,Fruits,125,125,0,4.0,7.9,151.0,No,Cloudy,0,No Waste,No,Low
INV004786,2025-08-05,Supermarket,Prepared Food,174,128,46,2.0,18.4,128.0,No,Hot,11,Expired,No,Medium
INV004787,2025-08-05,Cloud Kitchen,Dairy,111,82,29,5.0,6.3,82.0,No,Cloudy,6,Low Demand,No,Medium
INV004788,2025-08-05,Restaurant,Bakery,76,44,32,3.0,18.4,44.0,No,Rainy,9,Overproduction,No,High
INV004789,2025-08-05,Cafeteria,Fruits,85,74,11,5.0,12.4,74.0,Yes,Cloudy,2,Storage Issue,No,Medium
INV004790,2025-08-05,Restaurant,Vegetables,90,90,0,10.0,6.1,90.0,No,Hot,0,No Waste,No,Low
INV004791,2025-08-05,Restaurant,Bakery,126,77,49,3.0,21.5,77.0,Yes,Rainy,13,Overproduction,No,High
INV004792,2025-08-05,Cloud Kitchen,Vegetables,92,92,0,5.0,12.4,105.0,No,Sunny,0,No Waste,No,Low
INV004793,2025-08-05,Restaurant,Fruits,94,51,43,5.0,9.8,51.0,No,Rainy,11,Overproduction,Yes,High
INV004794,2025-08-05,Restaurant,Vegetables,89,67,22,5.0,9.0,,No,Cloudy,4,Low Demand,No,Medium
INV004795,2025-08-05,Restaurant,Prepared Food,74,74,0,1.0,16.7,82.0,No,Hot,0,No Waste,No,Low
INV004796,2025-08-05,Cloud Kitchen,Vegetables,155,102,53,8.0,6.8,102.0,No,Sunny,13,Overproduction,No,Medium
INV004797,2025-08-05,Cloud Kitchen,Bakery,86,86,0,1.0,20.9,87.0,No,Sunny,0,No Waste,No,Low
INV004798,2025-08-05,Supermarket,Dairy,160,130,30,2.0,5.1,130.0,No,,7,Expired,No,Medium
INV004799,2025-08-05,Restaurant,Vegetables,65,65,0,6.0,0.5,90.0,No,Sunny,0,No Waste,No,Low
INV004800,2025-08-05,Supermarket,Fruits,143,143,0,4.0,9.5,154.0,No,Cloudy,0,No Waste,No,Low
INV004801,2025-08-05,Supermarket,Dairy,173,141,32,11.0,1.3,141.0,No,Sunny,3,Overproduction,No,Low
INV004802,2025-08-05,Cloud Kitchen,Meat,102,95,7,3.0,2.5,95.0,No,Cloudy,1,Expired,No,Low
INV004803,2025-08-05,Cloud Kitchen,Vegetables,131,57,74,5.0,5.8,57.0,No,Rainy,17,Overproduction,Yes,High
INV004804,2025-08-05,Cafeteria,Vegetables,58,58,0,10.0,1.7,59.0,No,Sunny,0,No Waste,No,Low
INV004805,2025-08-05,Cloud Kitchen,Dairy,119,70,49,10.0,4.1,70.0,No,Rainy,8,Overproduction,No,Medium
INV004806,2025-08-05,Supermarket,Meat,212,147,65,4.0,2.3,147.0,Yes,Rainy,13,Overproduction,Yes,Medium
INV004807,2025-08-05,Restaurant,Dairy,85,56,29,9.0,4.6,56.0,No,Rainy,6,Low Demand,No,Medium
INV004808,2025-08-05,Supermarket,Fruits,144,144,0,8.0,9.9,151.0,No,Hot,0,No Waste,No,Low
INV004809,2025-08-06,Restaurant,Fruits,80,71,9,8.0,5.4,71.0,No,Sunny,1,Low Demand,No,Low
INV004810,2025-08-06,Cafeteria,Bakery,63,49,14,2.0,20.1,49.0,No,Rainy,2,Low Demand,No,High
INV004811,2025-08-06,Cloud Kitchen,Vegetables,119,75,44,,5.3,75.0,No,Sunny,8,Overproduction,No,Medium
INV004812,2025-08-06,Restaurant,Meat,80,80,0,7.0,2.5,99.0,No,Sunny,0,No Waste,No,Low
INV004813,2025-08-06,Restaurant,Vegetables,78,64,14,6.0,4.8,64.0,No,Cloudy,3,Low Demand,No,Medium
INV004814,2025-08-06,Cafeteria,Meat,78,70,8,,0.7,70.0,No,Hot,2,Expired,No,Medium
INV004815,2025-08-06,Cafeteria,Fruits,40,40,0,3.0,11.1,50.0,No,Rainy,0,No Waste,No,Low
INV004816,2025-08-06,Supermarket,Meat,156,156,0,1.0,0.6,157.0,Yes,Cloudy,0,No Waste,No,Low
INV004817,2025-08-06,Restaurant,Dairy,71,71,0,9.0,0.9,73.0,No,Sunny,0,No Waste,No,Low
INV004818,2025-08-06,Cloud Kitchen,Meat,131,131,0,1.0,2.8,132.0,No,Sunny,0,No Waste,No,Low
INV004819,2025-08-06,Supermarket,Prepared Food,215,103,112,1.0,24.0,103.0,No,Cloudy,54,Overproduction,Yes,High
INV004820,2025-08-06,Restaurant,Bakery,90,68,22,2.0,23.3,68.0,No,Cloudy,5,Expired,No,Medium
INV004821,2025-08-06,Cafeteria,Fruits,75,60,15,2.0,12.9,60.0,No,Sunny,5,Storage Issue,No,Medium
INV004822,2025-08-07,Supermarket,Prepared Food,150,94,56,2.0,20.8,94.0,No,Rainy,17,Overproduction,Yes,High
INV004823,2025-08-07,Restaurant,Dairy,98,50,48,,6.6,50.0,No,Rainy,13,Overproduction,Yes,High
INV004824,2025-08-07,Restaurant,Prepared Food,71,71,0,2.0,12.4,84.0,No,Sunny,0,No Waste,No,Low
INV004825,2025-08-07,Supermarket,Vegetables,170,126,44,7.0,7.6,126.0,No,Cloudy,9,Overproduction,Yes,Medium
INV004826,2025-08-07,Restaurant,Vegetables,86,50,36,2.0,4.8,50.0,No,Cloudy,10,Overproduction,No,High
INV004827,2025-08-07,Cloud Kitchen,Prepared Food,141,74,67,1.0,15.9,,No,Cloudy,26,Overproduction,Yes,High
INV004828,2025-08-07,Cafeteria,Prepared Food,69,69,0,2.0,17.3,80.0,Yes,Cloudy,0,No Waste,No,Low
INV004829,2025-08-07,Supermarket,Meat,161,106,55,2.0,1.6,106.0,No,Rainy,14,Overproduction,No,Medium
INV004830,2025-08-07,Cloud Kitchen,Prepared Food,91,91,0,1.0,22.9,93.0,No,Sunny,0,No Waste,,Low
INV004831,2025-08-07,Cafeteria,Meat,63,58,5,5.0,0.9,58.0,No,Sunny,1,Low Demand,Yes,Low
INV004832,2025-08-07,Cafeteria,Vegetables,55,55,0,7.0,10.4,78.0,Yes,Cloudy,0,No Waste,No,Low
INV004833,2025-08-07,Restaurant,Prepared Food,102,83,19,3.0,26.3,83.0,No,Sunny,5,Storage Issue,No,Medium
INV004834,2025-08-07,Cafeteria,Prepared Food,58,58,0,2.0,19.9,62.0,No,Sunny,0,No Waste,No,Low
INV004835,2025-08-07,Supermarket,Bakery,166,144,22,3.0,24.7,144.0,No,Hot,5,Expired,No,Medium
INV004836,2025-08-07,Restaurant,Prepared Food,100,91,9,1.0,12.0,91.0,Yes,Hot,3,Expired,No,Medium
INV004837,2025-08-07,Supermarket,Fruits,173,134,39,7.0,14.3,134.0,No,Cloudy,8,Storage Issue,Yes,Medium
INV004838,2025-08-07,Cafeteria,Vegetables,74,54,20,6.0,7.0,54.0,No,Hot,4,Low Demand,No,Medium
INV004839,2025-08-07,Cloud Kitchen,Meat,82,82,0,2.0,6.2,89.0,No,Cloudy,0,No Waste,No,Low
INV004840,2025-08-07,Restaurant,Meat,96,96,0,3.0,-2.3,105.0,No,Sunny,0,No Waste,No,Low
INV004841,2025-08-07,Supermarket,Prepared Food,146,96,50,2.0,16.9,96.0,No,Rainy,20,Expired,No,High
INV004842,2025-08-07,Restaurant,Vegetables,98,70,28,6.0,2.8,70.0,No,Sunny,4,Low Demand,No,Medium
INV004843,2025-08-07,Supermarket,Dairy,85,85,0,6.0,2.7,106.0,No,Rainy,0,No Waste,No,Low
INV004844,2025-08-07,Restaurant,Dairy,92,63,29,1.0,5.7,63.0,No,Rainy,12,Expired,No,High
INV004845,2025-08-07,Cafeteria,Bakery,216,84,132,4.0,13.5,84.0,Yes,Sunny,36,Overproduction,No,High
INV004846,2025-08-08,Cafeteria,Bakery,75,45,30,,23.9,45.0,No,Cloudy,8,Overproduction,No,High
INV004847,2025-08-08,Supermarket,Prepared Food,167,120,47,1.0,,,No,Rainy,16,Expired,No,High
INV004848,2025-08-08,Cloud Kitchen,Prepared Food,93,85,8,2.0,21.6,85.0,No,Hot,2,Expired,No,Medium
INV004849,2025-08-08,Supermarket,Bakery,161,132,29,6.0,21.3,132.0,No,Rainy,4,Low Demand,,Medium
INV004850,2025-08-08,Restaurant,Vegetables,99,82,17,4.0,8.4,82.0,No,Hot,2,Low Demand,No,Low
INV004851,2025-08-08,Cafeteria,Prepared Food,73,70,3,1.0,11.5,70.0,No,Hot,1,Expired,No,Low
INV004852,2025-08-08,Restaurant,Bakery,100,100,0,3.0,21.7,103.0,No,Sunny,0,No Waste,No,Low
INV004853,2025-08-08,Restaurant,Fruits,109,42,67,1.0,9.6,42.0,No,Rainy,34,Overproduction,Yes,High
INV004854,2025-08-08,Restaurant,Fruits,114,67,47,5.0,8.6,67.0,No,Cloudy,10,Overproduction,Yes,High
INV004855,2025-08-08,Cloud Kitchen,Meat,100,100,0,4.0,1.7,134.0,No,Hot,0,No Waste,No,Low
INV004856,2025-08-08,Supermarket,Prepared Food,167,136,31,1.0,24.1,136.0,No,Cloudy,12,Expired,No,Medium
INV004857,2025-08-08,Supermarket,Fruits,220,191,29,3.0,14.1,191.0,Yes,,6,Storage Issue,No,Medium
INV004858,2025-08-08,Supermarket,Fruits,162,158,4,4.0,7.7,158.0,Yes,Cloudy,1,Expired,No,Low
INV004859,2025-08-08,Restaurant,Fruits,95,61,34,4.0,8.4,61.0,No,Rainy,8,Overproduction,No,Medium
INV004860,2025-08-08,Supermarket,Dairy,149,102,47,6.0,2.7,102.0,No,Rainy,10,Overproduction,No,Medium
INV004861,2025-08-08,Supermarket,Dairy,198,150,48,5.0,,150.0,No,Sunny,11,Overproduction,No,Medium
INV004862,2025-08-08,Supermarket,Fruits,157,151,6,10.0,,151.0,No,Cloudy,0,No Waste,No,Low
INV004863,2025-08-08,Cafeteria,Bakery,68,52,16,3.0,19.0,52.0,No,Cloudy,4,Low Demand,No,Medium
INV004864,2025-08-08,Restaurant,Dairy,113,95,18,7.0,3.0,95.0,No,Hot,0,No Waste,No,Low
INV004865,2025-08-08,Supermarket,Meat,214,173,41,2.0,4.6,173.0,No,Sunny,12,Expired,No,Medium
INV004866,2025-08-08,Supermarket,Meat,128,128,0,1.0,4.9,180.0,No,Sunny,0,No Waste,No,Low
INV004867,2025-08-08,Restaurant,Prepared Food,77,77,0,2.0,17.3,92.0,No,Sunny,0,No Waste,No,Low
INV004868,2025-08-08,Restaurant,Dairy,77,68,9,14.0,1.9,68.0,No,Sunny,1,Low Demand,No,Low
INV004869,2025-08-09,Restaurant,Dairy,106,60,46,10.0,2.9,60.0,No,Hot,9,Overproduction,Yes,Medium
INV004870,2025-08-09,Supermarket,Meat,170,170,0,2.0,3.7,170.0,No,Cloudy,0,No Waste,No,Low
INV004871,2025-08-09,Restaurant,Dairy,96,71,25,6.0,2.8,71.0,No,Cloudy,4,Low Demand,Yes,Medium
INV004872,2025-08-09,Cafeteria,Fruits,68,68,0,2.0,6.9,73.0,No,Sunny,0,No Waste,No,Low
INV004873,2025-08-09,Cafeteria,Dairy,100,58,42,9.0,3.9,58.0,No,Hot,7,Overproduction,No,Medium
INV004874,2025-08-09,Cafeteria,Vegetables,57,50,7,5.0,6.3,50.0,No,Cloudy,1,Low Demand,No,Low
INV004875,2025-08-09,Cloud Kitchen,Vegetables,107,107,0,7.0,-1.1,113.0,No,Cloudy,0,No Waste,No,Low
INV004876,2025-08-09,Restaurant,Dairy,94,54,40,2.0,4.2,54.0,No,Cloudy,10,Overproduction,No,High
INV004877,2025-08-09,Supermarket,Prepared Food,148,148,0,1.0,26.0,151.0,No,Cloudy,0,No Waste,No,Low
INV004878,2025-08-09,Cloud Kitchen,Dairy,115,112,3,2.0,5.0,112.0,No,Sunny,1,Expired,No,Low
INV004879,2025-08-09,Cafeteria,Prepared Food,56,56,0,1.0,22.7,73.0,No,Sunny,0,No Waste,No,Low
INV004880,2025-08-09,Cafeteria,Vegetables,71,71,0,6.0,7.7,83.0,Yes,Cloudy,0,No Waste,No,Low
INV004881,2025-08-09,Cloud Kitchen,Dairy,132,127,5,3.0,5.1,127.0,No,Sunny,1,Expired,No,Low
INV004882,2025-08-09,Cafeteria,Bakery,77,54,23,5.0,21.6,54.0,No,Cloudy,4,Low Demand,No,Medium
INV004883,2025-08-09,Restaurant,Vegetables,122,51,71,5.0,9.5,51.0,No,Rainy,23,Overproduction,Yes,High
INV004884,2025-08-09,Restaurant,Prepared Food,126,113,13,2.0,18.0,113.0,Yes,Cloudy,3,Expired,No,Medium
INV004885,2025-08-09,Cloud Kitchen,Vegetables,157,111,46,5.0,13.2,111.0,Yes,Sunny,14,Storage Issue,Yes,High
INV004886,2025-08-09,Restaurant,Prepared Food,136,92,44,2.0,24.7,92.0,Yes,Rainy,15,Expired,No,High
INV004887,2025-08-09,Restaurant,Vegetables,126,91,35,9.0,9.6,,No,Sunny,7,Overproduction,No,Medium
INV004888,2025-08-09,Cloud Kitchen,Fruits,65,65,0,3.0,1.4,71.0,No,Sunny,0,No Waste,No,Low
INV004889,2025-08-09,Restaurant,Dairy,88,83,5,5.0,3.2,83.0,No,Cloudy,1,Low Demand,No,Low
INV004890,2025-08-10,Supermarket,Meat,158,112,46,3.0,0.5,112.0,No,Sunny,9,Expired,No,Medium
INV004891,2025-08-10,Restaurant,Meat,110,92,18,4.0,1.5,92.0,Yes,Hot,4,Low Demand,No,Medium
INV004892,2025-08-10,Cloud Kitchen,Vegetables,117,114,3,7.0,3.8,114.0,No,Sunny,0,No Waste,No,Low
INV004893,2025-08-10,Cloud Kitchen,Bakery,113,108,5,4.0,20.0,108.0,No,Hot,0,No Waste,No,Low
INV004894,2025-08-10,Restaurant,Dairy,82,68,14,7.0,6.4,68.0,No,Cloudy,3,Low Demand,No,Medium
INV004895,2025-08-10,Cloud Kitchen,Vegetables,83,83,0,,7.9,102.0,No,Cloudy,0,No Waste,No,Low
INV004896,2025-08-10,Restaurant,Bakery,51,51,0,,17.0,92.0,No,Hot,0,No Waste,No,Low
INV004897,2025-08-10,Cloud Kitchen,Dairy,129,75,54,8.0,1.8,75.0,No,Rainy,8,Overproduction,Yes,Medium
INV004898,2025-08-10,Restaurant,Dairy,116,80,36,6.0,6.7,80.0,No,Hot,7,Overproduction,No,Medium
INV004899,2025-08-10,Restaurant,Meat,88,76,12,5.0,-1.1,76.0,No,Sunny,1,Low Demand,Yes,Low
INV004900,2025-08-10,Supermarket,Fruits,161,102,59,4.0,9.2,102.0,No,Rainy,12,Overproduction,Yes,Medium
INV004901,2025-08-10,Restaurant,Vegetables,84,72,12,5.0,5.7,72.0,No,Hot,1,Low Demand,,Low
INV004902,2025-08-10,Cloud Kitchen,Vegetables,122,121,1,5.0,6.1,121.0,No,Hot,0,No Waste,No,Low
INV004903,2025-08-10,Restaurant,Fruits,115,75,40,3.0,13.2,75.0,No,Cloudy,15,Storage Issue,No,High
INV004904,2025-08-10,Restaurant,Vegetables,79,60,19,9.0,7.1,60.0,No,Rainy,1,Low Demand,No,Low
INV004905,2025-08-10,Cafeteria,Dairy,71,71,0,10.0,1.0,108.0,Yes,Cloudy,0,No Waste,No,Low
INV004906,2025-08-10,Supermarket,Bakery,157,157,0,4.0,23.1,166.0,No,Cloudy,0,No Waste,No,Low
INV004907,2025-08-10,Supermarket,Vegetables,186,149,37,7.0,12.0,149.0,No,Hot,10,Storage Issue,No,Medium
INV004908,2025-08-10,Restaurant,Fruits,80,69,11,7.0,1.2,,No,Rainy,1,Low Demand,No,Low
INV004909,2025-08-10,Restaurant,Meat,120,108,12,5.0,1.7,108.0,No,Hot,1,Expired,No,Low
INV004910,2025-08-10,Restaurant,Meat,104,78,26,3.0,2.1,78.0,No,,4,Low Demand,No,Medium
INV004911,2025-08-10,Cloud Kitchen,Vegetables,137,137,0,5.0,3.2,142.0,No,Hot,0,No Waste,No,Low
INV004912,2025-08-10,Cafeteria,Prepared Food,73,54,19,2.0,10.8,54.0,No,Sunny,5,Low Demand,No,Medium
INV004913,2025-08-10,Restaurant,Fruits,104,58,46,2.0,8.7,58.0,No,Rainy,15,Overproduction,Yes,High
INV004914,2025-08-10,Restaurant,Meat,78,63,15,5.0,1.3,63.0,No,Cloudy,3,Low Demand,No,Medium
INV004915,2025-08-10,Cloud Kitchen,Meat,118,118,0,6.0,0.2,145.0,Yes,Hot,0,No Waste,No,Low
INV004916,2025-08-10,Cloud Kitchen,Meat,175,128,47,5.0,2.1,128.0,Yes,Cloudy,8,Overproduction,Yes,Medium
INV004917,2025-08-10,Supermarket,Dairy,202,156,46,1.0,0.8,,No,Hot,14,Expired,No,Medium
INV004918,2025-08-10,Supermarket,Prepared Food,130,130,0,3.0,10.0,179.0,No,Hot,0,No Waste,No,Low
INV004919,2025-08-11,Supermarket,Prepared Food,132,98,34,1.0,19.1,98.0,No,Rainy,12,Expired,No,High
INV004920,2025-08-11,Cloud Kitchen,Dairy,114,95,19,6.0,1.8,95.0,No,Sunny,2,Low Demand,No,Low
INV004921,2025-08-11,Supermarket,Prepared Food,158,129,29,1.0,22.8,129.0,No,Sunny,10,Expired,No,Medium
INV004922,2025-08-11,Restaurant,Vegetables,79,43,36,9.0,7.9,43.0,No,Rainy,8,Overproduction,No,High
INV004923,2025-08-11,Supermarket,Fruits,156,131,25,4.0,7.1,131.0,No,Cloudy,4,Expired,No,Medium
INV004924,2025-08-11,Restaurant,Dairy,81,81,0,9.0,,105.0,No,,0,No Waste,No,Low
INV004925,2025-08-11,Restaurant,Meat,99,90,9,4.0,5.5,90.0,No,Sunny,2,Expired,No,Low
INV004926,2025-08-11,Cafeteria,Prepared Food,82,42,40,1.0,19.1,,No,Rainy,15,Overproduction,Yes,High
INV004927,2025-08-11,Cafeteria,Fruits,79,79,0,4.0,4.9,87.0,Yes,Cloudy,0,No Waste,No,Low
INV004928,2025-08-11,Supermarket,Meat,184,135,49,3.0,1.9,135.0,No,Sunny,9,Overproduction,Yes,Medium
INV004929,2025-08-11,Restaurant,Meat,94,68,26,3.0,-0.7,68.0,No,,6,Low Demand,No,Medium
INV004930,2025-08-11,Cloud Kitchen,Meat,143,114,29,5.0,1.0,114.0,No,Hot,5,Low Demand,No,Medium
INV004931,2025-08-11,Cafeteria,Vegetables,58,58,0,6.0,6.1,86.0,No,Hot,0,No Waste,No,Low
INV004932,2025-08-11,Restaurant,Prepared Food,83,81,2,2.0,14.8,81.0,No,Sunny,0,No Waste,No,Low
INV004933,2025-08-11,Restaurant,Bakery,61,61,0,1.0,22.6,79.0,No,Sunny,0,No Waste,No,Low
INV004934,2025-08-11,Cloud Kitchen,Meat,107,107,0,5.0,4.0,119.0,No,Sunny,0,No Waste,No,Low
INV004935,2025-08-11,Restaurant,Prepared Food,101,79,22,1.0,22.6,79.0,No,Hot,7,Expired,No,Low
INV004936,2025-08-11,Cloud Kitchen,Bakery,104,100,4,2.0,15.9,100.0,No,Cloudy,1,Expired,No,Low
INV004937,2025-08-11,Cafeteria,Dairy,62,55,7,8.0,3.5,55.0,No,Cloudy,1,Low Demand,No,Low
INV004938,2025-08-11,Cloud Kitchen,Bakery,111,77,34,4.0,24.8,77.0,No,Cloudy,10,Overproduction,Yes,High
INV004939,2025-08-11,Cafeteria,Dairy,71,67,4,,5.8,67.0,No,Cloudy,1,Low Demand,No,Low
INV004940,2025-08-11,Cafeteria,Dairy,70,33,37,9.0,7.7,33.0,No,Rainy,9,Overproduction,Yes,High
INV004941,2025-08-11,Supermarket,Vegetables,175,152,23,10.0,9.5,152.0,No,Sunny,2,Storage Issue,,Low
INV004942,2025-08-12,Restaurant,Bakery,84,77,7,2.0,19.6,77.0,No,Hot,1,Expired,No,Low
INV004943,2025-08-12,Supermarket,Prepared Food,185,185,0,,17.3,198.0,No,Sunny,0,No Waste,No,Low
INV004944,2025-08-12,Supermarket,Fruits,154,154,0,1.0,10.0,237.0,Yes,Cloudy,0,No Waste,No,Low
INV004945,2025-08-12,Supermarket,Prepared Food,165,142,23,2.0,19.0,142.0,No,Cloudy,3,Expired,,Low
INV004946,2025-08-12,Restaurant,Dairy,82,72,10,4.0,4.1,72.0,No,Sunny,1,Low Demand,No,Low
INV004947,2025-08-12,Cloud Kitchen,Fruits,116,83,33,4.0,13.8,83.0,No,Rainy,8,Storage Issue,,Medium
INV004948,2025-08-12,Supermarket,Fruits,131,129,2,6.0,6.1,129.0,No,Hot,0,No Waste,No,Low
INV004949,2025-08-12,Restaurant,Dairy,92,92,0,7.0,7.9,117.0,No,Hot,0,No Waste,No,Low
INV004950,2025-08-12,Supermarket,Bakery,141,101,40,4.0,21.0,101.0,No,Rainy,7,Overproduction,No,Medium
INV004951,2025-08-12,Supermarket,Vegetables,157,157,0,6.0,5.9,190.0,No,Cloudy,0,No Waste,No,Low
INV004952,2025-08-12,Cafeteria,Prepared Food,82,42,40,2.0,19.3,42.0,No,Rainy,16,Overproduction,Yes,High
INV004953,2025-08-12,Cloud Kitchen,Fruits,98,71,27,6.0,4.4,71.0,No,Rainy,4,Low Demand,No,Medium
INV004954,2025-08-12,Restaurant,Bakery,105,105,0,5.0,13.1,105.0,No,Cloudy,0,No Waste,No,Low
INV004955,2025-08-12,Supermarket,Fruits,185,164,21,8.0,13.2,164.0,No,Sunny,4,Storage Issue,No,Medium
INV004956,2025-08-12,Cafeteria,Vegetables,56,56,0,8.0,8.7,87.0,Yes,Sunny,0,No Waste,No,Low
INV004957,2025-08-12,Supermarket,Meat,228,180,48,2.0,4.7,180.0,No,Sunny,14,Expired,No,Medium
INV004958,2025-08-12,Cloud Kitchen,Meat,104,104,0,4.0,1.0,135.0,No,Hot,0,No Waste,No,Low
INV004959,2025-08-12,Cafeteria,Prepared Food,60,60,0,1.0,21.4,71.0,No,Sunny,0,No Waste,No,Low
INV004960,2025-08-12,Cloud Kitchen,Bakery,111,93,18,5.0,22.5,93.0,No,Hot,1,Low Demand,Yes,Low
INV004961,2025-08-12,Supermarket,Prepared Food,149,149,0,2.0,14.4,,Yes,Cloudy,0,No Waste,No,Low
INV004962,2025-08-13,Supermarket,Bakery,149,149,0,3.0,20.2,209.0,No,,0,No Waste,No,Low
INV004963,2025-08-13,Cafeteria,Meat,72,72,0,4.0,0.7,117.0,Yes,Sunny,0,No Waste,No,Low
INV004964,2025-08-13,Restaurant,Bakery,129,85,44,2.0,15.9,85.0,No,Sunny,13,Expired,No,High
INV004965,2025-08-13,Supermarket,Prepared Food,205,164,41,1.0,13.2,164.0,No,Hot,12,Expired,No,Medium
INV004966,2025-08-13,Cafeteria,Vegetables,61,61,0,2.0,10.2,63.0,No,Sunny,0,No Waste,No,Medium
INV004967,2025-08-13,Cafeteria,Bakery,74,35,39,2.0,24.8,35.0,No,Rainy,13,Overproduction,Yes,High
INV004968,2025-08-13,Supermarket,Vegetables,213,158,55,6.0,10.8,158.0,No,Cloudy,13,Storage Issue,Yes,Medium
INV004969,2025-08-13,Supermarket,Meat,207,105,102,4.0,3.4,105.0,No,Rainy,31,Overproduction,Yes,High
INV004970,2025-08-13,Cafeteria,Meat,67,58,9,4.0,3.7,58.0,No,Sunny,2,Low Demand,,Medium
INV004971,2025-08-13,Supermarket,Fruits,151,151,0,6.0,6.1,207.0,No,Hot,0,No Waste,,Low
INV004972,2025-08-13,Cafeteria,Prepared Food,53,53,0,3.0,,65.0,No,Sunny,0,No Waste,No,Low
INV004973,2025-08-13,Supermarket,Vegetables,177,151,26,5.0,3.6,151.0,No,Hot,5,Low Demand,,Medium
INV004974,2025-08-13,Supermarket,Dairy,229,181,48,,3.5,181.0,No,Sunny,6,Expired,No,Medium
INV004975,2025-08-13,Cloud Kitchen,Prepared Food,96,57,39,1.0,19.0,57.0,No,,16,Overproduction,No,High
INV004976,2025-08-13,Cloud Kitchen,Bakery,152,130,22,3.0,20.9,,Yes,Hot,3,Expired,No,Low
INV004977,2025-08-13,Cloud Kitchen,Vegetables,84,68,16,11.0,9.1,,No,Cloudy,2,Low Demand,No,Medium
INV004978,2025-08-13,Supermarket,Vegetables,152,152,0,4.0,5.0,191.0,No,Sunny,0,No Waste,No,Low
INV004979,2025-08-13,Supermarket,Vegetables,220,151,69,5.0,0.5,151.0,No,Hot,13,Overproduction,No,Medium
INV004980,2025-08-13,Restaurant,Bakery,76,76,0,2.0,23.5,87.0,No,Sunny,0,No Waste,No,Low
INV004981,2025-08-13,Cafeteria,Bakery,73,47,26,4.0,28.1,47.0,No,,9,Storage Issue,Yes,High
INV004982,2025-08-13,Restaurant,Prepared Food,68,57,11,,25.0,57.0,No,Rainy,4,Expired,No,Medium
INV004983,2025-08-13,Supermarket,Meat,184,141,43,1.0,-1.1,141.0,No,Hot,18,Expired,No,High
INV004984,2025-08-13,Supermarket,Meat,187,174,13,6.0,2.7,174.0,No,Cloudy,2,Expired,No,Low
INV004985,2025-08-13,Cloud Kitchen,Bakery,79,70,9,2.0,25.6,70.0,No,Rainy,2,Expired,No,Medium
INV004986,2025-08-13,Supermarket,Bakery,171,171,0,2.0,21.7,184.0,Yes,Sunny,0,No Waste,No,Low
INV004987,2025-08-13,Cloud Kitchen,Vegetables,141,68,73,5.0,1.2,68.0,Yes,Rainy,21,Overproduction,Yes,High
INV004988,2025-08-13,Cafeteria,Prepared Food,73,73,0,1.0,30.3,87.0,No,Hot,0,No Waste,No,Low
INV004989,2025-08-14,Cloud Kitchen,Prepared Food,96,96,0,1.0,22.2,102.0,No,Cloudy,0,No Waste,No,Low
INV004990,2025-08-14,Supermarket,Bakery,155,155,0,2.0,23.5,208.0,No,Hot,0,No Waste,No,Low
INV004991,2025-08-14,Restaurant,Vegetables,94,79,15,5.0,8.5,79.0,No,Cloudy,3,Low Demand,No,Medium
INV004992,2025-08-14,Restaurant,Prepared Food,67,67,0,2.0,10.6,90.0,No,Sunny,0,No Waste,No,Low
INV004993,2025-08-14,Supermarket,Vegetables,200,182,18,3.0,7.6,182.0,No,Cloudy,3,Expired,No,Low
INV004994,2025-08-14,Cloud Kitchen,Fruits,104,96,8,3.0,2.3,96.0,No,Cloudy,1,Expired,No,Medium
INV004995,2025-08-14,Restaurant,Meat,87,87,0,4.0,0.9,102.0,No,Sunny,0,No Waste,No,Low
INV004996,2025-08-14,Restaurant,Prepared Food,144,63,81,1.0,16.5,63.0,No,Rainy,34,Overproduction,No,High
INV004997,2025-08-14,Restaurant,Vegetables,70,70,0,2.0,6.0,73.0,No,Cloudy,0,No Waste,No,Low
INV004998,2025-08-14,Supermarket,Vegetables,175,175,0,6.0,6.5,186.0,Yes,Cloudy,0,No Waste,No,Low
INV004999,2025-08-14,Restaurant,Vegetables,101,101,0,7.0,4.1,120.0,Yes,Sunny,0,No Waste,No,Low
INV005000,2025-08-14,Cloud Kitchen,Prepared Food,95,95,0,2.0,16.1,,No,Hot,0,No Waste,No,Low
INV005001,2025-08-14,Supermarket,Bakery,190,190,0,3.0,17.4,210.0,No,Cloudy,0,No Waste,No,Low
INV005002,2025-08-14,Supermarket,Fruits,167,167,0,5.0,6.8,,Yes,Cloudy,0,No Waste,No,High
INV005003,2025-08-14,Cloud Kitchen,Vegetables,120,115,5,3.0,6.1,115.0,Yes,Rainy,1,Expired,No,Low
INV005004,2025-08-15,Restaurant,Dairy,105,105,0,5.0,7.1,149.0,Yes,Sunny,0,No Waste,No,Low
INV005005,2025-08-15,Restaurant,Meat,74,74,0,6.0,0.6,85.0,No,Sunny,0,No Waste,No,Low
INV005006,2025-08-15,Restaurant,Bakery,94,94,0,3.0,17.7,102.0,No,,0,No Waste,No,Low
INV005007,2025-08-15,Supermarket,Dairy,185,185,0,5.0,5.5,244.0,Yes,Sunny,0,No Waste,No,Low
INV005008,2025-08-15,Cloud Kitchen,Dairy,133,105,28,2.0,1.9,105.0,No,Cloudy,6,Expired,No,Medium
INV005009,2025-08-15,Supermarket,Dairy,174,129,45,5.0,0.5,,No,Sunny,5,Overproduction,No,Medium
INV005010,2025-08-15,Cloud Kitchen,Fruits,105,105,0,8.0,5.2,121.0,No,Hot,0,No Waste,No,Low
INV005011,2025-08-15,Cloud Kitchen,Meat,104,104,0,4.0,0.7,106.0,No,Hot,0,No Waste,No,Low
INV005012,2025-08-15,Supermarket,Meat,219,155,64,4.0,2.9,155.0,No,Hot,12,Overproduction,No,Medium
INV005013,2025-08-15,Cafeteria,Meat,99,46,53,6.0,5.3,46.0,No,Rainy,16,Overproduction,No,High
INV005014,2025-08-15,Supermarket,Bakery,109,84,25,2.0,19.4,84.0,No,Rainy,7,Expired,No,Medium
INV005015,2025-08-15,Restaurant,Vegetables,122,90,32,4.0,7.7,90.0,No,Sunny,6,Low Demand,No,Medium
INV005016,2025-08-15,Cafeteria,Prepared Food,108,35,73,1.0,16.7,35.0,No,Rainy,38,Overproduction,No,High
INV005017,2025-08-15,Cafeteria,Meat,52,52,0,3.0,1.9,55.0,No,Sunny,0,No Waste,No,Low
INV005018,2025-08-15,Restaurant,Meat,90,71,19,3.0,-0.5,71.0,No,Sunny,3,Low Demand,,Medium
INV005019,2025-08-15,Restaurant,Dairy,92,91,1,11.0,3.5,91.0,No,Sunny,0,No Waste,No,Low
INV005020,2025-08-15,Supermarket,Fruits,159,159,0,5.0,5.5,172.0,No,Sunny,0,No Waste,No,Low
INV005021,2025-08-15,Restaurant,Vegetables,104,103,1,5.0,2.7,103.0,No,Hot,0,No Waste,No,Low
INV005022,2025-08-16,Supermarket,Fruits,142,101,41,2.0,6.3,101.0,No,Rainy,12,Expired,No,Medium
INV005023,2025-08-16,Supermarket,Meat,156,92,64,6.0,2.7,,No,Rainy,17,Overproduction,Yes,High
INV005024,2025-08-16,Restaurant,Bakery,76,76,0,5.0,19.9,81.0,No,,0,No Waste,No,Low
INV005025,2025-08-16,Supermarket,Meat,150,137,13,6.0,2.6,137.0,No,Rainy,1,Low Demand,No,Low
INV005026,2025-08-16,Supermarket,Fruits,160,118,42,5.0,5.3,118.0,No,Cloudy,8,Overproduction,No,Medium
INV005027,2025-08-16,Cafeteria,Prepared Food,55,55,0,3.0,22.2,62.0,No,Sunny,0,No Waste,No,Low
INV005028,2025-08-16,Supermarket,Bakery,216,144,72,3.0,20.5,144.0,No,Cloudy,16,Overproduction,Yes,Medium
INV005029,2025-08-16,Cafeteria,Meat,71,55,16,3.0,1.4,55.0,No,Sunny,4,Low Demand,No,Medium
INV005030,2025-08-16,Supermarket,Vegetables,166,166,0,3.0,2.2,168.0,No,Sunny,0,No Waste,No,Low
INV005031,2025-08-16,Restaurant,Fruits,74,60,14,8.0,8.1,60.0,No,Rainy,1,Low Demand,No,Low
INV005032,2025-08-16,Cloud Kitchen,Prepared Food,93,93,0,1.0,12.4,104.0,No,Sunny,0,No Waste,No,Low
INV005033,2025-08-16,Supermarket,Meat,142,142,0,8.0,0.3,254.0,No,Sunny,0,No Waste,No,Low
INV005034,2025-08-16,Cafeteria,Prepared Food,76,47,29,1.0,25.7,47.0,No,Rainy,13,Low Demand,Yes,High
INV005035,2025-08-16,Cafeteria,Vegetables,59,52,7,2.0,3.4,52.0,No,Rainy,1,Low Demand,No,Low
INV005036,2025-08-16,Supermarket,Dairy,143,76,67,7.0,1.7,76.0,No,Rainy,14,Overproduction,No,High
INV005037,2025-08-16,Cafeteria,Prepared Food,84,47,37,2.0,24.8,47.0,Yes,Rainy,16,Overproduction,No,High
INV005038,2025-08-16,Supermarket,Dairy,182,127,55,3.0,5.6,127.0,No,Cloudy,14,Overproduction,Yes,Medium
INV005039,2025-08-16,Supermarket,Fruits,204,107,97,1.0,4.9,107.0,No,Sunny,36,Overproduction,Yes,High
INV005040,2025-08-16,Restaurant,Bakery,127,92,35,3.0,20.1,92.0,No,Hot,7,Expired,No,Medium
INV005041,2025-08-16,Cloud Kitchen,Vegetables,114,104,10,8.0,-1.1,104.0,No,Sunny,1,Low Demand,,High
INV005042,2025-08-16,Restaurant,Meat,80,74,6,4.0,6.1,74.0,No,Cloudy,1,Expired,No,Low
INV005043,2025-08-16,Restaurant,Fruits,84,81,3,7.0,7.3,81.0,No,Sunny,0,No Waste,No,Low
INV005044,2025-08-17,Cafeteria,Vegetables,47,47,0,7.0,1.4,70.0,No,Cloudy,0,No Waste,,Low
INV005045,2025-08-17,Cloud Kitchen,Meat,137,133,4,1.0,2.9,133.0,Yes,Hot,1,Expired,No,Low
INV005046,2025-08-17,Restaurant,Meat,88,88,0,3.0,0.1,97.0,No,Hot,0,No Waste,,Low
INV005047,2025-08-17,Cafeteria,Meat,60,56,4,2.0,-0.0,56.0,No,Sunny,1,Low Demand,No,Low
INV005048,2025-08-17,Supermarket,Vegetables,218,126,92,5.0,1.4,126.0,No,Rainy,27,Overproduction,Yes,High
INV005049,2025-08-17,Restaurant,Vegetables,71,67,4,10.0,4.2,67.0,No,Cloudy,1,Low Demand,No,Low
INV005050,2025-08-17,Cloud Kitchen,Prepared Food,99,99,0,1.0,16.7,121.0,No,Sunny,0,No Waste,No,Low
INV005051,2025-08-17,Supermarket,Fruits,106,106,0,6.0,9.1,151.0,Yes,Cloudy,0,No Waste,No,Low
INV005052,2025-08-17,Restaurant,Dairy,83,64,19,10.0,1.9,64.0,No,,1,Low Demand,No,Low
INV005053,2025-08-17,Cloud Kitchen,Bakery,153,110,43,4.0,9.1,110.0,No,Cloudy,8,Overproduction,No,Medium
INV005054,2025-08-17,Restaurant,Meat,87,74,13,3.0,3.3,74.0,No,Sunny,3,Low Demand,No,Medium
INV005055,2025-08-17,Restaurant,Meat,92,90,2,4.0,-0.1,90.0,No,Sunny,0,No Waste,No,Low
INV005056,2025-08-17,Cafeteria,Vegetables,71,71,0,7.0,13.1,80.0,No,Sunny,0,No Waste,No,Low
INV005057,2025-08-17,Supermarket,Bakery,146,122,24,2.0,20.1,,No,Cloudy,6,Expired,No,Medium
INV005058,2025-08-17,Cloud Kitchen,Meat,121,80,41,1.0,3.6,80.0,No,Sunny,16,Expired,No,High
INV005059,2025-08-17,Restaurant,Vegetables,80,80,0,6.0,8.1,93.0,Yes,Cloudy,0,No Waste,No,Low
INV005060,2025-08-17,Restaurant,Vegetables,88,85,3,10.0,8.1,85.0,No,Sunny,0,No Waste,No,Low
INV005061,2025-08-17,Restaurant,Bakery,103,63,40,4.0,18.9,63.0,No,Rainy,10,Overproduction,No,High
INV005062,2025-08-17,Restaurant,Dairy,85,85,0,9.0,4.3,93.0,No,Cloudy,0,No Waste,No,Low
INV005063,2025-08-17,Restaurant,Prepared Food,72,47,25,1.0,21.5,47.0,No,Rainy,10,Expired,No,High
INV005064,2025-08-17,Supermarket,Prepared Food,117,117,0,2.0,22.9,222.0,Yes,Sunny,0,No Waste,No,Low
INV005065,2025-08-17,Restaurant,Dairy,94,49,45,5.0,3.8,49.0,No,Rainy,12,Overproduction,No,High
INV005066,2025-08-17,Supermarket,Prepared Food,156,155,1,1.0,31.0,155.0,No,Cloudy,0,No Waste,No,Low
INV005067,2025-08-17,Supermarket,Vegetables,189,113,76,3.0,8.3,113.0,No,Cloudy,22,Overproduction,Yes,High
INV005068,2025-08-17,Restaurant,Vegetables,83,77,6,6.0,4.4,77.0,No,Hot,0,No Waste,No,Low
INV005069,2025-08-17,Cloud Kitchen,Fruits,168,113,55,5.0,7.3,113.0,No,Sunny,9,Overproduction,No,Medium
INV005070,2025-08-18,Cloud Kitchen,Fruits,109,109,0,,12.5,161.0,Yes,Hot,0,No Waste,No,Low
INV005071,2025-08-18,Cloud Kitchen,Bakery,104,63,41,2.0,23.0,63.0,No,Rainy,13,Overproduction,Yes,High
INV005072,2025-08-18,Supermarket,Meat,198,119,79,,2.3,119.0,No,Rainy,20,Overproduction,Yes,High
INV005073,2025-08-18,Cloud Kitchen,Dairy,110,105,5,6.0,2.2,105.0,No,Hot,1,Expired,No,Low
INV005074,2025-08-18,Supermarket,Fruits,125,125,0,6.0,3.9,133.0,No,Sunny,0,No Waste,No,Low
INV005075,2025-08-18,Restaurant,Meat,119,43,76,2.0,1.6,43.0,No,Rainy,30,Overproduction,Yes,High
INV005076,2025-08-18,Restaurant,Dairy,87,67,20,8.0,4.8,67.0,No,Cloudy,2,Low Demand,No,Medium
INV005077,2025-08-18,Cafeteria,Dairy,70,70,0,2.0,2.0,75.0,Yes,Cloudy,0,No Waste,No,Low
INV005078,2025-08-18,Supermarket,Prepared Food,200,200,0,1.0,10.5,232.0,Yes,Sunny,0,No Waste,No,Low
INV005079,2025-08-18,Cloud Kitchen,Meat,102,73,29,6.0,-1.4,73.0,No,Rainy,4,Overproduction,No,Medium
INV005080,2025-08-18,Cafeteria,Vegetables,104,97,7,,8.4,97.0,Yes,Sunny,1,Low Demand,No,Low
INV005081,2025-08-19,Supermarket,Bakery,111,111,0,2.0,19.1,150.0,No,Cloudy,0,No Waste,No,Low
INV005082,2025-08-19,Restaurant,Bakery,81,81,0,3.0,25.1,104.0,Yes,Cloudy,0,No Waste,No,Low
INV005083,2025-08-19,Cafeteria,Prepared Food,68,52,16,,29.3,52.0,No,Hot,7,Storage Issue,No,High
INV005084,2025-08-19,Cloud Kitchen,Prepared Food,169,83,86,1.0,14.5,83.0,No,Sunny,39,Overproduction,Yes,High
INV005085,2025-08-19,Cloud Kitchen,Bakery,133,106,27,2.0,16.6,106.0,Yes,Cloudy,7,Expired,No,Medium
INV005086,2025-08-19,Cafeteria,Meat,72,66,6,1.0,0.9,66.0,No,Hot,2,Expired,No,Medium
INV005087,2025-08-19,Restaurant,Meat,89,85,4,6.0,5.3,85.0,No,Hot,1,Low Demand,No,Low
INV005088,2025-08-19,Cafeteria,Fruits,74,61,13,8.0,8.7,61.0,No,Hot,2,Low Demand,No,Medium
INV005089,2025-08-19,Supermarket,Prepared Food,191,147,44,1.0,14.5,147.0,No,Cloudy,15,Expired,No,Medium
INV005090,2025-08-19,Restaurant,Vegetables,58,58,0,,13.6,60.0,No,Rainy,0,No Waste,No,Low
INV005091,2025-08-19,Cloud Kitchen,Bakery,156,81,75,3.0,21.2,81.0,Yes,Rainy,22,Overproduction,No,High
INV005092,2025-08-19,Restaurant,Meat,82,64,18,7.0,2.7,64.0,No,Cloudy,2,Low Demand,,Medium
INV005093,2025-08-19,Cloud Kitchen,Vegetables,100,100,0,5.0,8.6,130.0,No,Cloudy,0,No Waste,No,Low
INV005094,2025-08-19,Cloud Kitchen,Vegetables,103,103,0,6.0,5.1,170.0,Yes,Sunny,0,No Waste,No,Low
INV005095,2025-08-20,Supermarket,Bakery,193,146,47,3.0,19.8,146.0,No,Cloudy,12,Expired,,Medium
INV005096,2025-08-20,Cloud Kitchen,Dairy,127,83,44,3.0,6.4,83.0,No,Sunny,12,Overproduction,Yes,High
INV005097,2025-08-20,Cloud Kitchen,Prepared Food,101,45,56,1.0,22.0,45.0,No,Rainy,25,Overproduction,Yes,High
INV005098,2025-08-20,Restaurant,Bakery,70,70,0,2.0,16.5,98.0,No,Hot,0,No Waste,,Low
INV005099,2025-08-20,Supermarket,Vegetables,168,97,71,8.0,7.4,97.0,No,Rainy,19,Overproduction,Yes,Low
INV005100,2025-08-20,Supermarket,Prepared Food,121,121,0,1.0,17.2,160.0,No,Sunny,0,No Waste,No,Low
INV005101,2025-08-20,Cafeteria,Prepared Food,78,69,9,1.0,15.3,69.0,No,Hot,3,Expired,No,Medium
INV005102,2025-08-20,Cafeteria,Prepared Food,48,48,0,1.0,9.2,72.0,No,Cloudy,0,No Waste,No,Low
INV005103,2025-08-20,Restaurant,Bakery,79,79,0,5.0,30.3,107.0,No,Cloudy,0,No Waste,No,Low
INV005104,2025-08-20,Supermarket,Prepared Food,137,119,18,3.0,27.1,119.0,No,Rainy,5,Storage Issue,Yes,Medium
INV005105,2025-08-20,Restaurant,Meat,93,50,43,2.0,1.7,50.0,No,Rainy,13,Overproduction,No,High
INV005106,2025-08-20,Cafeteria,Dairy,56,56,0,5.0,3.2,97.0,No,Sunny,0,No Waste,No,Low
INV005107,2025-08-20,Cloud Kitchen,Vegetables,110,91,19,5.0,6.4,91.0,No,Hot,3,Expired,No,Medium
INV005108,2025-08-20,Cafeteria,Fruits,87,81,6,6.0,6.1,81.0,Yes,Hot,1,Low Demand,No,Low
INV005109,2025-08-20,Restaurant,Fruits,67,67,0,8.0,8.0,73.0,No,Rainy,0,No Waste,No,Low
INV005110,2025-08-20,Restaurant,Bakery,105,71,34,4.0,24.1,71.0,No,Hot,8,Overproduction,Yes,Medium
INV005111,2025-08-20,Cafeteria,Bakery,86,57,29,2.0,17.2,57.0,No,Hot,6,Low Demand,Yes,Medium
INV005112,2025-08-20,Supermarket,Meat,226,163,63,5.0,4.0,163.0,No,Hot,11,Overproduction,No,Medium
INV005113,2025-08-20,Cafeteria,Bakery,60,60,0,4.0,20.5,62.0,No,Sunny,0,No Waste,No,Low
INV005114,2025-08-20,Cafeteria,Dairy,66,66,0,1.0,4.1,72.0,No,Cloudy,0,No Waste,No,Low
INV005115,2025-08-20,Restaurant,Dairy,77,77,0,5.0,3.1,77.0,No,Sunny,0,No Waste,No,Low
INV005116,2025-08-20,Restaurant,Prepared Food,81,81,0,1.0,27.6,90.0,No,Cloudy,0,No Waste,No,Low
INV005117,2025-08-20,Restaurant,Meat,90,90,0,2.0,3.1,98.0,No,Hot,0,No Waste,No,Low
INV005118,2025-08-20,Cloud Kitchen,Fruits,142,82,60,6.0,7.5,,Yes,Rainy,12,Overproduction,Yes,Medium
INV005119,2025-08-20,Supermarket,Dairy,189,189,0,7.0,2.9,279.0,Yes,Sunny,0,No Waste,No,Low
INV005120,2025-08-20,Cafeteria,Meat,72,52,20,4.0,,52.0,No,Cloudy,5,Low Demand,No,Medium
INV005121,2025-08-20,Supermarket,Prepared Food,201,96,105,2.0,21.0,96.0,No,Rainy,43,Overproduction,Yes,High
INV005122,2025-08-20,Cafeteria,Meat,75,67,8,5.0,1.7,67.0,No,Sunny,1,Low Demand,No,Low
INV005123,2025-08-20,Supermarket,Dairy,182,118,64,1.0,3.4,118.0,No,Cloudy,25,Expired,No,High
INV005124,2025-08-20,Cloud Kitchen,Prepared Food,133,104,29,1.0,11.6,104.0,No,Hot,10,Expired,No,Medium
INV005125,2025-08-20,Supermarket,Fruits,207,129,78,7.0,5.9,129.0,No,Sunny,17,Overproduction,No,Medium
INV005126,2025-08-21,Supermarket,Fruits,171,171,0,4.0,9.6,190.0,No,Sunny,0,No Waste,No,Low
INV005127,2025-08-21,Cafeteria,Bakery,41,41,0,2.0,21.3,58.0,No,Cloudy,0,No Waste,No,Low
INV005128,2025-08-21,Cafeteria,Prepared Food,86,76,10,1.0,26.3,76.0,No,Sunny,4,Expired,No,Medium
INV005129,2025-08-21,Cloud Kitchen,Vegetables,106,103,3,2.0,6.6,103.0,No,Cloudy,1,Expired,No,Low
INV005130,2025-08-21,Restaurant,Fruits,100,70,30,5.0,6.8,70.0,No,Hot,6,Overproduction,Yes,Medium
INV005131,2025-08-21,Supermarket,Meat,157,118,39,6.0,-0.3,118.0,No,Sunny,5,Overproduction,Yes,Medium
INV005132,2025-08-21,Restaurant,Bakery,125,90,35,4.0,16.9,90.0,No,Hot,4,Low Demand,No,Medium
INV005133,2025-08-21,Restaurant,Bakery,68,68,0,2.0,25.6,87.0,No,Sunny,0,No Waste,,Low
INV005134,2025-08-21,Restaurant,Prepared Food,92,56,36,1.0,15.3,56.0,No,Rainy,14,Overproduction,Yes,High
INV005135,2025-08-21,Restaurant,Prepared Food,68,68,0,2.0,18.0,81.0,No,Sunny,0,No Waste,No,Low
INV005136,2025-08-21,Supermarket,Fruits,149,115,34,4.0,1.8,,No,Rainy,7,Overproduction,No,Medium
INV005137,2025-08-21,Cafeteria,Bakery,68,68,0,3.0,18.9,83.0,Yes,Hot,0,No Waste,No,Low
INV005138,2025-08-21,Supermarket,Vegetables,154,154,0,12.0,5.5,167.0,Yes,Cloudy,0,No Waste,No,Low
INV005139,2025-08-21,Supermarket,Dairy,162,162,0,3.0,4.2,162.0,No,Hot,0,No Waste,No,Low
INV005140,2025-08-21,Supermarket,Meat,225,225,0,2.0,0.2,232.0,Yes,Hot,0,No Waste,No,Medium
INV005141,2025-08-21,Restaurant,Meat,110,77,33,5.0,3.0,77.0,No,Sunny,7,Low Demand,Yes,Medium
INV005142,2025-08-21,Restaurant,Bakery,89,64,25,3.0,26.0,64.0,No,Cloudy,8,Low Demand,No,High
INV005143,2025-08-21,Cloud Kitchen,Vegetables,99,99,0,4.0,-0.5,99.0,No,Sunny,0,No Waste,No,Low
INV005144,2025-08-22,Supermarket,Prepared Food,148,148,0,1.0,11.2,150.0,No,Cloudy,0,No Waste,No,Low
INV005145,2025-08-22,Cloud Kitchen,Fruits,123,101,22,7.0,10.1,101.0,No,Cloudy,3,Low Demand,No,Medium
INV005146,2025-08-22,Supermarket,Meat,428,117,311,5.0,3.9,117.0,No,Rainy,102,Overproduction,Yes,High
INV005147,2025-08-22,Supermarket,Vegetables,204,165,39,6.0,7.2,165.0,No,Sunny,4,Expired,No,Low
INV005148,2025-08-22,Restaurant,Fruits,85,85,0,4.0,3.4,103.0,No,Sunny,0,No Waste,No,Low
INV005149,2025-08-22,Supermarket,Prepared Food,124,124,0,2.0,21.4,173.0,Yes,Hot,0,No Waste,No,Low
INV005150,2025-08-22,Restaurant,Prepared Food,91,91,0,1.0,18.9,98.0,No,Sunny,0,No Waste,No,Low
INV005151,2025-08-22,Supermarket,Fruits,236,85,151,6.0,7.6,85.0,No,Rainy,48,Overproduction,Yes,High
INV005152,2025-08-22,Cafeteria,Prepared Food,51,51,0,2.0,25.7,71.0,No,Hot,0,No Waste,No,Low
INV005153,2025-08-22,Cafeteria,Prepared Food,50,50,0,2.0,16.9,79.0,No,Hot,0,No Waste,No,Low
INV005154,2025-08-22,Cloud Kitchen,Meat,88,88,0,3.0,0.2,126.0,No,Sunny,0,No Waste,,Low
INV005155,2025-08-22,Restaurant,Dairy,137,73,64,7.0,5.7,73.0,No,Cloudy,13,Overproduction,No,High
INV005156,2025-08-22,Cloud Kitchen,Dairy,129,106,23,5.0,5.6,106.0,No,Sunny,4,Overproduction,No,Medium
INV005157,2025-08-22,Cafeteria,Vegetables,56,56,0,6.0,6.2,,No,Hot,0,No Waste,No,Low
INV005158,2025-08-22,Restaurant,Prepared Food,93,68,25,1.0,22.6,68.0,No,Hot,9,Expired,No,High
INV005159,2025-08-22,Restaurant,Dairy,60,60,0,8.0,5.1,65.0,No,Cloudy,0,No Waste,No,Low
INV005160,2025-08-22,Supermarket,Bakery,156,144,12,3.0,25.2,144.0,No,Sunny,3,Storage Issue,No,Low
INV005161,2025-08-22,Supermarket,Dairy,154,154,0,1.0,5.1,201.0,No,Cloudy,0,No Waste,No,Low
INV005162,2025-08-23,Cloud Kitchen,Fruits,127,105,22,6.0,6.1,105.0,No,Cloudy,5,Overproduction,No,Medium
INV005163,2025-08-23,Supermarket,Prepared Food,167,167,0,1.0,17.6,170.0,No,Hot,0,No Waste,No,Low
INV005164,2025-08-23,Cloud Kitchen,Prepared Food,102,96,6,2.0,12.8,96.0,No,Hot,1,Expired,No,Low
INV005165,2025-08-23,Supermarket,Vegetables,194,160,34,6.0,8.6,160.0,No,Sunny,4,Storage Issue,No,Medium
INV005166,2025-08-23,Cloud Kitchen,Dairy,118,89,29,1.0,1.7,89.0,No,Cloudy,8,Expired,No,Medium
INV005167,2025-08-23,Supermarket,Vegetables,724,184,540,7.0,3.4,184.0,Yes,Cloudy,164,Overproduction,Yes,High
INV005168,2025-08-23,Restaurant,Vegetables,91,91,0,2.0,6.7,97.0,No,Sunny,0,No Waste,No,Low
INV005169,2025-08-23,Restaurant,Prepared Food,111,91,20,1.0,33.7,91.0,No,Sunny,11,Storage Issue,No,High
INV005170,2025-08-23,Cafeteria,Dairy,68,54,14,5.0,3.1,54.0,No,Sunny,3,Low Demand,No,Medium
INV005171,2025-08-23,Restaurant,Fruits,108,91,17,9.0,6.9,91.0,No,Hot,1,Low Demand,No,Low
INV005172,2025-08-23,Cafeteria,Bakery,91,91,0,3.0,25.2,96.0,Yes,Sunny,0,No Waste,No,Low
INV005173,2025-08-23,Supermarket,Vegetables,224,149,75,3.0,9.5,149.0,No,Sunny,17,Storage Issue,Yes,Medium
INV005174,2025-08-23,Restaurant,Bakery,73,73,0,1.0,27.1,81.0,No,Sunny,0,No Waste,No,High
INV005175,2025-08-23,Cafeteria,Fruits,77,56,21,6.0,1.2,56.0,No,Cloudy,2,Low Demand,No,Medium
INV005176,2025-08-23,Cafeteria,Meat,56,50,6,5.0,1.7,50.0,No,,1,Low Demand,No,Low
INV005177,2025-08-23,Cloud Kitchen,Dairy,124,108,16,8.0,9.6,108.0,No,Hot,2,Storage Issue,No,Low
INV005178,2025-08-23,Supermarket,Prepared Food,154,115,39,1.0,,115.0,No,Rainy,20,Storage Issue,Yes,High
INV005179,2025-08-23,Supermarket,Meat,163,156,7,8.0,-1.5,156.0,No,Sunny,1,Low Demand,No,Low
INV005180,2025-08-23,Cloud Kitchen,Fruits,142,109,33,7.0,6.6,109.0,Yes,Sunny,4,Low Demand,No,Medium
INV005181,2025-08-23,Cloud Kitchen,Fruits,100,79,21,5.0,8.2,79.0,No,Rainy,4,Overproduction,Yes,Medium
INV005182,2025-08-23,Cafeteria,Fruits,70,47,23,3.0,2.6,47.0,No,Sunny,6,Low Demand,No,Medium
INV005183,2025-08-23,Restaurant,Prepared Food,70,70,0,1.0,21.8,77.0,No,Cloudy,0,No Waste,No,Low
INV005184,2025-08-24,Cloud Kitchen,Prepared Food,125,96,29,2.0,21.0,96.0,No,Hot,9,Expired,No,Medium
INV005185,2025-08-24,Supermarket,Dairy,181,181,0,13.0,,223.0,No,Sunny,0,No Waste,No,Low
INV005186,2025-08-24,Cloud Kitchen,Fruits,78,78,0,6.0,11.0,92.0,No,Rainy,0,No Waste,No,Low
INV005187,2025-08-24,Cafeteria,Bakery,61,61,0,3.0,24.2,76.0,No,Sunny,0,No Waste,No,Low
INV005188,2025-08-24,Restaurant,Bakery,67,67,0,2.0,18.0,76.0,No,Hot,0,No Waste,No,Low
INV005189,2025-08-24,Supermarket,Dairy,146,139,7,8.0,7.9,,No,Sunny,1,Storage Issue,No,Low
INV005190,2025-08-24,Supermarket,Fruits,243,241,2,7.0,,241.0,Yes,Hot,0,No Waste,,Low
INV005191,2025-08-24,Cloud Kitchen,Vegetables,69,69,0,6.0,2.0,91.0,No,Cloudy,0,No Waste,No,Low
INV005192,2025-08-24,Supermarket,Vegetables,124,124,0,6.0,5.4,186.0,No,Hot,0,No Waste,,Low
INV005193,2025-08-25,Restaurant,Prepared Food,93,89,4,3.0,30.1,89.0,No,Sunny,1,Storage Issue,No,Low
INV005194,2025-08-25,Supermarket,Bakery,137,121,16,2.0,21.6,121.0,No,Rainy,3,Expired,No,Medium
INV005195,2025-08-25,Restaurant,Bakery,95,90,5,4.0,21.0,90.0,No,Sunny,1,Low Demand,No,Low
INV005196,2025-08-25,Supermarket,Meat,179,170,9,1.0,3.7,170.0,Yes,Sunny,3,Expired,No,Low
INV005197,2025-08-25,Cafeteria,Dairy,63,59,4,10.0,5.8,59.0,No,Sunny,1,Low Demand,No,Low
INV005198,2025-08-25,Supermarket,Vegetables,213,109,104,2.0,5.2,109.0,No,Rainy,39,Overproduction,Yes,High
INV005199,2025-08-25,Restaurant,Bakery,99,93,6,5.0,30.3,93.0,No,Sunny,1,Storage Issue,No,Low
INV005200,2025-08-25,Supermarket,Vegetables,204,114,90,7.0,7.3,114.0,No,Rainy,17,Overproduction,Yes,Medium
INV005201,2025-08-25,Cloud Kitchen,Dairy,133,101,32,8.0,4.1,101.0,No,Cloudy,3,Low Demand,No,Medium
INV005202,2025-08-25,Cafeteria,Dairy,66,52,14,6.0,5.8,52.0,No,Cloudy,2,Low Demand,No,Medium
INV005203,2025-08-25,Restaurant,Vegetables,86,46,40,7.0,7.9,46.0,No,Rainy,12,Overproduction,Yes,High
INV005204,2025-08-25,Cloud Kitchen,Bakery,112,71,41,3.0,21.8,71.0,No,Rainy,7,Overproduction,No,Medium
INV005205,2025-08-25,Cafeteria,Bakery,77,75,2,2.0,21.6,75.0,No,Sunny,0,No Waste,No,Low
INV005206,2025-08-25,Supermarket,Prepared Food,188,185,3,1.0,19.8,185.0,No,Sunny,1,Expired,No,Low
INV005207,2025-08-25,Restaurant,Prepared Food,111,101,10,1.0,27.0,101.0,No,Sunny,3,Expired,No,Medium
INV005208,2025-08-25,Restaurant,Prepared Food,78,78,0,1.0,24.9,88.0,No,Cloudy,0,No Waste,No,Low
INV005209,2025-08-25,Cafeteria,Bakery,75,75,0,3.0,23.6,84.0,No,Hot,0,No Waste,No,Low
INV005210,2025-08-25,Restaurant,Meat,99,89,10,2.0,-0.5,89.0,Yes,Cloudy,2,Expired,No,Low
INV005211,2025-08-25,Cafeteria,Vegetables,54,50,4,8.0,8.2,50.0,No,Cloudy,0,No Waste,No,Low
INV005212,2025-08-25,Cafeteria,Prepared Food,51,51,0,2.0,11.1,60.0,No,Cloudy,0,No Waste,No,Low
INV005213,2025-08-26,Supermarket,Dairy,186,110,76,13.0,3.7,,No,Rainy,11,Overproduction,No,Medium
INV005214,2025-08-26,Cafeteria,Meat,64,32,32,6.0,1.4,32.0,No,Rainy,5,Overproduction,No,Medium
INV005215,2025-08-26,Supermarket,Meat,186,175,11,4.0,0.6,175.0,No,Sunny,1,Expired,No,Low
INV005216,2025-08-26,Cafeteria,Meat,46,46,0,3.0,0.7,46.0,No,Cloudy,0,No Waste,No,Low
INV005217,2025-08-26,Supermarket,Bakery,168,154,14,3.0,17.5,154.0,No,Sunny,3,Expired,No,Low
INV005218,2025-08-26,Supermarket,Bakery,175,175,0,3.0,19.4,268.0,Yes,Sunny,0,No Waste,No,Low
INV005219,2025-08-26,Restaurant,Vegetables,100,62,38,6.0,12.0,62.0,Yes,Rainy,8,Overproduction,Yes,Medium
INV005220,2025-08-26,Restaurant,Prepared Food,87,77,10,2.0,,77.0,No,Sunny,1,Expired,No,Low
INV005221,2025-08-26,Restaurant,Prepared Food,89,77,12,1.0,16.1,77.0,No,Hot,4,Expired,No,Medium
INV005222,2025-08-26,Cloud Kitchen,Fruits,135,92,43,7.0,9.4,92.0,No,Sunny,8,Overproduction,Yes,Medium
INV005223,2025-08-26,Cafeteria,Bakery,63,63,0,1.0,21.7,73.0,No,Sunny,0,No Waste,No,Low
INV005224,2025-08-26,Supermarket,Vegetables,175,119,56,3.0,4.0,119.0,Yes,Rainy,12,Overproduction,No,Medium
INV005225,2025-08-26,Supermarket,Bakery,117,117,0,1.0,20.2,212.0,No,Sunny,0,No Waste,No,Low
INV005226,2025-08-26,Restaurant,Vegetables,102,102,0,7.0,3.7,114.0,Yes,Sunny,0,No Waste,No,Low
INV005227,2025-08-26,Supermarket,Prepared Food,121,121,0,2.0,20.8,144.0,No,Sunny,0,No Waste,No,Low
INV005228,2025-08-26,Cafeteria,Meat,68,47,21,3.0,2.0,47.0,No,Sunny,3,Low Demand,No,Medium
INV005229,2025-08-26,Restaurant,Bakery,128,128,0,,18.1,140.0,Yes,Hot,0,No Waste,No,High
INV005230,2025-08-26,Cloud Kitchen,Dairy,109,106,3,8.0,,106.0,No,Sunny,0,No Waste,No,Low
INV005231,2025-08-27,Cloud Kitchen,Fruits,136,136,0,9.0,6.9,160.0,Yes,Cloudy,0,No Waste,No,Low
INV005232,2025-08-27,Cafeteria,Prepared Food,57,46,11,2.0,26.4,,No,Rainy,4,Low Demand,No,Medium
INV005233,2025-08-27,Cafeteria,Fruits,89,42,47,5.0,6.7,42.0,No,Rainy,11,Overproduction,Yes,High
INV005234,2025-08-27,Supermarket,Prepared Food,183,183,0,2.0,13.9,215.0,No,Sunny,0,No Waste,No,Low
INV005235,2025-08-27,Cloud Kitchen,Prepared Food,104,56,48,1.0,,56.0,No,Rainy,23,Overproduction,No,High
INV005236,2025-08-27,Restaurant,Fruits,132,103,29,3.0,7.7,103.0,Yes,Sunny,7,Expired,No,Medium
INV005237,2025-08-27,Restaurant,Meat,62,62,0,4.0,4.9,76.0,No,Sunny,0,No Waste,No,High
INV005238,2025-08-27,Cloud Kitchen,Vegetables,83,83,0,8.0,6.9,103.0,No,Sunny,0,No Waste,No,Low
INV005239,2025-08-27,Restaurant,Dairy,102,81,21,6.0,5.4,81.0,No,Sunny,3,Low Demand,No,Medium
INV005240,2025-08-27,Restaurant,Dairy,89,83,6,14.0,3.6,83.0,No,Sunny,0,No Waste,No,Low
INV005241,2025-08-27,Cafeteria,Bakery,42,42,0,5.0,22.7,67.0,No,Sunny,0,No Waste,No,Low
INV005242,2025-08-27,Cafeteria,Vegetables,59,59,0,5.0,5.2,71.0,No,Sunny,0,No Waste,No,Low
INV005243,2025-08-27,Supermarket,Vegetables,170,160,10,6.0,7.7,160.0,No,Cloudy,1,Low Demand,No,Low
INV005244,2025-08-27,Cafeteria,Meat,59,50,9,4.0,-0.4,50.0,No,Sunny,2,Low Demand,No,Low
INV005245,2025-08-27,Cloud Kitchen,Bakery,123,96,27,1.0,,96.0,No,Hot,11,Expired,No,High
INV005246,2025-08-27,Supermarket,Vegetables,176,164,12,7.0,7.6,164.0,No,Sunny,1,Low Demand,No,Low
INV005247,2025-08-27,Cafeteria,Fruits,74,74,0,8.0,2.5,94.0,Yes,Hot,0,No Waste,No,Low
INV005248,2025-08-27,Restaurant,Bakery,76,73,3,5.0,23.3,73.0,No,Cloudy,0,No Waste,No,High
INV005249,2025-08-27,Supermarket,Meat,200,200,0,5.0,-0.3,207.0,No,Hot,0,No Waste,No,Low
INV005250,2025-08-27,Restaurant,Fruits,85,73,12,6.0,15.7,73.0,No,Rainy,3,Storage Issue,No,Medium
INV005251,2025-08-27,Restaurant,Vegetables,83,83,0,8.0,6.8,88.0,Yes,Sunny,0,No Waste,No,Low
INV005252,2025-08-27,Cafeteria,Bakery,71,71,0,,26.2,85.0,Yes,Sunny,0,No Waste,No,Low
INV005253,2025-08-27,Supermarket,Meat,157,125,32,8.0,3.0,125.0,Yes,Rainy,6,Overproduction,No,Medium
INV005254,2025-08-27,Restaurant,Meat,95,60,35,3.0,0.1,60.0,No,Rainy,4,Overproduction,No,Medium
INV005255,2025-08-27,Restaurant,Prepared Food,105,78,27,1.0,24.0,78.0,No,Hot,12,Expired,No,High
INV005256,2025-08-27,Supermarket,Meat,170,170,0,5.0,1.9,183.0,No,Sunny,0,No Waste,No,Low
INV005257,2025-08-27,Restaurant,Meat,88,79,9,5.0,0.6,79.0,No,Cloudy,1,Low Demand,No,Low
INV005258,2025-08-28,Supermarket,Dairy,163,99,64,7.0,2.6,99.0,No,Rainy,8,Overproduction,No,Medium
INV005259,2025-08-28,Cloud Kitchen,Fruits,147,83,64,7.0,9.9,,No,Sunny,18,Overproduction,Yes,High
INV005260,2025-08-28,Restaurant,Vegetables,106,97,9,7.0,2.9,97.0,No,Sunny,0,No Waste,No,Low
INV005261,2025-08-28,Supermarket,Vegetables,145,145,0,6.0,0.5,261.0,Yes,Sunny,0,No Waste,No,Low
INV005262,2025-08-28,Restaurant,Vegetables,75,74,1,1.0,4.4,74.0,No,Sunny,0,No Waste,No,Low
INV005263,2025-08-28,Cafeteria,Dairy,75,48,27,12.0,2.1,48.0,No,Cloudy,3,Low Demand,No,Medium
INV005264,2025-08-28,Restaurant,Vegetables,84,84,0,6.0,8.1,,Yes,,0,No Waste,No,Low
INV005265,2025-08-28,Cloud Kitchen,Vegetables,106,106,0,6.0,7.0,113.0,No,Sunny,0,No Waste,No,Low
INV005266,2025-08-28,Cafeteria,Prepared Food,63,58,5,2.0,,58.0,No,Hot,1,Low Demand,No,Low
INV005267,2025-08-28,Supermarket,Bakery,168,157,11,1.0,17.7,157.0,No,Cloudy,3,Expired,No,Low
INV005268,2025-08-28,Cafeteria,Fruits,38,38,0,5.0,6.0,65.0,No,Sunny,0,No Waste,No,Low
INV005269,2025-08-28,Supermarket,Vegetables,116,116,0,4.0,8.7,154.0,No,Sunny,0,No Waste,No,Low
INV005270,2025-08-28,Supermarket,Dairy,158,139,19,6.0,3.5,139.0,No,Hot,3,Overproduction,No,Low
INV005271,2025-08-28,Supermarket,Prepared Food,157,157,0,1.0,27.2,180.0,No,Sunny,0,No Waste,No,Low
INV005272,2025-08-28,Supermarket,Fruits,132,102,30,7.0,8.0,102.0,No,,3,Low Demand,No,Medium
INV005273,2025-08-28,Restaurant,Bakery,86,85,1,2.0,23.4,85.0,No,Cloudy,0,No Waste,No,Low
INV005274,2025-08-28,Cafeteria,Fruits,67,67,0,7.0,,84.0,No,Cloudy,0,No Waste,,Low
INV005275,2025-08-28,Supermarket,Prepared Food,146,146,0,2.0,13.6,216.0,Yes,Cloudy,0,No Waste,No,Low
INV005276,2025-08-28,Restaurant,Bakery,78,58,20,2.0,18.9,58.0,No,Rainy,3,Low Demand,No,Medium
INV005277,2025-08-28,Cloud Kitchen,Prepared Food,127,123,4,1.0,16.5,123.0,No,Sunny,1,Expired,No,Low
INV005278,2025-08-28,Supermarket,Bakery,177,177,0,4.0,22.9,177.0,No,Cloudy,0,No Waste,No,Low
INV005279,2025-08-28,Supermarket,Fruits,177,148,29,2.0,8.6,148.0,Yes,Rainy,8,Expired,No,Medium
INV005280,2025-08-29,Cafeteria,Dairy,70,39,31,6.0,5.4,39.0,No,Rainy,7,Overproduction,No,High
INV005281,2025-08-29,Cloud Kitchen,Bakery,120,120,0,1.0,22.2,125.0,No,Hot,0,No Waste,No,Low
INV005282,2025-08-29,Restaurant,Prepared Food,75,75,0,2.0,27.7,109.0,No,Hot,0,No Waste,No,Low
INV005283,2025-08-29,Cloud Kitchen,Vegetables,88,88,0,7.0,7.1,112.0,No,Hot,0,No Waste,No,Medium
INV005284,2025-08-29,Cafeteria,Vegetables,78,57,21,6.0,4.0,57.0,No,Sunny,4,Low Demand,No,Medium
INV005285,2025-08-29,Cloud Kitchen,Prepared Food,118,118,0,1.0,18.8,129.0,No,Sunny,0,No Waste,No,Low
INV005286,2025-08-29,Supermarket,Prepared Food,186,121,65,2.0,19.5,121.0,No,Cloudy,15,Overproduction,Yes,Medium
INV005287,2025-08-29,Cafeteria,Meat,62,59,3,5.0,0.9,59.0,No,Hot,0,No Waste,No,Low
INV005288,2025-08-29,Supermarket,Prepared Food,841,221,620,1.0,19.1,221.0,Yes,Sunny,299,Overproduction,Yes,High
INV005289,2025-08-29,Supermarket,Prepared Food,121,121,0,2.0,23.6,121.0,No,Rainy,0,No Waste,No,Low
INV005290,2025-08-29,Cloud Kitchen,Fruits,123,123,0,3.0,11.6,151.0,Yes,,0,No Waste,No,Medium
INV005291,2025-08-29,Supermarket,Bakery,167,167,0,4.0,16.4,173.0,No,Cloudy,0,No Waste,No,Low
INV005292,2025-08-29,Cafeteria,Vegetables,78,67,11,3.0,2.4,67.0,No,Hot,2,Low Demand,No,Medium
INV005293,2025-08-29,Supermarket,Vegetables,231,98,133,2.0,8.7,98.0,No,Rainy,51,Overproduction,Yes,High
INV005294,2025-08-29,Restaurant,Vegetables,90,90,0,5.0,4.9,101.0,No,Sunny,0,No Waste,No,Low
INV005295,2025-08-29,Restaurant,Meat,86,50,36,2.0,-0.5,50.0,No,Rainy,12,Overproduction,No,High
INV005296,2025-08-29,Restaurant,Vegetables,345,95,250,3.0,9.5,95.0,No,Sunny,106,Overproduction,Yes,Medium
INV005297,2025-08-29,Supermarket,Dairy,173,158,15,9.0,2.9,158.0,Yes,Rainy,1,Low Demand,No,High
INV005298,2025-08-29,Cloud Kitchen,Fruits,109,89,20,3.0,7.6,89.0,No,Sunny,5,Expired,No,Medium
INV005299,2025-08-29,Restaurant,Fruits,71,71,0,7.0,7.2,102.0,No,,0,No Waste,No,Low
INV005300,2025-08-29,Restaurant,Bakery,113,51,62,6.0,26.1,51.0,No,Rainy,24,Overproduction,Yes,High
INV005301,2025-08-30,Restaurant,Prepared Food,57,57,0,1.0,18.0,101.0,No,Sunny,0,No Waste,No,Low
INV005302,2025-08-30,Restaurant,Fruits,89,89,0,7.0,,112.0,No,Hot,0,No Waste,No,Low
INV005303,2025-08-30,Supermarket,Prepared Food,197,147,50,2.0,28.6,147.0,Yes,Sunny,21,Storage Issue,Yes,High
INV005304,2025-08-30,Restaurant,Meat,102,87,15,4.0,0.4,87.0,No,Sunny,2,Low Demand,No,Low
INV005305,2025-08-30,Cloud Kitchen,Dairy,94,94,0,7.0,2.7,103.0,No,Sunny,0,No Waste,No,Low
INV005306,2025-08-30,Restaurant,Fruits,129,64,65,7.0,9.0,64.0,No,Cloudy,19,Overproduction,Yes,High
INV005307,2025-08-30,Restaurant,Prepared Food,101,100,1,2.0,27.3,100.0,Yes,Hot,0,No Waste,No,Low
INV005308,2025-08-30,Restaurant,Bakery,96,71,25,3.0,24.0,71.0,No,Cloudy,5,Low Demand,No,Medium
INV005309,2025-08-30,Restaurant,Meat,107,86,21,5.0,-1.1,86.0,No,Cloudy,3,Low Demand,No,Medium
INV005310,2025-08-30,Restaurant,Fruits,88,87,1,9.0,10.5,87.0,No,,0,No Waste,No,Low
INV005311,2025-08-30,Restaurant,Bakery,74,74,0,4.0,23.3,85.0,No,Cloudy,0,No Waste,No,Low
INV005312,2025-08-30,Restaurant,Vegetables,87,87,0,7.0,6.7,106.0,Yes,Sunny,0,No Waste,No,Low
INV005313,2025-08-30,Cafeteria,Fruits,80,80,0,5.0,8.4,86.0,Yes,Hot,0,No Waste,No,Low
INV005314,2025-08-30,Cafeteria,Dairy,101,74,27,6.0,3.9,74.0,Yes,Hot,4,Overproduction,No,Medium
INV005315,2025-08-30,Cloud Kitchen,Bakery,98,62,36,2.0,21.6,62.0,No,Sunny,11,Overproduction,No,High
INV005316,2025-08-30,Supermarket,Dairy,154,154,0,8.0,6.1,204.0,No,Sunny,0,No Waste,No,Low
INV005317,2025-08-30,Cafeteria,Prepared Food,58,58,0,1.0,31.5,65.0,No,Sunny,0,No Waste,No,Low
INV005318,2025-08-30,Restaurant,Bakery,90,64,26,4.0,21.0,64.0,No,Rainy,6,Low Demand,Yes,Medium
INV005319,2025-08-30,Restaurant,Vegetables,85,85,0,7.0,7.2,85.0,No,Sunny,0,No Waste,No,Low
INV005320,2025-08-31,Cloud Kitchen,Bakery,110,107,3,3.0,18.6,107.0,No,Sunny,0,No Waste,No,Low
INV005321,2025-08-31,Cafeteria,Bakery,52,52,0,3.0,23.9,53.0,No,Sunny,0,No Waste,No,Medium
INV005322,2025-08-31,Cafeteria,Vegetables,49,47,2,3.0,7.3,47.0,No,Hot,0,No Waste,No,Low
INV005323,2025-08-31,Restaurant,Meat,84,66,18,7.0,1.0,66.0,No,Cloudy,1,Low Demand,No,Low
INV005324,2025-08-31,Cafeteria,Fruits,49,49,0,6.0,2.7,72.0,No,Sunny,0,No Waste,No,Low
INV005325,2025-08-31,Cloud Kitchen,Meat,82,82,0,,3.5,112.0,No,Sunny,0,No Waste,No,Low
INV005326,2025-08-31,Supermarket,Vegetables,191,191,0,8.0,1.4,217.0,Yes,Hot,0,No Waste,No,Low
INV005327,2025-08-31,Restaurant,Fruits,61,61,0,3.0,4.7,109.0,Yes,Hot,0,No Waste,No,Low
INV005328,2025-08-31,Cafeteria,Meat,75,62,13,5.0,4.7,62.0,No,Cloudy,3,Low Demand,No,Medium
INV005329,2025-08-31,Restaurant,Vegetables,49,49,0,,4.9,99.0,No,Hot,0,No Waste,No,Low
INV005330,2025-08-31,Cloud Kitchen,Fruits,127,73,54,7.0,12.0,73.0,No,Rainy,17,Overproduction,Yes,High
INV005331,2025-08-31,Restaurant,Meat,67,67,0,2.0,5.4,125.0,Yes,Hot,0,No Waste,No,Low
INV005332,2025-08-31,Cloud Kitchen,Vegetables,159,124,35,5.0,6.3,124.0,Yes,Cloudy,6,Overproduction,No,Medium
INV005333,2025-08-31,Cloud Kitchen,Vegetables,112,112,0,9.0,7.8,135.0,Yes,Cloudy,0,No Waste,No,Low
INV005334,2025-08-31,Restaurant,Vegetables,58,58,0,3.0,6.2,82.0,No,Sunny,0,No Waste,No,Low
INV005335,2025-08-31,Restaurant,Prepared Food,115,57,58,3.0,21.1,57.0,No,Rainy,16,Overproduction,Yes,High
INV005336,2025-08-31,Restaurant,Prepared Food,70,70,0,1.0,18.6,86.0,No,Sunny,0,No Waste,No,Low
INV005337,2025-08-31,Cafeteria,Meat,65,65,0,,3.6,67.0,No,Sunny,0,No Waste,No,Low
INV005338,2025-08-31,Supermarket,Meat,182,182,0,1.0,1.4,204.0,No,Sunny,0,No Waste,No,Low
INV005339,2025-08-31,Supermarket,Dairy,184,173,11,10.0,0.5,173.0,No,Sunny,1,Low Demand,No,Low
INV005340,2025-08-31,Supermarket,Dairy,203,188,15,7.0,1.6,188.0,Yes,Sunny,1,Expired,No,Low
INV005341,2025-08-31,Restaurant,Fruits,121,77,44,4.0,4.8,77.0,Yes,Rainy,11,Overproduction,No,High
INV005342,2025-08-31,Cafeteria,Vegetables,66,62,4,8.0,5.3,62.0,No,Sunny,0,No Waste,No,Low
INV005343,2025-08-31,Restaurant,Fruits,75,74,1,5.0,12.5,74.0,No,Cloudy,0,No Waste,No,Low
INV005344,2025-08-31,Supermarket,Meat,159,145,14,3.0,3.0,145.0,No,Hot,2,Expired,No,Low
INV005345,2025-09-01,Restaurant,Bakery,71,71,0,1.0,22.2,95.0,Yes,Hot,0,No Waste,No,Low
INV005346,2025-09-01,Supermarket,Prepared Food,216,120,96,2.0,25.1,120.0,No,Cloudy,46,Overproduction,Yes,High
INV005347,2025-09-01,Cafeteria,Prepared Food,73,53,20,2.0,17.1,53.0,Yes,Rainy,5,Low Demand,No,Medium
INV005348,2025-09-01,Supermarket,Prepared Food,214,179,35,3.0,22.3,179.0,Yes,Sunny,6,Expired,No,Medium
INV005349,2025-09-01,Restaurant,Fruits,67,67,0,2.0,9.0,98.0,No,Cloudy,0,No Waste,,Low
INV005350,2025-09-01,Restaurant,Meat,84,68,16,,0.5,68.0,No,Sunny,5,Expired,No,Medium
INV005351,2025-09-01,Restaurant,Prepared Food,82,82,0,1.0,19.3,108.0,No,Sunny,0,No Waste,No,Low
INV005352,2025-09-01,Restaurant,Fruits,58,58,0,4.0,5.4,74.0,No,Hot,0,No Waste,No,Low
INV005353,2025-09-01,Supermarket,Prepared Food,152,152,0,1.0,20.2,168.0,No,Cloudy,0,No Waste,No,Low
INV005354,2025-09-01,Restaurant,Bakery,114,68,46,2.0,24.4,68.0,Yes,Rainy,18,Overproduction,Yes,High
INV005355,2025-09-01,Cafeteria,Prepared Food,69,69,0,2.0,20.8,90.0,Yes,Hot,0,No Waste,No,Low
INV005356,2025-09-01,Restaurant,Fruits,97,97,0,5.0,12.7,122.0,Yes,Hot,0,No Waste,No,Low
INV005357,2025-09-01,Cloud Kitchen,Meat,112,77,35,2.0,4.3,77.0,No,Rainy,11,Overproduction,Yes,High
INV005358,2025-09-01,Restaurant,Meat,92,69,23,4.0,2.9,69.0,No,,5,Low Demand,No,Medium
INV005359,2025-09-01,Restaurant,Dairy,83,83,0,8.0,5.2,94.0,No,Hot,0,No Waste,No,Low
INV005360,2025-09-01,Supermarket,Dairy,161,161,0,1.0,,,No,Sunny,0,No Waste,No,Low
INV005361,2025-09-01,Supermarket,Prepared Food,236,236,0,1.0,30.8,239.0,Yes,Hot,0,No Waste,No,Low
INV005362,2025-09-01,Supermarket,Prepared Food,175,151,24,1.0,22.6,151.0,No,Cloudy,10,Expired,No,Medium
INV005363,2025-09-01,Cafeteria,Meat,75,75,0,3.0,4.4,80.0,Yes,Cloudy,0,No Waste,No,Low
INV005364,2025-09-01,Restaurant,Fruits,124,119,5,4.0,12.2,119.0,Yes,Hot,1,Storage Issue,No,Low
INV005365,2025-09-01,Supermarket,Vegetables,192,192,0,,8.5,199.0,Yes,Cloudy,0,No Waste,No,Low
INV005366,2025-09-01,Restaurant,Meat,88,83,5,2.0,4.7,83.0,No,Hot,1,Expired,No,Low
INV005367,2025-09-01,Supermarket,Meat,151,151,0,4.0,1.0,186.0,Yes,Hot,0,No Waste,No,Low
INV005368,2025-09-01,Cloud Kitchen,Meat,112,112,0,6.0,1.9,119.0,No,Sunny,0,No Waste,,Low
INV005369,2025-09-01,Restaurant,Bakery,368,88,280,4.0,22.8,88.0,No,Hot,96,Overproduction,Yes,High
INV005370,2025-09-02,Restaurant,Prepared Food,85,60,25,1.0,20.3,60.0,No,Cloudy,10,Expired,No,High
INV005371,2025-09-02,Cloud Kitchen,Vegetables,86,86,0,6.0,3.1,106.0,No,Hot,0,No Waste,No,Low
INV005372,2025-09-02,Restaurant,Vegetables,106,65,41,7.0,11.5,65.0,No,Rainy,10,Storage Issue,No,High
INV005373,2025-09-02,Supermarket,Fruits,218,218,0,3.0,12.0,234.0,Yes,Sunny,0,No Waste,No,Low
INV005374,2025-09-02,Supermarket,Bakery,154,103,51,4.0,25.0,103.0,No,Rainy,12,Overproduction,Yes,Medium
INV005375,2025-09-02,Supermarket,Vegetables,111,111,0,5.0,2.4,,No,Sunny,0,No Waste,No,Low
INV005376,2025-09-02,Cloud Kitchen,Bakery,132,109,23,5.0,26.6,109.0,No,Cloudy,6,Storage Issue,No,Medium
INV005377,2025-09-02,Supermarket,Vegetables,196,105,91,4.0,10.8,105.0,No,Rainy,22,Overproduction,Yes,High
INV005378,2025-09-02,Cloud Kitchen,Prepared Food,100,100,0,3.0,26.3,132.0,No,Hot,0,No Waste,No,Low
INV005379,2025-09-02,Cafeteria,Vegetables,88,51,37,6.0,7.4,51.0,No,Sunny,10,Overproduction,No,High
INV005380,2025-09-02,Cloud Kitchen,Vegetables,134,134,0,7.0,1.8,143.0,Yes,Cloudy,0,No Waste,No,Low
INV005381,2025-09-02,Cafeteria,Vegetables,71,71,0,,5.8,92.0,Yes,Hot,0,No Waste,No,Low
INV005382,2025-09-02,Restaurant,Dairy,87,80,7,5.0,6.2,80.0,No,Sunny,0,No Waste,No,Low
INV005383,2025-09-02,Supermarket,Prepared Food,240,122,118,1.0,17.5,122.0,No,Rainy,48,Overproduction,No,High
INV005384,2025-09-02,Supermarket,Vegetables,187,187,0,4.0,9.7,214.0,Yes,Sunny,0,No Waste,No,Low
INV005385,2025-09-02,Supermarket,Prepared Food,133,133,0,1.0,30.9,229.0,No,Hot,0,No Waste,No,Low
INV005386,2025-09-02,Cafeteria,Meat,112,89,23,5.0,1.3,89.0,Yes,Sunny,3,Low Demand,Yes,Medium
INV005387,2025-09-03,Cloud Kitchen,Bakery,105,79,26,3.0,23.9,79.0,No,Sunny,7,Low Demand,No,Medium
INV005388,2025-09-03,Cafeteria,Meat,68,68,0,5.0,3.6,,Yes,Cloudy,0,No Waste,No,Low
INV005389,2025-09-03,Cafeteria,Prepared Food,80,80,0,2.0,27.1,84.0,Yes,Cloudy,0,No Waste,No,Low
INV005390,2025-09-03,Restaurant,Meat,82,64,18,3.0,-2.3,64.0,No,Cloudy,4,Expired,No,Medium
INV005391,2025-09-03,Restaurant,Prepared Food,86,54,32,1.0,17.5,54.0,No,Rainy,13,Expired,No,High
INV005392,2025-09-03,Cloud Kitchen,Bakery,106,106,0,1.0,23.1,143.0,No,Sunny,0,No Waste,No,Low
INV005393,2025-09-03,Restaurant,Meat,81,81,0,5.0,4.2,103.0,Yes,Cloudy,0,No Waste,No,Low
INV005394,2025-09-03,Supermarket,Prepared Food,190,162,28,2.0,17.6,162.0,No,Hot,6,Expired,No,Medium
INV005395,2025-09-03,Supermarket,Meat,193,169,24,5.0,1.7,169.0,No,Cloudy,3,Expired,No,Low
INV005396,2025-09-03,Restaurant,Bakery,92,92,0,3.0,19.7,112.0,Yes,Sunny,0,No Waste,No,High
INV005397,2025-09-03,Cloud Kitchen,Prepared Food,102,99,3,1.0,22.8,99.0,No,Sunny,1,Expired,No,Low
INV005398,2025-09-03,Restaurant,Dairy,142,115,27,2.0,-1.0,115.0,Yes,Hot,6,Expired,No,Medium
INV005399,2025-09-03,Restaurant,Dairy,102,84,18,,4.5,84.0,No,Hot,2,Low Demand,No,Low
INV005400,2025-09-03,Cloud Kitchen,Dairy,155,111,44,5.0,0.7,111.0,No,Cloudy,7,Overproduction,No,Medium
INV005401,2025-09-03,Restaurant,Meat,108,101,7,5.0,2.1,101.0,Yes,Sunny,1,Low Demand,No,Low
INV005402,2025-09-03,Restaurant,Fruits,121,81,40,6.0,7.9,81.0,No,Sunny,11,Overproduction,Yes,High
INV005403,2025-09-03,Supermarket,Meat,160,160,0,2.0,3.7,181.0,Yes,Sunny,0,No Waste,No,Low
INV005404,2025-09-03,Supermarket,Meat,128,128,0,2.0,3.3,,No,Cloudy,0,No Waste,No,Low
INV005405,2025-09-03,Supermarket,Dairy,163,93,70,9.0,1.9,93.0,No,Rainy,8,Overproduction,No,Medium
INV005406,2025-09-03,Restaurant,Vegetables,95,90,5,5.0,11.5,90.0,No,Sunny,1,Storage Issue,No,Low
INV005407,2025-09-03,Restaurant,Meat,257,101,156,2.0,3.5,101.0,No,Hot,51,Overproduction,Yes,High
INV005408,2025-09-04,Supermarket,Bakery,177,177,0,3.0,23.0,200.0,No,Hot,0,No Waste,No,Low
INV005409,2025-09-04,Cafeteria,Prepared Food,69,64,5,3.0,27.1,64.0,Yes,Sunny,1,Storage Issue,No,Low
INV005410,2025-09-04,Restaurant,Meat,108,108,0,4.0,1.0,134.0,Yes,Cloudy,0,No Waste,No,Low
INV005411,2025-09-04,Supermarket,Meat,195,99,96,4.0,3.1,99.0,No,Rainy,35,Overproduction,Yes,High
INV005412,2025-09-04,Cafeteria,Vegetables,45,45,0,7.0,10.3,69.0,No,Sunny,0,No Waste,No,Low
INV005413,2025-09-04,Supermarket,Bakery,196,196,0,3.0,22.0,210.0,Yes,Hot,0,No Waste,,Low
INV005414,2025-09-04,Supermarket,Bakery,158,114,44,2.0,23.6,114.0,No,Sunny,12,Expired,,Medium
INV005415,2025-09-04,Cloud Kitchen,Prepared Food,112,112,0,1.0,,121.0,No,Hot,0,No Waste,No,Low
INV005416,2025-09-04,Cafeteria,Prepared Food,86,64,22,2.0,19.3,64.0,No,Sunny,6,Expired,No,Medium
INV005417,2025-09-04,Cloud Kitchen,Prepared Food,100,78,22,2.0,21.1,78.0,No,Rainy,5,Expired,No,Medium
INV005418,2025-09-04,Restaurant,Vegetables,78,72,6,7.0,6.7,72.0,No,Cloudy,1,Low Demand,No,Low
INV005419,2025-09-04,Supermarket,Fruits,202,175,27,1.0,4.0,175.0,Yes,Cloudy,6,Expired,No,Medium
INV005420,2025-09-04,Cafeteria,Fruits,59,52,7,3.0,7.8,52.0,No,Sunny,1,Low Demand,No,Low
INV005421,2025-09-04,Supermarket,Meat,156,128,28,3.0,2.7,128.0,No,Rainy,5,Expired,No,Medium
INV005422,2025-09-04,Cafeteria,Dairy,56,56,0,4.0,0.4,73.0,No,Hot,0,No Waste,No,Low
INV005423,2025-09-04,Supermarket,Meat,201,95,106,4.0,4.4,95.0,No,Rainy,32,Overproduction,Yes,High
INV005424,2025-09-04,Restaurant,Prepared Food,113,46,67,1.0,21.6,46.0,No,Rainy,35,Overproduction,Yes,High
INV005425,2025-09-04,Cloud Kitchen,Meat,90,90,0,1.0,5.1,95.0,No,Sunny,0,No Waste,No,Low
INV005426,2025-09-04,Cafeteria,Bakery,74,74,0,4.0,14.8,86.0,No,Hot,0,No Waste,No,Low
INV005427,2025-09-04,Restaurant,Prepared Food,103,103,0,2.0,24.0,127.0,No,Sunny,0,No Waste,No,Low
INV005428,2025-09-04,Restaurant,Fruits,104,92,12,2.0,4.4,92.0,No,Hot,3,Expired,No,Medium
INV005429,2025-09-04,Restaurant,Bakery,120,97,23,2.0,14.9,97.0,Yes,Sunny,5,Expired,No,Medium
INV005430,2025-09-04,Supermarket,Fruits,187,187,0,4.0,14.8,267.0,Yes,Hot,0,No Waste,No,Low
INV005431,2025-09-04,Supermarket,Vegetables,194,147,47,8.0,4.4,147.0,No,Sunny,5,Overproduction,No,Medium
INV005432,2025-09-05,Cafeteria,Prepared Food,225,98,127,2.0,23.8,98.0,Yes,Sunny,54,Overproduction,Yes,High
INV005433,2025-09-05,Cloud Kitchen,Meat,125,92,33,2.0,2.6,92.0,No,Cloudy,8,Expired,No,Medium
INV005434,2025-09-05,Restaurant,Prepared Food,54,54,0,2.0,21.8,68.0,No,Rainy,0,No Waste,No,Low
INV005435,2025-09-05,Cloud Kitchen,Bakery,117,69,48,3.0,19.3,69.0,No,Rainy,13,Overproduction,Yes,High
INV005436,2025-09-05,Restaurant,Fruits,76,76,0,2.0,7.2,85.0,No,Sunny,0,No Waste,No,Low
INV005437,2025-09-05,Cafeteria,Dairy,58,58,0,10.0,3.1,62.0,No,Hot,0,No Waste,No,Low
INV005438,2025-09-05,Supermarket,Meat,85,85,0,5.0,4.8,176.0,No,Sunny,0,No Waste,No,Low
INV005439,2025-09-05,Supermarket,Prepared Food,150,150,0,2.0,23.8,184.0,No,Sunny,0,No Waste,No,Low
INV005440,2025-09-05,Supermarket,Bakery,174,165,9,3.0,26.7,165.0,No,Sunny,2,Expired,No,Low
INV005441,2025-09-05,Cloud Kitchen,Meat,137,123,14,3.0,4.4,123.0,No,Cloudy,2,Expired,No,Low
INV005442,2025-09-05,Cafeteria,Prepared Food,81,60,21,1.0,19.8,60.0,Yes,Cloudy,7,Expired,No,Medium
INV005443,2025-09-05,Supermarket,Prepared Food,118,118,0,2.0,26.6,141.0,No,Sunny,0,No Waste,No,Low
INV005444,2025-09-05,Cafeteria,Vegetables,55,55,0,5.0,5.7,68.0,No,Cloudy,0,No Waste,No,Low
INV005445,2025-09-05,Cloud Kitchen,Prepared Food,88,88,0,2.0,6.4,90.0,No,Sunny,0,No Waste,No,Low
INV005446,2025-09-05,Restaurant,Bakery,86,81,5,1.0,12.0,81.0,No,Sunny,2,Expired,No,Medium
INV005447,2025-09-05,Restaurant,Fruits,79,79,0,4.0,0.4,99.0,No,Hot,0,No Waste,No,Low
INV005448,2025-09-05,Supermarket,Vegetables,107,107,0,,9.1,168.0,No,Cloudy,0,No Waste,No,Low
INV005449,2025-09-05,Supermarket,Bakery,144,144,0,2.0,20.0,161.0,No,Hot,0,No Waste,No,Low
INV005450,2025-09-05,Supermarket,Prepared Food,143,143,0,2.0,14.7,189.0,No,Hot,0,No Waste,No,Low
INV005451,2025-09-06,Cafeteria,Prepared Food,65,52,13,1.0,22.3,52.0,No,Cloudy,5,Expired,No,Medium
INV005452,2025-09-06,Cafeteria,Fruits,71,68,3,8.0,5.3,68.0,No,Cloudy,0,No Waste,No,Low
INV005453,2025-09-06,Supermarket,Prepared Food,138,128,10,2.0,20.6,128.0,No,Cloudy,2,Expired,No,Low
INV005454,2025-09-06,Restaurant,Dairy,63,63,0,7.0,4.8,79.0,No,Sunny,0,No Waste,No,Low
INV005455,2025-09-06,Supermarket,Bakery,230,188,42,2.0,24.3,188.0,No,Hot,13,Expired,No,Medium
INV005456,2025-09-06,Restaurant,Vegetables,83,43,40,6.0,5.5,43.0,No,Rainy,8,Overproduction,,High
INV005457,2025-09-06,Restaurant,Dairy,82,81,1,9.0,2.1,81.0,Yes,Rainy,0,No Waste,No,Low
INV005458,2025-09-06,Cloud Kitchen,Prepared Food,93,82,11,2.0,11.4,82.0,No,Rainy,3,Expired,No,Medium
INV005459,2025-09-06,Restaurant,Prepared Food,76,76,0,3.0,22.1,107.0,No,Sunny,0,No Waste,No,Low
INV005460,2025-09-06,Cloud Kitchen,Dairy,137,91,46,11.0,-0.2,91.0,No,Hot,5,Overproduction,Yes,Medium
INV005461,2025-09-06,Restaurant,Vegetables,122,85,37,4.0,-0.5,85.0,No,Sunny,5,Overproduction,Yes,Medium
INV005462,2025-09-06,Supermarket,Prepared Food,166,149,17,2.0,28.0,149.0,No,Cloudy,6,Storage Issue,No,Medium
INV005463,2025-09-06,Restaurant,Bakery,84,84,0,1.0,21.6,88.0,No,,0,No Waste,No,Low
INV005464,2025-09-06,Cafeteria,Prepared Food,68,54,14,2.0,16.1,54.0,No,,4,Expired,No,Medium
INV005465,2025-09-06,Restaurant,Prepared Food,91,72,19,2.0,32.6,72.0,No,Cloudy,8,Storage Issue,,High
INV005466,2025-09-06,Cloud Kitchen,Dairy,142,82,60,7.0,0.1,82.0,Yes,Rainy,14,Overproduction,Yes,High
INV005467,2025-09-06,Supermarket,Fruits,200,108,92,6.0,9.2,108.0,No,Rainy,28,Overproduction,Yes,High
INV005468,2025-09-06,Cloud Kitchen,Vegetables,113,113,0,7.0,9.0,133.0,No,Sunny,0,No Waste,No,Low
INV005469,2025-09-06,Cloud Kitchen,Vegetables,110,110,0,5.0,5.7,116.0,No,Sunny,0,No Waste,No,Low
INV005470,2025-09-06,Supermarket,Vegetables,114,114,0,5.0,6.0,137.0,No,Hot,0,No Waste,No,Low
INV005471,2025-09-06,Restaurant,Vegetables,109,71,38,7.0,5.4,71.0,Yes,,6,Overproduction,No,Medium
INV005472,2025-09-06,Cafeteria,Vegetables,77,62,15,,1.3,62.0,No,Sunny,2,Low Demand,No,Medium
INV005473,2025-09-06,Cloud Kitchen,Fruits,117,114,3,4.0,7.1,114.0,No,Cloudy,0,No Waste,No,Low
INV005474,2025-09-07,Cafeteria,Dairy,58,58,0,7.0,0.7,81.0,No,Sunny,0,No Waste,No,Low
INV005475,2025-09-07,Supermarket,Dairy,206,155,51,4.0,5.4,155.0,No,Sunny,13,Overproduction,Yes,Medium
INV005476,2025-09-07,Cafeteria,Prepared Food,76,62,14,1.0,29.5,62.0,Yes,Rainy,8,Storage Issue,No,High
INV005477,2025-09-07,Cafeteria,Vegetables,64,45,19,6.0,-0.1,45.0,No,Cloudy,4,Low Demand,No,Medium
INV005478,2025-09-07,Restaurant,Bakery,104,94,10,5.0,22.2,94.0,No,Hot,0,No Waste,No,Low
INV005479,2025-09-07,Cloud Kitchen,Vegetables,148,130,18,8.0,7.7,130.0,Yes,Sunny,1,Low Demand,No,Low
INV005480,2025-09-07,Restaurant,Bakery,75,75,0,4.0,21.7,128.0,No,Cloudy,0,No Waste,No,Low
INV005481,2025-09-07,Restaurant,Dairy,71,71,0,6.0,8.0,74.0,No,Sunny,0,No Waste,No,Low
INV005482,2025-09-07,Cloud Kitchen,Dairy,116,116,0,10.0,4.2,133.0,Yes,Hot,0,No Waste,No,Low
INV005483,2025-09-07,Supermarket,Vegetables,150,149,1,7.0,0.9,149.0,No,,0,No Waste,No,Low
INV005484,2025-09-07,Supermarket,Fruits,129,129,0,8.0,3.8,189.0,No,Cloudy,0,No Waste,No,High
INV005485,2025-09-07,Cloud Kitchen,Bakery,83,67,16,3.0,25.8,67.0,No,Rainy,5,Expired,No,Medium
INV005486,2025-09-07,Restaurant,Meat,92,74,18,4.0,1.0,74.0,Yes,Cloudy,4,Expired,No,Medium
INV005487,2025-09-07,Cafeteria,Dairy,54,54,0,6.0,6.3,66.0,No,Sunny,0,No Waste,No,Low
INV005488,2025-09-07,Cloud Kitchen,Dairy,118,109,9,9.0,4.1,109.0,No,Sunny,1,Low Demand,No,Low
INV005489,2025-09-07,Cloud Kitchen,Dairy,120,116,4,9.0,3.6,116.0,No,Hot,0,No Waste,No,Medium
INV005490,2025-09-07,Supermarket,Meat,163,163,0,2.0,5.9,237.0,Yes,Cloudy,0,No Waste,,Low
INV005491,2025-09-07,Cafeteria,Dairy,48,48,0,11.0,2.1,72.0,No,Hot,0,No Waste,No,Low
INV005492,2025-09-07,Cloud Kitchen,Vegetables,88,88,0,10.0,4.1,97.0,No,Sunny,0,No Waste,No,Low
INV005493,2025-09-07,Cafeteria,Dairy,61,51,10,9.0,5.2,51.0,No,Rainy,0,No Waste,No,Low
INV005494,2025-09-07,Cafeteria,Vegetables,57,44,13,6.0,8.1,44.0,No,Rainy,3,Low Demand,Yes,Medium
INV005495,2025-09-08,Supermarket,Prepared Food,136,92,44,1.0,20.1,92.0,No,Rainy,19,Expired,No,High
INV005496,2025-09-08,Cafeteria,Dairy,67,64,3,8.0,2.6,64.0,No,Cloudy,0,No Waste,No,Low
INV005497,2025-09-08,Cloud Kitchen,Meat,85,85,0,2.0,2.6,108.0,No,Cloudy,0,No Waste,No,Low
INV005498,2025-09-08,Cloud Kitchen,Bakery,113,113,0,1.0,25.9,121.0,No,Hot,0,No Waste,No,Low
INV005499,2025-09-08,Cafeteria,Prepared Food,77,74,3,1.0,20.6,74.0,No,Sunny,1,Expired,,Low
INV005500,2025-09-08,Restaurant,Vegetables,48,48,0,7.0,6.5,93.0,No,Sunny,0,No Waste,No,Low
INV005501,2025-09-08,Cafeteria,Prepared Food,48,31,17,1.0,25.5,31.0,No,Rainy,9,Low Demand,No,High
INV005502,2025-09-08,Cafeteria,Vegetables,64,64,0,7.0,3.6,87.0,No,Sunny,0,No Waste,No,Low
INV005503,2025-09-08,Cafeteria,Prepared Food,65,65,0,1.0,18.1,86.0,No,Hot,0,No Waste,No,Low
INV005504,2025-09-08,Restaurant,Dairy,98,84,14,7.0,3.4,84.0,No,Hot,1,Low Demand,No,Low
INV005505,2025-09-08,Cafeteria,Prepared Food,92,66,26,2.0,22.2,66.0,Yes,Rainy,7,Expired,No,Medium
INV005506,2025-09-08,Supermarket,Meat,170,162,8,6.0,4.5,162.0,No,Sunny,1,Expired,No,Low
INV005507,2025-09-08,Restaurant,Dairy,84,68,16,12.0,1.7,68.0,No,Cloudy,1,Low Demand,No,Low
INV005508,2025-09-08,Restaurant,Vegetables,100,95,5,4.0,2.1,95.0,Yes,Cloudy,1,Low Demand,No,Low
INV005509,2025-09-08,Supermarket,Vegetables,124,124,0,,9.8,142.0,No,Cloudy,0,No Waste,No,Low
INV005510,2025-09-08,Restaurant,Vegetables,90,80,10,5.0,4.5,80.0,No,Cloudy,1,Low Demand,No,Low
INV005511,2025-09-08,Supermarket,Prepared Food,163,163,0,1.0,14.1,299.0,Yes,Cloudy,0,No Waste,No,Low
INV005512,2025-09-08,Restaurant,Fruits,73,43,30,4.0,6.1,43.0,No,,9,Overproduction,No,High
INV005513,2025-09-08,Supermarket,Bakery,164,121,43,3.0,24.2,121.0,Yes,Rainy,12,Overproduction,No,Medium
INV005514,2025-09-08,Cafeteria,Vegetables,59,59,0,7.0,7.7,,No,Sunny,0,No Waste,No,Low
INV005515,2025-09-08,Cloud Kitchen,Meat,142,142,0,7.0,2.3,159.0,Yes,Sunny,0,No Waste,,Low
INV005516,2025-09-08,Cafeteria,Vegetables,76,57,19,5.0,9.7,57.0,No,,3,Low Demand,No,Medium
INV005517,2025-09-08,Supermarket,Dairy,188,166,22,6.0,5.0,166.0,No,Sunny,2,Low Demand,No,Low
INV005518,2025-09-08,Cafeteria,Meat,219,76,143,4.0,3.5,76.0,Yes,Cloudy,52,Overproduction,No,High
INV005519,2025-09-09,Cafeteria,Prepared Food,54,54,0,2.0,18.2,66.0,No,Hot,0,No Waste,No,Low
INV005520,2025-09-09,Restaurant,Meat,91,56,35,4.0,1.6,56.0,No,Rainy,10,Overproduction,Yes,High
INV005521,2025-09-09,Supermarket,Vegetables,224,224,0,11.0,3.2,241.0,Yes,Hot,0,No Waste,No,Low
INV005522,2025-09-09,Restaurant,Dairy,97,97,0,6.0,7.1,130.0,Yes,Hot,0,No Waste,No,Low
INV005523,2025-09-09,Cloud Kitchen,Fruits,136,90,46,4.0,8.1,,No,Hot,9,Overproduction,No,Medium
INV005524,2025-09-09,Cloud Kitchen,Vegetables,122,116,6,3.0,5.4,116.0,No,Hot,1,Expired,No,Low
INV005525,2025-09-09,Cloud Kitchen,Meat,127,108,19,5.0,2.4,108.0,No,Sunny,4,Low Demand,No,Medium
INV005526,2025-09-09,Restaurant,Vegetables,95,75,20,,11.5,75.0,No,Sunny,6,Storage Issue,No,Medium
INV005527,2025-09-09,Supermarket,Bakery,163,162,1,2.0,19.0,162.0,No,Hot,0,No Waste,No,Low
INV005528,2025-09-09,Restaurant,Bakery,71,60,11,3.0,16.7,60.0,No,Hot,3,Low Demand,No,Medium
INV005529,2025-09-09,Cafeteria,Bakery,88,70,18,2.0,18.8,70.0,No,Sunny,3,Expired,No,Medium
INV005530,2025-09-09,Restaurant,Meat,84,84,0,6.0,-1.0,95.0,No,Cloudy,0,No Waste,No,Low
INV005531,2025-09-09,Restaurant,Dairy,84,62,22,8.0,3.9,62.0,No,Cloudy,4,Low Demand,No,Medium
INV005532,2025-09-09,Supermarket,Meat,131,109,22,3.0,1.4,109.0,No,Cloudy,4,Expired,No,Medium
INV005533,2025-09-09,Cloud Kitchen,Prepared Food,128,100,28,1.0,19.3,100.0,No,Hot,9,Expired,No,Medium
INV005534,2025-09-09,Restaurant,Prepared Food,74,74,0,1.0,24.3,79.0,No,Cloudy,0,No Waste,No,Low
INV005535,2025-09-09,Restaurant,Meat,100,90,10,2.0,2.7,90.0,No,Sunny,2,Expired,No,Low
INV005536,2025-09-09,Supermarket,Fruits,223,223,0,5.0,8.6,223.0,Yes,Sunny,0,No Waste,,Low
INV005537,2025-09-09,Supermarket,Dairy,201,201,0,5.0,8.6,223.0,Yes,Sunny,0,No Waste,No,Low
INV005538,2025-09-09,Supermarket,Prepared Food,174,174,0,1.0,13.8,270.0,No,Sunny,0,No Waste,No,Low
INV005539,2025-09-09,Supermarket,Bakery,196,133,63,2.0,26.9,133.0,No,Sunny,20,Overproduction,Yes,High
INV005540,2025-09-10,Cafeteria,Prepared Food,68,55,13,1.0,18.0,55.0,No,Cloudy,4,Expired,No,High
INV005541,2025-09-10,Supermarket,Fruits,138,134,4,1.0,10.5,134.0,No,Cloudy,1,Expired,No,Low
INV005542,2025-09-10,Restaurant,Meat,89,89,0,7.0,2.5,89.0,No,Sunny,0,No Waste,No,Low
INV005543,2025-09-10,Restaurant,Bakery,109,104,5,,22.6,104.0,Yes,Sunny,1,Expired,No,Low
INV005544,2025-09-10,Restaurant,Fruits,82,82,0,8.0,10.2,89.0,No,Cloudy,0,No Waste,No,Low
INV005545,2025-09-10,Restaurant,Fruits,121,100,21,4.0,12.8,100.0,Yes,Cloudy,3,Storage Issue,No,Medium
INV005546,2025-09-10,Restaurant,Prepared Food,78,64,14,1.0,17.5,64.0,No,Cloudy,4,Expired,No,Medium
INV005547,2025-09-10,Supermarket,Bakery,163,163,0,2.0,27.6,,Yes,Hot,0,No Waste,No,Low
INV005548,2025-09-10,Restaurant,Fruits,65,65,0,6.0,12.0,118.0,No,Sunny,0,No Waste,No,Low
INV005549,2025-09-10,Supermarket,Meat,168,128,40,2.0,-0.2,128.0,Yes,Rainy,9,Expired,No,Medium
INV005550,2025-09-10,Cafeteria,Meat,79,51,28,5.0,0.1,51.0,No,Sunny,5,Overproduction,No,Medium
INV005551,2025-09-10,Cloud Kitchen,Bakery,81,81,0,5.0,19.0,88.0,No,Cloudy,0,No Waste,No,Low
INV005552,2025-09-10,Restaurant,Fruits,104,74,30,5.0,6.5,74.0,No,Sunny,3,Low Demand,Yes,Medium
INV005553,2025-09-10,Restaurant,Prepared Food,77,48,29,1.0,20.0,48.0,No,Rainy,12,Expired,No,High
INV005554,2025-09-10,Restaurant,Meat,84,84,0,3.0,1.1,89.0,No,Sunny,0,No Waste,No,Low
INV005555,2025-09-10,Cloud Kitchen,Vegetables,108,84,24,3.0,8.7,84.0,No,Sunny,5,Expired,No,Medium
INV005556,2025-09-10,Supermarket,Vegetables,165,156,9,7.0,8.2,156.0,No,Sunny,1,Expired,No,Low
INV005557,2025-09-10,Cafeteria,Meat,58,50,8,4.0,1.9,50.0,No,Cloudy,1,Low Demand,No,Low
INV005558,2025-09-10,Cafeteria,Prepared Food,81,73,8,2.0,19.4,73.0,Yes,Sunny,2,Expired,No,Medium
INV005559,2025-09-10,Restaurant,Prepared Food,107,101,6,3.0,21.8,101.0,No,Sunny,1,Expired,No,Low
INV005560,2025-09-10,Cloud Kitchen,Dairy,126,107,19,9.0,8.0,107.0,No,Hot,2,Storage Issue,No,Low
INV005561,2025-09-10,Restaurant,Dairy,103,86,17,14.0,6.2,86.0,No,Sunny,3,Low Demand,No,Medium
INV005562,2025-09-10,Cloud Kitchen,Fruits,111,111,0,3.0,5.0,137.0,Yes,Cloudy,0,No Waste,No,Low
INV005563,2025-09-10,Supermarket,Bakery,151,151,0,2.0,21.0,167.0,No,Sunny,0,No Waste,No,Low
INV005564,2025-09-10,Supermarket,Dairy,194,135,59,9.0,5.2,135.0,No,Sunny,12,Overproduction,No,Medium
INV005565,2025-09-10,Cloud Kitchen,Meat,94,94,0,1.0,-0.7,109.0,No,Hot,0,No Waste,No,Low
INV005566,2025-09-10,Cloud Kitchen,Meat,97,97,0,4.0,5.4,100.0,No,Sunny,0,No Waste,No,Low
INV005567,2025-09-10,Restaurant,Fruits,74,74,0,6.0,9.9,92.0,No,Sunny,0,No Waste,No,Low
INV005568,2025-09-10,Cafeteria,Fruits,82,52,30,6.0,4.1,52.0,No,Sunny,7,Overproduction,Yes,Medium
INV005569,2025-09-11,Supermarket,Fruits,150,124,26,4.0,7.0,124.0,No,Sunny,4,Expired,No,Medium
INV005570,2025-09-11,Restaurant,Vegetables,92,79,13,4.0,6.0,79.0,No,Sunny,2,Low Demand,No,Medium
INV005571,2025-09-11,Cafeteria,Meat,72,64,8,7.0,4.5,64.0,No,Sunny,2,Low Demand,No,Medium
INV005572,2025-09-11,Restaurant,Dairy,151,151,0,10.0,5.6,176.0,Yes,Hot,0,No Waste,No,Low
INV005573,2025-09-11,Supermarket,Meat,173,91,82,2.0,2.5,91.0,No,Rainy,31,Overproduction,Yes,High
INV005574,2025-09-11,Restaurant,Prepared Food,71,55,16,1.0,22.7,55.0,No,Rainy,6,Expired,No,Medium
INV005575,2025-09-11,Cloud Kitchen,Prepared Food,133,133,0,1.0,20.2,144.0,No,Hot,0,No Waste,No,Medium
INV005576,2025-09-11,Cloud Kitchen,Dairy,96,96,0,6.0,4.6,98.0,No,Cloudy,0,No Waste,No,High
INV005577,2025-09-11,Restaurant,Prepared Food,97,88,9,1.0,15.1,88.0,No,Sunny,3,Expired,No,Medium
INV005578,2025-09-11,Restaurant,Prepared Food,90,49,41,2.0,26.9,49.0,No,Rainy,17,Overproduction,Yes,High
INV005579,2025-09-11,Restaurant,Prepared Food,98,87,11,2.0,14.1,87.0,No,Sunny,2,Expired,No,Low
INV005580,2025-09-11,Cloud Kitchen,Vegetables,109,109,0,8.0,,137.0,Yes,Sunny,0,No Waste,No,Low
INV005581,2025-09-11,Cloud Kitchen,Bakery,134,114,20,1.0,18.7,114.0,Yes,Sunny,8,Expired,No,Medium
INV005582,2025-09-11,Restaurant,Prepared Food,95,95,0,2.0,12.0,107.0,No,Sunny,0,No Waste,No,Low
INV005583,2025-09-11,Supermarket,Meat,163,109,54,8.0,2.7,109.0,No,Rainy,6,Overproduction,No,Medium
INV005584,2025-09-11,Restaurant,Prepared Food,109,64,45,1.0,26.0,64.0,No,Rainy,19,Expired,No,High
INV005585,2025-09-11,Supermarket,Dairy,176,144,32,6.0,4.6,144.0,No,Sunny,3,Overproduction,No,Low
INV005586,2025-09-12,Supermarket,Vegetables,113,113,0,6.0,8.9,172.0,No,Sunny,0,No Waste,No,Low
INV005587,2025-09-12,Supermarket,Bakery,188,172,16,5.0,22.3,172.0,No,Sunny,2,Expired,No,Low
INV005588,2025-09-12,Restaurant,Fruits,70,70,0,6.0,4.8,70.0,No,Cloudy,0,No Waste,No,Low
INV005589,2025-09-12,Restaurant,Dairy,76,76,0,11.0,3.9,89.0,No,Sunny,0,No Waste,No,Low
INV005590,2025-09-12,Cafeteria,Dairy,63,34,29,3.0,4.1,34.0,No,Rainy,9,Overproduction,No,High
INV005591,2025-09-12,Supermarket,Bakery,168,155,13,3.0,18.3,155.0,No,Hot,3,Expired,No,Low
INV005592,2025-09-12,Supermarket,Vegetables,220,138,82,8.0,4.0,138.0,No,Hot,15,Overproduction,Yes,Medium
INV005593,2025-09-12,Cafeteria,Bakery,58,58,0,5.0,10.8,73.0,No,Sunny,0,No Waste,No,Low
INV005594,2025-09-12,Restaurant,Prepared Food,82,67,15,1.0,23.9,67.0,No,Rainy,5,Expired,No,Medium
INV005595,2025-09-12,Supermarket,Vegetables,160,136,24,7.0,7.9,136.0,No,Cloudy,3,Storage Issue,No,Low
INV005596,2025-09-12,Cafeteria,Fruits,67,46,21,6.0,6.0,46.0,No,Hot,3,Low Demand,No,Medium
INV005597,2025-09-12,Restaurant,Vegetables,93,93,0,2.0,5.7,99.0,No,Hot,0,No Waste,No,Low
INV005598,2025-09-12,Supermarket,Meat,165,165,0,5.0,1.4,184.0,No,Sunny,0,No Waste,No,Low
INV005599,2025-09-12,Restaurant,Prepared Food,101,82,19,1.0,14.1,82.0,No,Hot,6,Expired,No,Medium
INV005600,2025-09-12,Cafeteria,Prepared Food,79,49,30,1.0,18.7,49.0,No,Cloudy,11,Expired,No,High
INV005601,2025-09-12,Cafeteria,Dairy,76,71,5,7.0,4.9,71.0,No,Hot,0,No Waste,No,Low
INV005602,2025-09-12,Supermarket,Vegetables,133,133,0,9.0,8.6,134.0,No,Cloudy,0,No Waste,No,Low
INV005603,2025-09-12,Cloud Kitchen,Prepared Food,104,86,18,1.0,24.1,86.0,No,Sunny,7,Expired,No,Medium
INV005604,2025-09-12,Cloud Kitchen,Prepared Food,130,130,0,3.0,24.6,140.0,No,Sunny,0,No Waste,No,Low
INV005605,2025-09-12,Cafeteria,Fruits,39,34,5,6.0,9.4,34.0,No,Rainy,1,Low Demand,No,Medium
INV005606,2025-09-12,Supermarket,Meat,172,132,40,6.0,2.1,132.0,No,Hot,4,Low Demand,No,Medium
INV005607,2025-09-12,Restaurant,Fruits,73,45,28,3.0,9.6,45.0,No,Rainy,8,Overproduction,No,High
INV005608,2025-09-12,Restaurant,Vegetables,98,89,9,7.0,7.2,89.0,No,Cloudy,1,Low Demand,No,Low
INV005609,2025-09-12,Restaurant,Bakery,79,79,0,3.0,22.6,102.0,No,Hot,0,No Waste,No,Low
INV005610,2025-09-12,Cafeteria,Bakery,66,66,0,3.0,24.9,72.0,Yes,Sunny,0,No Waste,No,Low
INV005611,2025-09-12,Restaurant,Dairy,78,56,22,6.0,5.2,56.0,No,Cloudy,3,Low Demand,No,Medium
INV005612,2025-09-12,Supermarket,Fruits,136,136,0,6.0,3.6,192.0,No,Hot,0,No Waste,No,Low
INV005613,2025-09-13,Cafeteria,Bakery,56,55,1,4.0,26.6,55.0,No,Sunny,0,No Waste,,Low
INV005614,2025-09-13,Restaurant,Meat,79,64,15,7.0,1.6,64.0,No,Cloudy,2,Low Demand,No,Medium
INV005615,2025-09-13,Cloud Kitchen,Fruits,131,58,73,9.0,8.5,58.0,No,Rainy,16,Overproduction,Yes,High
INV005616,2025-09-13,Cafeteria,Dairy,62,62,0,2.0,3.8,65.0,No,Cloudy,0,No Waste,No,Low
INV005617,2025-09-13,Cafeteria,Prepared Food,78,69,9,2.0,7.0,69.0,No,Hot,2,Low Demand,No,Medium
INV005618,2025-09-13,Cafeteria,Meat,65,65,0,7.0,4.6,87.0,Yes,Hot,0,No Waste,No,Low
INV005619,2025-09-13,Restaurant,Prepared Food,53,53,0,2.0,16.5,88.0,No,Sunny,0,No Waste,No,Low
INV005620,2025-09-13,Restaurant,Vegetables,90,90,0,7.0,5.8,91.0,No,Hot,0,No Waste,No,Low
INV005621,2025-09-13,Cafeteria,Vegetables,65,65,0,7.0,8.2,79.0,No,Hot,0,No Waste,No,Low
INV005622,2025-09-13,Cafeteria,Vegetables,64,52,12,8.0,12.8,52.0,No,,3,Storage Issue,Yes,Medium
INV005623,2025-09-13,Supermarket,Meat,164,164,0,4.0,3.9,205.0,Yes,Sunny,0,No Waste,No,Medium
INV005624,2025-09-13,Cafeteria,Bakery,82,51,31,2.0,21.8,51.0,No,Cloudy,6,Low Demand,Yes,Medium
INV005625,2025-09-13,Supermarket,Bakery,131,131,0,4.0,15.0,137.0,No,Sunny,0,No Waste,No,Low
INV005626,2025-09-13,Cloud Kitchen,Fruits,95,95,0,4.0,10.1,118.0,No,Sunny,0,No Waste,No,Low
INV005627,2025-09-13,Supermarket,Dairy,168,149,19,4.0,5.5,149.0,No,Sunny,4,Expired,No,Medium
INV005628,2025-09-13,Cloud Kitchen,Meat,118,78,40,5.0,-1.5,78.0,No,Cloudy,5,Overproduction,No,Medium
INV005629,2025-09-13,Cafeteria,Vegetables,42,42,0,3.0,4.4,44.0,No,Cloudy,0,No Waste,No,Low
INV005630,2025-09-13,Restaurant,Bakery,114,79,35,7.0,15.4,79.0,Yes,Cloudy,8,Overproduction,No,Medium
INV005631,2025-09-13,Supermarket,Meat,166,88,78,4.0,1.3,,No,Rainy,14,Overproduction,Yes,Medium
INV005632,2025-09-13,Restaurant,Meat,83,74,9,1.0,1.5,74.0,No,Cloudy,3,Expired,No,Medium
INV005633,2025-09-13,Supermarket,Dairy,157,125,32,2.0,1.0,125.0,No,Sunny,9,Expired,No,Medium
INV005634,2025-09-13,Restaurant,Prepared Food,87,86,1,1.0,27.3,86.0,No,Hot,0,No Waste,No,Low
INV005635,2025-09-13,Supermarket,Bakery,141,80,61,4.0,12.8,80.0,No,Rainy,17,Overproduction,Yes,High
INV005636,2025-09-13,Restaurant,Dairy,127,127,0,8.0,1.7,131.0,Yes,Hot,0,No Waste,No,Low
INV005637,2025-09-13,Cafeteria,Vegetables,88,64,24,5.0,5.9,64.0,Yes,Rainy,5,Low Demand,No,Medium
INV005638,2025-09-13,Restaurant,Fruits,98,98,0,6.0,10.7,109.0,Yes,Cloudy,0,No Waste,No,Low
INV005639,2025-09-13,Supermarket,Dairy,123,123,0,3.0,3.0,151.0,No,Rainy,0,No Waste,No,Low
INV005640,2025-09-13,Supermarket,Bakery,190,129,61,3.0,19.2,129.0,No,Hot,14,Overproduction,No,Medium
INV005641,2025-09-13,Cafeteria,Fruits,58,54,4,7.0,3.8,54.0,No,Hot,1,Low Demand,No,Low
INV005642,2025-09-13,Cafeteria,Fruits,55,54,1,7.0,8.7,54.0,No,Sunny,0,No Waste,No,Low
INV005643,2025-09-13,Restaurant,Fruits,77,67,10,2.0,2.1,67.0,No,Cloudy,3,Expired,No,Medium
INV005644,2025-09-13,Cloud Kitchen,Dairy,91,91,0,8.0,5.2,118.0,No,Hot,0,No Waste,No,Low
INV005645,2025-09-14,Supermarket,Meat,167,167,0,2.0,2.4,176.0,No,,0,No Waste,No,Low
INV005646,2025-09-14,Supermarket,Fruits,189,189,0,4.0,8.7,265.0,Yes,Hot,0,No Waste,No,Low
INV005647,2025-09-14,Supermarket,Meat,156,156,0,2.0,,182.0,No,Sunny,0,No Waste,No,Low
INV005648,2025-09-14,Cloud Kitchen,Vegetables,123,114,9,7.0,4.9,114.0,No,Cloudy,1,Expired,No,Low
INV005649,2025-09-14,Cloud Kitchen,Prepared Food,779,88,691,2.0,20.3,88.0,No,Cloudy,290,Overproduction,Yes,High
INV005650,2025-09-14,Cafeteria,Fruits,63,63,0,7.0,7.3,71.0,No,Sunny,0,No Waste,No,Low
INV005651,2025-09-14,Cloud Kitchen,Fruits,149,115,34,6.0,,115.0,No,Hot,2,Overproduction,No,Low
INV005652,2025-09-14,Supermarket,Fruits,156,156,0,6.0,13.7,209.0,No,Hot,0,No Waste,No,Medium
INV005653,2025-09-14,Cloud Kitchen,Fruits,136,110,26,6.0,3.5,110.0,No,Sunny,3,Low Demand,No,Medium
INV005654,2025-09-14,Cafeteria,Vegetables,55,54,1,7.0,7.7,54.0,No,Sunny,0,No Waste,No,Low
INV005655,2025-09-14,Restaurant,Meat,121,71,50,3.0,2.8,71.0,No,Cloudy,12,Overproduction,Yes,High
INV005656,2025-09-14,Restaurant,Dairy,76,73,3,1.0,3.9,73.0,No,Sunny,1,Expired,No,Low
INV005657,2025-09-14,Cafeteria,Bakery,87,39,48,2.0,23.4,39.0,No,Rainy,18,Overproduction,Yes,High
INV005658,2025-09-14,Restaurant,Dairy,55,55,0,7.0,6.9,72.0,No,Rainy,0,No Waste,No,Low
INV005659,2025-09-14,Restaurant,Dairy,117,94,23,,9.4,94.0,Yes,Cloudy,4,Storage Issue,No,Medium
INV005660,2025-09-14,Supermarket,Fruits,157,157,0,4.0,8.5,193.0,No,Sunny,0,No Waste,No,Low
INV005661,2025-09-14,Cloud Kitchen,Fruits,84,84,0,8.0,12.3,102.0,No,Hot,0,No Waste,No,Low
INV005662,2025-09-15,Cloud Kitchen,Prepared Food,96,96,0,1.0,13.7,96.0,No,Cloudy,0,No Waste,No,Low
INV005663,2025-09-15,Supermarket,Vegetables,188,129,59,5.0,2.0,129.0,No,Sunny,14,Overproduction,Yes,Medium
INV005664,2025-09-15,Restaurant,Prepared Food,77,66,11,3.0,25.3,66.0,No,Rainy,3,Storage Issue,No,Medium
INV005665,2025-09-15,Restaurant,Bakery,102,74,28,2.0,23.4,74.0,No,Rainy,8,Low Demand,Yes,Medium
INV005666,2025-09-15,Supermarket,Meat,242,146,96,3.0,2.2,146.0,No,Hot,23,Overproduction,Yes,High
INV005667,2025-09-15,Restaurant,Fruits,96,49,47,5.0,12.8,49.0,No,Rainy,17,Overproduction,Yes,High
INV005668,2025-09-15,Supermarket,Vegetables,167,167,0,6.0,3.8,208.0,Yes,Sunny,0,No Waste,No,Low
INV005669,2025-09-15,Restaurant,Meat,82,72,10,4.0,1.4,72.0,No,Rainy,2,Low Demand,No,Medium
INV005670,2025-09-15,Supermarket,Dairy,244,165,79,4.0,8.2,165.0,No,Sunny,21,Expired,No,Medium
INV005671,2025-09-15,Cafeteria,Dairy,77,63,14,6.0,6.2,63.0,No,Sunny,1,Low Demand,No,Low
INV005672,2025-09-15,Restaurant,Prepared Food,68,68,0,2.0,16.0,85.0,No,Hot,0,No Waste,No,Low
INV005673,2025-09-15,Cloud Kitchen,Meat,119,119,0,5.0,-0.9,119.0,No,Sunny,0,No Waste,No,Low
INV005674,2025-09-15,Cafeteria,Meat,75,67,8,4.0,5.9,67.0,No,Hot,1,Storage Issue,No,Low
INV005675,2025-09-15,Cloud Kitchen,Fruits,109,109,0,4.0,3.9,124.0,No,Sunny,0,No Waste,No,Low
INV005676,2025-09-15,Supermarket,Meat,151,151,0,2.0,1.9,166.0,No,Cloudy,0,No Waste,No,Low
INV005677,2025-09-15,Cafeteria,Bakery,60,60,0,4.0,21.2,63.0,No,Sunny,0,No Waste,No,Low
INV005678,2025-09-15,Supermarket,Bakery,172,132,40,4.0,19.5,132.0,No,Cloudy,7,Overproduction,No,Medium
INV005679,2025-09-15,Supermarket,Meat,178,175,3,8.0,1.2,175.0,No,Sunny,0,No Waste,No,Low
INV005680,2025-09-16,Supermarket,Prepared Food,185,185,0,1.0,16.7,194.0,No,Hot,0,No Waste,No,Low
INV005681,2025-09-16,Cloud Kitchen,Bakery,103,68,35,5.0,24.4,68.0,No,Rainy,6,Low Demand,No,Medium
INV005682,2025-09-16,Supermarket,Fruits,137,137,0,3.0,13.4,143.0,No,Hot,0,No Waste,No,Low
INV005683,2025-09-16,Restaurant,Meat,86,84,2,5.0,0.4,84.0,Yes,Rainy,0,No Waste,No,Low
INV005684,2025-09-16,Supermarket,Meat,176,176,0,4.0,3.3,191.0,No,Cloudy,0,No Waste,No,Low
INV005685,2025-09-16,Restaurant,Fruits,78,76,2,4.0,12.2,76.0,No,,0,No Waste,No,Low
INV005686,2025-09-16,Restaurant,Bakery,77,51,26,2.0,31.6,51.0,No,Cloudy,13,Storage Issue,Yes,High
INV005687,2025-09-16,Restaurant,Meat,85,85,0,6.0,2.1,94.0,No,Hot,0,No Waste,No,Low
INV005688,2025-09-16,Cloud Kitchen,Meat,119,111,8,3.0,4.7,111.0,No,Sunny,1,Expired,No,Low
INV005689,2025-09-16,Cafeteria,Meat,66,56,10,2.0,4.7,56.0,No,Cloudy,3,Low Demand,No,Medium
INV005690,2025-09-16,Restaurant,Fruits,104,81,23,6.0,5.8,81.0,No,Cloudy,1,Expired,No,Low
INV005691,2025-09-16,Restaurant,Meat,118,93,25,1.0,3.5,93.0,Yes,Sunny,8,Expired,No,Medium
INV005692,2025-09-16,Cloud Kitchen,Fruits,142,142,0,6.0,5.8,150.0,Yes,Hot,0,No Waste,No,Low
INV005693,2025-09-16,Cafeteria,Bakery,67,42,25,3.0,27.6,42.0,No,Rainy,8,Low Demand,Yes,High
INV005694,2025-09-16,Restaurant,Vegetables,82,76,6,3.0,7.9,76.0,No,Hot,1,Low Demand,No,Low
INV005695,2025-09-16,Restaurant,Meat,78,78,0,2.0,1.0,102.0,Yes,Sunny,0,No Waste,No,Low
INV005696,2025-09-16,Supermarket,Prepared Food,174,174,0,2.0,18.1,255.0,Yes,Cloudy,0,No Waste,No,Low
INV005697,2025-09-16,Cafeteria,Prepared Food,73,45,28,1.0,34.6,45.0,No,Rainy,17,Storage Issue,No,High
INV005698,2025-09-16,Supermarket,Vegetables,190,144,46,4.0,9.1,144.0,No,Cloudy,12,Expired,No,Medium
INV005699,2025-09-16,Restaurant,Vegetables,130,102,28,5.0,2.6,102.0,No,Sunny,3,Expired,No,Medium
INV005700,2025-09-16,Cafeteria,Prepared Food,70,70,0,1.0,17.7,78.0,No,Cloudy,0,No Waste,No,Low
INV005701,2025-09-17,Supermarket,Prepared Food,158,138,20,1.0,30.2,138.0,No,Sunny,10,Storage Issue,Yes,Medium
INV005702,2025-09-17,Cloud Kitchen,Bakery,129,129,0,3.0,17.3,148.0,Yes,Sunny,0,No Waste,No,Low
INV005703,2025-09-17,Restaurant,Fruits,121,89,32,4.0,5.5,89.0,Yes,Sunny,8,Overproduction,Yes,Medium
INV005704,2025-09-17,Restaurant,Prepared Food,70,70,0,1.0,21.0,95.0,No,Sunny,0,No Waste,No,Low
INV005705,2025-09-17,Supermarket,Prepared Food,135,135,0,1.0,14.8,146.0,No,Sunny,0,No Waste,No,Low
INV005706,2025-09-17,Cafeteria,Prepared Food,78,64,14,1.0,17.9,64.0,No,Sunny,4,Expired,No,Medium
INV005707,2025-09-17,Cafeteria,Bakery,67,67,0,2.0,19.8,69.0,No,Hot,0,No Waste,No,Low
INV005708,2025-09-17,Supermarket,Vegetables,164,149,15,5.0,7.0,149.0,No,Hot,2,Expired,No,Low
INV005709,2025-09-17,Restaurant,Fruits,85,68,17,5.0,5.6,68.0,No,Sunny,3,Low Demand,No,Medium
INV005710,2025-09-17,Restaurant,Bakery,107,42,65,4.0,18.8,42.0,No,Rainy,18,Overproduction,Yes,High
INV005711,2025-09-17,Supermarket,Meat,141,141,0,2.0,-0.8,160.0,No,Cloudy,0,No Waste,No,Low
INV005712,2025-09-17,Cafeteria,Bakery,101,49,52,2.0,28.0,49.0,No,Rainy,19,Overproduction,Yes,High
INV005713,2025-09-17,Cloud Kitchen,Vegetables,121,121,0,5.0,2.0,126.0,No,Hot,0,No Waste,No,Low
INV005714,2025-09-17,Restaurant,Vegetables,87,87,0,4.0,1.6,118.0,Yes,Sunny,0,No Waste,No,Low
INV005715,2025-09-17,Supermarket,Fruits,165,138,27,5.0,10.8,138.0,No,Sunny,3,Low Demand,No,Low
INV005716,2025-09-17,Restaurant,Prepared Food,110,75,35,1.0,16.2,75.0,No,Sunny,10,Expired,No,High
INV005717,2025-09-17,Supermarket,Prepared Food,140,140,0,2.0,18.8,166.0,No,Sunny,0,No Waste,No,Low
INV005718,2025-09-17,Cafeteria,Prepared Food,55,55,0,3.0,19.9,81.0,Yes,Cloudy,0,No Waste,No,Low
INV005719,2025-09-17,Restaurant,Bakery,101,99,2,3.0,29.2,99.0,No,Hot,1,Storage Issue,No,Low
INV005720,2025-09-17,Cafeteria,Prepared Food,43,43,0,3.0,22.0,44.0,No,Cloudy,0,No Waste,No,Low
INV005721,2025-09-17,Supermarket,Dairy,156,156,0,12.0,2.1,162.0,No,Cloudy,0,No Waste,No,Low
INV005722,2025-09-17,Cloud Kitchen,Vegetables,123,123,0,2.0,3.9,137.0,Yes,Sunny,0,No Waste,No,Low
INV005723,2025-09-17,Cafeteria,Prepared Food,92,36,56,1.0,25.8,36.0,No,Rainy,34,Overproduction,Yes,High
INV005724,2025-09-18,Restaurant,Meat,107,55,52,1.0,1.3,55.0,No,Rainy,25,Overproduction,Yes,High
INV005725,2025-09-18,Restaurant,Fruits,57,57,0,3.0,6.0,90.0,No,Sunny,0,No Waste,No,Low
INV005726,2025-09-18,Restaurant,Bakery,107,82,25,1.0,23.3,82.0,No,Hot,9,Expired,No,Medium
INV005727,2025-09-18,Restaurant,Prepared Food,74,74,0,1.0,20.4,136.0,Yes,Hot,0,No Waste,No,Medium
INV005728,2025-09-18,Supermarket,Fruits,179,141,38,3.0,,141.0,No,Hot,8,Overproduction,No,Medium
INV005729,2025-09-18,Restaurant,Vegetables,92,74,18,5.0,7.4,74.0,No,Hot,4,Overproduction,No,Medium
INV005730,2025-09-18,Cloud Kitchen,Dairy,153,84,69,8.0,2.3,84.0,No,Sunny,8,Overproduction,No,Medium
INV005731,2025-09-18,Restaurant,Bakery,86,55,31,2.0,27.8,55.0,No,Rainy,12,Low Demand,Yes,High
INV005732,2025-09-18,Cafeteria,Vegetables,101,61,40,8.0,2.2,61.0,No,Cloudy,7,Overproduction,No,Medium
INV005733,2025-09-18,Supermarket,Fruits,167,148,19,6.0,4.2,148.0,No,Hot,2,Expired,No,Low
INV005734,2025-09-18,Restaurant,Meat,91,91,0,2.0,1.4,130.0,Yes,Sunny,0,No Waste,No,Low
INV005735,2025-09-18,Restaurant,Meat,77,63,14,3.0,2.0,63.0,No,Cloudy,2,Low Demand,No,Medium
INV005736,2025-09-18,Supermarket,Prepared Food,198,140,58,1.0,20.6,140.0,No,Hot,22,Expired,No,High
INV005737,2025-09-18,Cafeteria,Dairy,82,47,35,8.0,8.0,47.0,No,Sunny,10,Overproduction,No,High
INV005738,2025-09-18,Supermarket,Prepared Food,187,187,0,2.0,21.5,214.0,Yes,Sunny,0,No Waste,No,Low
INV005739,2025-09-18,Restaurant,Fruits,85,52,33,,5.0,52.0,No,Rainy,10,Overproduction,No,High
INV005740,2025-09-18,Supermarket,Bakery,141,141,0,3.0,25.2,186.0,No,Sunny,0,No Waste,No,Low
INV005741,2025-09-18,Restaurant,Prepared Food,93,48,45,2.0,15.7,48.0,No,Rainy,16,Overproduction,Yes,High
INV005742,2025-09-18,Cloud Kitchen,Fruits,89,89,0,9.0,10.0,116.0,No,Sunny,0,No Waste,No,Low
INV005743,2025-09-19,Restaurant,Vegetables,104,104,0,6.0,4.3,118.0,Yes,Hot,0,No Waste,No,Low
INV005744,2025-09-19,Supermarket,Fruits,157,101,56,6.0,9.7,101.0,No,Rainy,13,Overproduction,Yes,Medium
INV005745,2025-09-19,Restaurant,Fruits,75,75,0,5.0,8.4,84.0,No,Cloudy,0,No Waste,No,Low
INV005746,2025-09-19,Restaurant,Bakery,72,72,0,1.0,21.9,72.0,No,Sunny,0,No Waste,No,Low
INV005747,2025-09-19,Supermarket,Vegetables,118,118,0,8.0,6.1,216.0,No,Sunny,0,No Waste,No,Low
INV005748,2025-09-19,Restaurant,Fruits,77,77,0,2.0,6.4,86.0,No,Hot,0,No Waste,No,Low
INV005749,2025-09-19,Restaurant,Meat,71,58,13,5.0,0.5,58.0,No,Rainy,3,Low Demand,No,Medium
INV005750,2025-09-19,Cafeteria,Prepared Food,52,37,15,1.0,17.3,37.0,No,Rainy,6,Expired,No,High
INV005751,2025-09-19,Restaurant,Meat,103,71,32,6.0,2.7,71.0,No,Cloudy,6,Overproduction,No,Low
INV005752,2025-09-19,Supermarket,Prepared Food,174,146,28,3.0,16.6,146.0,Yes,Rainy,4,Expired,No,Medium
INV005753,2025-09-19,Supermarket,Dairy,156,103,53,5.0,5.9,103.0,No,Cloudy,9,Overproduction,Yes,Medium
INV005754,2025-09-19,Supermarket,Vegetables,163,109,54,8.0,4.5,109.0,No,Cloudy,7,Overproduction,No,Medium
INV005755,2025-09-19,Cafeteria,Meat,62,62,0,5.0,-1.3,63.0,No,Hot,0,No Waste,No,Low
INV005756,2025-09-19,Restaurant,Fruits,121,121,0,3.0,8.1,123.0,Yes,Sunny,0,No Waste,No,Low
INV005757,2025-09-19,Supermarket,Prepared Food,127,127,0,1.0,17.0,134.0,No,Cloudy,0,No Waste,No,Low
INV005758,2025-09-19,Cafeteria,Dairy,65,60,5,10.0,1.9,60.0,No,Sunny,0,No Waste,No,Low
INV005759,2025-09-19,Restaurant,Dairy,610,105,505,9.0,0.8,105.0,Yes,Cloudy,184,Overproduction,Yes,High
INV005760,2025-09-19,Restaurant,Meat,94,67,27,6.0,3.6,67.0,No,Hot,6,Overproduction,No,Medium
INV005761,2025-09-19,Supermarket,Fruits,183,115,68,2.0,6.9,115.0,No,Rainy,23,Overproduction,Yes,High
INV005762,2025-09-19,Supermarket,Dairy,220,178,42,7.0,3.0,178.0,No,Sunny,5,Overproduction,No,Medium
INV005763,2025-09-19,Cloud Kitchen,Bakery,94,94,0,3.0,20.0,100.0,No,,0,No Waste,No,Low
INV005764,2025-09-19,Restaurant,Vegetables,73,73,0,8.0,4.3,93.0,No,Sunny,0,No Waste,No,Low
INV005765,2025-09-20,Restaurant,Vegetables,86,81,5,3.0,3.2,81.0,No,Cloudy,1,Expired,No,Low
INV005766,2025-09-20,Cafeteria,Bakery,86,62,24,4.0,21.1,62.0,No,Sunny,6,Low Demand,Yes,Medium
INV005767,2025-09-20,Cloud Kitchen,Bakery,107,88,19,2.0,26.9,88.0,No,Hot,6,Expired,No,Medium
INV005768,2025-09-20,Restaurant,Fruits,65,65,0,9.0,7.0,86.0,No,Cloudy,0,No Waste,,Low
INV005769,2025-09-20,Cloud Kitchen,Vegetables,70,70,0,6.0,3.3,103.0,No,Cloudy,0,No Waste,No,Low
INV005770,2025-09-20,Supermarket,Prepared Food,232,102,130,1.0,20.8,102.0,No,Rainy,58,Overproduction,Yes,High
INV005771,2025-09-20,Cafeteria,Fruits,56,56,0,5.0,7.6,83.0,No,Hot,0,No Waste,No,Low
INV005772,2025-09-20,Cafeteria,Meat,55,55,0,3.0,0.6,58.0,No,Cloudy,0,No Waste,No,Low
INV005773,2025-09-20,Supermarket,Dairy,209,115,94,8.0,2.9,115.0,No,Cloudy,22,Overproduction,Yes,High
INV005774,2025-09-20,Supermarket,Prepared Food,218,142,76,1.0,19.5,,No,Cloudy,30,Expired,No,High
INV005775,2025-09-20,Restaurant,Prepared Food,82,63,19,2.0,14.2,63.0,No,Cloudy,5,Low Demand,No,Medium
INV005776,2025-09-20,Cloud Kitchen,Bakery,120,120,0,4.0,21.7,124.0,No,Hot,0,No Waste,No,Low
INV005777,2025-09-20,Restaurant,Bakery,104,96,8,3.0,25.8,96.0,No,Cloudy,2,Expired,No,Low
INV005778,2025-09-20,Restaurant,Dairy,86,56,30,6.0,1.6,56.0,No,,7,Low Demand,Yes,Medium
INV005779,2025-09-20,Cafeteria,Fruits,75,50,25,5.0,11.9,50.0,No,Cloudy,7,Low Demand,No,High
INV005780,2025-09-20,Supermarket,Prepared Food,196,138,58,1.0,21.5,138.0,No,Sunny,16,Expired,No,Medium
INV005781,2025-09-20,Restaurant,Dairy,111,103,8,5.0,3.9,103.0,Yes,Sunny,1,Low Demand,No,Low
INV005782,2025-09-20,Restaurant,Meat,76,71,5,4.0,2.3,71.0,No,Sunny,1,Low Demand,No,Low
INV005783,2025-09-20,Restaurant,Prepared Food,84,84,0,2.0,,106.0,No,Sunny,0,No Waste,No,Low
INV005784,2025-09-21,Cafeteria,Fruits,79,78,1,5.0,15.4,,No,Sunny,0,No Waste,No,Low
INV005785,2025-09-21,Restaurant,Dairy,72,72,0,12.0,1.0,74.0,No,Cloudy,0,No Waste,No,Low
INV005786,2025-09-21,Restaurant,Prepared Food,134,115,19,2.0,25.7,115.0,Yes,Sunny,5,Storage Issue,Yes,Medium
INV005787,2025-09-21,Cloud Kitchen,Meat,123,123,0,1.0,1.2,129.0,No,Sunny,0,No Waste,No,Low
INV005788,2025-09-21,Supermarket,Bakery,171,88,83,4.0,19.7,88.0,No,Rainy,21,Overproduction,Yes,High
INV005789,2025-09-21,Supermarket,Bakery,140,133,7,4.0,24.7,133.0,No,Sunny,1,Expired,No,Low
INV005790,2025-09-21,Supermarket,Meat,192,152,40,4.0,3.2,152.0,Yes,Cloudy,6,Expired,No,Medium
INV005791,2025-09-21,Restaurant,Vegetables,86,74,12,6.0,3.3,74.0,No,Sunny,2,Low Demand,No,Medium
INV005792,2025-09-21,Cloud Kitchen,Fruits,92,92,0,8.0,2.0,116.0,Yes,Rainy,0,No Waste,No,Low
INV005793,2025-09-21,Supermarket,Vegetables,140,129,11,4.0,5.6,129.0,No,Cloudy,1,Low Demand,No,High
INV005794,2025-09-21,Supermarket,Prepared Food,166,91,75,1.0,21.6,91.0,No,Rainy,26,Expired,No,High
INV005795,2025-09-21,Restaurant,Prepared Food,80,80,0,1.0,24.7,110.0,No,Hot,0,No Waste,No,Low
INV005796,2025-09-21,Cafeteria,Vegetables,49,47,2,5.0,5.9,47.0,No,Cloudy,0,No Waste,No,Low
INV005797,2025-09-21,Restaurant,Dairy,59,59,0,14.0,2.8,80.0,No,Sunny,0,No Waste,No,Low
INV005798,2025-09-21,Cafeteria,Meat,60,58,2,4.0,2.5,58.0,No,Hot,0,No Waste,No,Low
INV005799,2025-09-21,Cloud Kitchen,Vegetables,91,85,6,8.0,4.5,85.0,No,Cloudy,0,No Waste,No,Low
INV005800,2025-09-21,Restaurant,Bakery,93,77,16,2.0,23.0,77.0,No,Sunny,4,Expired,No,High
INV005801,2025-09-21,Supermarket,Meat,145,145,0,2.0,5.0,161.0,No,Sunny,0,No Waste,No,Low
INV005802,2025-09-21,Restaurant,Bakery,75,75,0,5.0,22.1,97.0,No,Sunny,0,No Waste,No,Low
INV005803,2025-09-22,Restaurant,Meat,103,86,17,2.0,3.2,86.0,No,Sunny,3,Expired,,Medium
INV005804,2025-09-22,Supermarket,Bakery,170,158,12,4.0,26.2,158.0,No,Cloudy,3,Storage Issue,Yes,Low
INV005805,2025-09-22,Cafeteria,Prepared Food,48,48,0,2.0,26.5,58.0,No,Rainy,0,No Waste,No,Low
INV005806,2025-09-22,Restaurant,Prepared Food,94,77,17,2.0,14.0,77.0,No,Sunny,4,Expired,No,Medium
INV005807,2025-09-22,Restaurant,Dairy,98,57,41,10.0,3.5,57.0,No,Rainy,6,Overproduction,No,Medium
INV005808,2025-09-22,Restaurant,Prepared Food,81,81,0,2.0,22.1,123.0,Yes,Hot,0,No Waste,No,Low
INV005809,2025-09-22,Supermarket,Fruits,161,152,9,7.0,8.2,152.0,No,Cloudy,0,No Waste,No,Low
INV005810,2025-09-22,Restaurant,Prepared Food,71,62,9,2.0,24.2,62.0,No,Cloudy,2,Storage Issue,No,Medium
INV005811,2025-09-22,Restaurant,Vegetables,67,67,0,6.0,4.3,82.0,No,Hot,0,No Waste,No,Low
INV005812,2025-09-22,Supermarket,Vegetables,149,95,54,5.0,5.2,95.0,No,Rainy,13,Overproduction,No,High
INV005813,2025-09-22,Supermarket,Fruits,209,97,112,5.0,10.5,97.0,No,Rainy,32,Overproduction,Yes,High
INV005814,2025-09-22,Cloud Kitchen,Prepared Food,72,72,0,1.0,21.0,122.0,No,Sunny,0,No Waste,No,Low
INV005815,2025-09-22,Supermarket,Prepared Food,145,145,0,1.0,18.8,163.0,No,Hot,0,No Waste,No,Low
INV005816,2025-09-22,Cafeteria,Bakery,52,52,0,3.0,24.5,72.0,No,Sunny,0,No Waste,No,Low
INV005817,2025-09-22,Cafeteria,Vegetables,88,84,4,4.0,5.3,84.0,No,Hot,1,Low Demand,No,Low
INV005818,2025-09-22,Cloud Kitchen,Meat,82,82,0,3.0,0.2,129.0,No,Cloudy,0,No Waste,No,Low
INV005819,2025-09-22,Cafeteria,Vegetables,82,82,0,8.0,1.1,104.0,Yes,Sunny,0,No Waste,No,Low
INV005820,2025-09-22,Cafeteria,Bakery,53,53,0,4.0,20.8,58.0,No,Hot,0,No Waste,No,Low
INV005821,2025-09-22,Cloud Kitchen,Vegetables,93,80,13,8.0,8.8,,No,Sunny,3,Low Demand,No,Medium
INV005822,2025-09-22,Cafeteria,Bakery,57,57,0,4.0,16.3,70.0,Yes,Rainy,0,No Waste,No,Low
INV005823,2025-09-22,Restaurant,Meat,101,96,5,5.0,1.6,96.0,Yes,Cloudy,1,Low Demand,No,Low
INV005824,2025-09-22,Cafeteria,Prepared Food,67,44,23,,5.6,44.0,No,Rainy,8,Low Demand,No,High
INV005825,2025-09-22,Cloud Kitchen,Dairy,101,91,10,6.0,1.1,91.0,No,Hot,2,Expired,No,Low
INV005826,2025-09-23,Restaurant,Bakery,76,60,16,1.0,24.8,60.0,No,Cloudy,7,Expired,No,High
INV005827,2025-09-23,Supermarket,Dairy,149,148,1,10.0,4.5,148.0,No,Hot,0,No Waste,No,Low
INV005828,2025-09-23,Cafeteria,Dairy,51,51,0,10.0,5.1,60.0,No,Sunny,0,No Waste,No,Low
INV005829,2025-09-23,Restaurant,Prepared Food,113,81,32,1.0,16.4,81.0,No,Sunny,10,Expired,No,High
INV005830,2025-09-23,Restaurant,Bakery,71,47,24,3.0,25.0,47.0,No,Cloudy,8,Low Demand,Yes,High
INV005831,2025-09-23,Supermarket,Bakery,177,177,0,2.0,20.1,180.0,Yes,Cloudy,0,No Waste,No,Low
INV005832,2025-09-23,Supermarket,Dairy,135,135,0,7.0,6.2,191.0,No,Hot,0,No Waste,No,Low
INV005833,2025-09-23,Restaurant,Vegetables,87,53,34,5.0,1.2,53.0,No,Rainy,5,Overproduction,No,Medium
INV005834,2025-09-23,Restaurant,Prepared Food,103,57,46,2.0,34.4,57.0,No,Rainy,28,Storage Issue,Yes,High
INV005835,2025-09-23,Restaurant,Vegetables,69,61,8,5.0,10.7,61.0,No,Rainy,1,Low Demand,No,Low
INV005836,2025-09-23,Supermarket,Bakery,184,172,12,3.0,28.5,172.0,No,Hot,3,Storage Issue,No,Low
INV005837,2025-09-23,Cloud Kitchen,Vegetables,122,122,0,8.0,0.9,135.0,No,Hot,0,No Waste,No,Low
INV005838,2025-09-23,Restaurant,Fruits,90,90,0,4.0,9.8,103.0,No,Hot,0,No Waste,No,Low
INV005839,2025-09-23,Restaurant,Bakery,106,83,23,2.0,28.6,83.0,No,Sunny,8,Storage Issue,Yes,High
INV005840,2025-09-23,Supermarket,Dairy,150,98,52,8.0,7.6,98.0,No,Rainy,10,Overproduction,No,Medium
INV005841,2025-09-23,Cafeteria,Prepared Food,65,50,15,2.0,12.2,50.0,No,Cloudy,4,Low Demand,No,Medium
INV005842,2025-09-23,Cafeteria,Dairy,72,65,7,7.0,3.0,65.0,No,Hot,0,No Waste,No,Low
INV005843,2025-09-23,Cloud Kitchen,Meat,109,80,29,4.0,3.5,80.0,No,Rainy,7,Overproduction,No,Medium
INV005844,2025-09-23,Restaurant,Vegetables,78,78,0,6.0,11.6,90.0,Yes,Hot,0,No Waste,No,Low
INV005845,2025-09-23,Restaurant,Vegetables,90,90,0,11.0,3.0,127.0,Yes,Sunny,0,No Waste,No,Low
INV005846,2025-09-23,Supermarket,Bakery,120,120,0,5.0,24.7,183.0,No,,0,No Waste,No,Low
INV005847,2025-09-23,Restaurant,Bakery,87,87,0,3.0,19.9,141.0,Yes,Cloudy,0,No Waste,No,Low
INV005848,2025-09-23,Restaurant,Meat,66,66,0,,1.9,89.0,No,Sunny,0,No Waste,No,Low
INV005849,2025-09-23,Cloud Kitchen,Fruits,112,52,60,4.0,9.1,52.0,No,Rainy,15,Overproduction,Yes,High
INV005850,2025-09-23,Cloud Kitchen,Fruits,142,79,63,6.0,4.3,79.0,No,Cloudy,15,Overproduction,Yes,High
INV005851,2025-09-23,Cloud Kitchen,Prepared Food,107,105,2,1.0,19.1,105.0,No,Sunny,1,Expired,No,Low
INV005852,2025-09-24,Cafeteria,Meat,68,48,20,4.0,2.6,48.0,No,Rainy,3,Low Demand,No,Medium
INV005853,2025-09-24,Restaurant,Vegetables,80,80,0,9.0,5.3,84.0,No,Cloudy,0,No Waste,No,Low
INV005854,2025-09-24,Cloud Kitchen,Meat,131,53,78,4.0,1.2,53.0,No,Rainy,23,Overproduction,Yes,High
INV005855,2025-09-24,Restaurant,Fruits,91,91,0,6.0,9.1,150.0,Yes,Hot,0,No Waste,No,Low
INV005856,2025-09-24,Supermarket,Dairy,135,135,0,9.0,3.0,135.0,No,Sunny,0,No Waste,No,Low
INV005857,2025-09-24,Cafeteria,Meat,73,66,7,4.0,0.4,66.0,No,Sunny,1,Low Demand,No,Low
INV005858,2025-09-24,Restaurant,Meat,82,82,0,4.0,9.2,113.0,Yes,Hot,0,No Waste,No,Low
INV005859,2025-09-24,Supermarket,Fruits,119,99,20,7.0,7.4,99.0,No,Rainy,2,Low Demand,No,Low
INV005860,2025-09-24,Supermarket,Bakery,169,142,27,1.0,15.3,142.0,No,Sunny,10,Expired,No,Medium
INV005861,2025-09-24,Cloud Kitchen,Vegetables,102,60,42,6.0,7.6,60.0,No,Rainy,9,Overproduction,No,High
INV005862,2025-09-24,Restaurant,Prepared Food,159,108,51,2.0,18.0,108.0,Yes,Cloudy,13,Expired,No,Medium
INV005863,2025-09-24,Cafeteria,Vegetables,59,55,4,7.0,,55.0,No,Cloudy,0,No Waste,No,Low
INV005864,2025-09-24,Cloud Kitchen,Dairy,107,82,25,11.0,5.3,82.0,Yes,Rainy,4,Overproduction,No,Medium
INV005865,2025-09-24,Supermarket,Prepared Food,170,144,26,1.0,,144.0,No,Hot,10,Expired,No,Medium
INV005866,2025-09-24,Restaurant,Meat,105,93,12,4.0,0.6,93.0,No,Hot,2,Expired,No,Low
INV005867,2025-09-24,Cafeteria,Prepared Food,64,58,6,2.0,18.8,58.0,No,Hot,1,Expired,No,Low
INV005868,2025-09-24,Cafeteria,Prepared Food,78,78,0,1.0,16.8,90.0,Yes,Sunny,0,No Waste,No,Low
INV005869,2025-09-24,Restaurant,Vegetables,94,46,48,4.0,4.4,46.0,No,Rainy,13,Overproduction,Yes,High
INV005870,2025-09-24,Cafeteria,Bakery,60,60,0,4.0,22.2,73.0,No,Sunny,0,No Waste,No,Low
INV005871,2025-09-24,Restaurant,Dairy,57,57,0,3.0,4.2,96.0,No,Sunny,0,No Waste,No,Low
INV005872,2025-09-24,Supermarket,Vegetables,180,100,80,3.0,6.3,100.0,No,Rainy,25,Overproduction,Yes,High
INV005873,2025-09-24,Supermarket,Bakery,207,207,0,4.0,21.0,238.0,Yes,Sunny,0,No Waste,No,Low
INV005874,2025-09-24,Supermarket,Bakery,111,90,21,3.0,20.5,90.0,No,Rainy,5,Expired,No,Medium
INV005875,2025-09-24,Restaurant,Bakery,116,112,4,2.0,16.2,112.0,No,Sunny,1,Expired,No,Low
INV005876,2025-09-24,Supermarket,Fruits,173,166,7,7.0,7.7,166.0,No,Sunny,1,Low Demand,No,Low
INV005877,2025-09-24,Restaurant,Prepared Food,103,103,0,1.0,19.7,118.0,Yes,Sunny,0,No Waste,No,Low
INV005878,2025-09-24,Supermarket,Bakery,165,165,0,2.0,26.2,172.0,No,Cloudy,0,No Waste,No,Low
INV005879,2025-09-24,Supermarket,Meat,146,146,0,5.0,-0.2,194.0,Yes,Rainy,0,No Waste,No,Low
INV005880,2025-09-24,Supermarket,Bakery,157,122,35,2.0,27.2,122.0,No,Cloudy,11,Expired,No,Medium
INV005881,2025-09-24,Restaurant,Prepared Food,108,55,53,2.0,15.2,55.0,No,Cloudy,16,Overproduction,Yes,High
INV005882,2025-09-24,Supermarket,Fruits,225,142,83,3.0,6.4,142.0,No,Sunny,20,Overproduction,No,High
INV005883,2025-09-24,Cafeteria,Bakery,66,66,0,4.0,24.1,72.0,Yes,,0,No Waste,No,Low
INV005884,2025-09-25,Restaurant,Meat,109,75,34,6.0,1.7,75.0,No,Cloudy,6,Overproduction,No,Medium
INV005885,2025-09-25,Cloud Kitchen,Fruits,104,100,4,6.0,9.9,100.0,No,Cloudy,1,Storage Issue,No,Low
INV005886,2025-09-25,Cafeteria,Meat,69,66,3,3.0,,,No,Hot,1,Low Demand,No,Low
INV005887,2025-09-25,Supermarket,Vegetables,120,120,0,5.0,5.5,135.0,No,Cloudy,0,No Waste,No,Low
INV005888,2025-09-25,Restaurant,Prepared Food,78,55,23,2.0,27.8,55.0,No,Rainy,10,Storage Issue,No,High
INV005889,2025-09-25,Supermarket,Prepared Food,147,84,63,1.0,22.0,84.0,No,Rainy,27,Expired,No,High
INV005890,2025-09-25,Cloud Kitchen,Fruits,114,93,21,8.0,6.2,93.0,No,Sunny,2,Overproduction,No,Low
INV005891,2025-09-25,Supermarket,Meat,250,127,123,4.0,1.6,127.0,No,Cloudy,30,Overproduction,,High
INV005892,2025-09-25,Cafeteria,Fruits,62,61,1,3.0,5.8,61.0,No,Sunny,0,No Waste,No,Low
INV005893,2025-09-25,Supermarket,Dairy,151,121,30,,1.8,121.0,No,Cloudy,4,Low Demand,No,Medium
INV005894,2025-09-25,Restaurant,Fruits,102,41,61,2.0,11.1,41.0,No,Rainy,31,Overproduction,No,High
INV005895,2025-09-25,Cafeteria,Prepared Food,261,64,197,2.0,24.0,64.0,No,Cloudy,91,Overproduction,No,High
INV005896,2025-09-25,Restaurant,Fruits,259,67,192,5.0,5.2,67.0,No,Sunny,68,Overproduction,Yes,High
INV005897,2025-09-25,Supermarket,Bakery,182,153,29,2.0,17.3,153.0,No,Cloudy,8,Expired,No,Medium
INV005898,2025-09-25,Cafeteria,Meat,80,58,22,5.0,1.4,58.0,No,Hot,3,Low Demand,No,Medium
INV005899,2025-09-25,Supermarket,Vegetables,215,169,46,5.0,8.3,169.0,No,Cloudy,8,Overproduction,No,Medium
INV005900,2025-09-25,Supermarket,Meat,188,146,42,6.0,3.6,146.0,Yes,Rainy,9,Overproduction,No,Medium
INV005901,2025-09-26,Cloud Kitchen,Prepared Food,99,80,19,1.0,32.9,80.0,No,Cloudy,10,Storage Issue,Yes,High
INV005902,2025-09-26,Supermarket,Prepared Food,253,97,156,2.0,8.5,97.0,Yes,Rainy,52,Overproduction,Yes,High
INV005903,2025-09-26,Cafeteria,Fruits,49,49,0,4.0,5.6,58.0,No,Cloudy,0,No Waste,No,Low
INV005904,2025-09-26,Restaurant,Meat,119,67,52,2.0,-2.5,67.0,No,Cloudy,19,Overproduction,No,High
INV005905,2025-09-26,Supermarket,Bakery,147,138,9,4.0,22.9,138.0,No,Hot,1,Expired,No,Low
INV005906,2025-09-26,Restaurant,Vegetables,83,83,0,6.0,9.9,90.0,No,Hot,0,No Waste,No,Low
INV005907,2025-09-26,Supermarket,Fruits,185,169,16,5.0,9.4,169.0,No,Sunny,2,Expired,No,Low
INV005908,2025-09-26,Supermarket,Fruits,185,152,33,6.0,12.0,152.0,Yes,Rainy,8,Storage Issue,Yes,Medium
INV005909,2025-09-26,Supermarket,Vegetables,123,123,0,6.0,4.8,172.0,No,Hot,0,No Waste,No,Low
INV005910,2025-09-26,Cafeteria,Prepared Food,79,69,10,2.0,6.1,69.0,No,Sunny,2,Expired,No,Medium
INV005911,2025-09-26,Restaurant,Prepared Food,70,63,7,3.0,18.2,63.0,No,Rainy,2,Low Demand,No,Medium
INV005912,2025-09-26,Supermarket,Dairy,189,120,69,12.0,5.0,,No,Rainy,11,Overproduction,Yes,Medium
INV005913,2025-09-26,Cloud Kitchen,Bakery,106,98,8,3.0,16.9,98.0,No,Cloudy,1,Expired,No,Low
INV005914,2025-09-26,Supermarket,Dairy,181,162,19,6.0,2.8,162.0,No,Hot,3,Expired,No,Low
INV005915,2025-09-26,Cloud Kitchen,Bakery,122,122,0,3.0,19.7,181.0,Yes,Hot,0,No Waste,No,Low
INV005916,2025-09-26,Supermarket,Dairy,187,187,0,1.0,2.6,254.0,Yes,,0,No Waste,No,Low
INV005917,2025-09-27,Cloud Kitchen,Fruits,114,91,23,7.0,8.6,91.0,No,Sunny,3,Low Demand,No,Medium
INV005918,2025-09-27,Cafeteria,Dairy,90,59,31,6.0,4.4,59.0,No,Hot,8,Low Demand,Yes,High
INV005919,2025-09-27,Supermarket,Prepared Food,153,133,20,2.0,23.5,133.0,No,Rainy,5,Expired,No,Medium
INV005920,2025-09-27,Cloud Kitchen,Meat,88,88,0,8.0,0.4,107.0,No,Cloudy,0,No Waste,No,Low
INV005921,2025-09-27,Supermarket,Fruits,165,165,0,10.0,8.7,180.0,No,Sunny,0,No Waste,No,Low
INV005922,2025-09-27,Supermarket,Vegetables,198,175,23,4.0,5.1,175.0,No,Sunny,3,Expired,No,Low
INV005923,2025-09-27,Cloud Kitchen,Prepared Food,104,104,0,1.0,25.8,105.0,No,Hot,0,No Waste,No,Low
INV005924,2025-09-27,Cafeteria,Meat,78,78,0,6.0,0.9,112.0,Yes,Sunny,0,No Waste,No,Low
INV005925,2025-09-27,Cloud Kitchen,Bakery,90,75,15,4.0,15.5,75.0,No,Rainy,1,Low Demand,No,Low
INV005926,2025-09-27,Supermarket,Meat,147,144,3,7.0,2.0,144.0,No,Cloudy,0,No Waste,No,Low
INV005927,2025-09-27,Cloud Kitchen,Bakery,134,112,22,2.0,23.1,112.0,No,Sunny,7,Expired,No,Medium
INV005928,2025-09-27,Restaurant,Dairy,98,89,9,7.0,5.0,89.0,No,Sunny,1,Low Demand,No,Low
INV005929,2025-09-27,Supermarket,Meat,183,165,18,5.0,2.2,165.0,Yes,Cloudy,2,Expired,No,Low
INV005930,2025-09-27,Restaurant,Prepared Food,105,105,0,2.0,28.8,114.0,No,Sunny,0,No Waste,No,Low
INV005931,2025-09-27,Cloud Kitchen,Bakery,133,133,0,4.0,18.4,159.0,Yes,Hot,0,No Waste,No,Low
INV005932,2025-09-27,Cloud Kitchen,Prepared Food,94,94,0,1.0,17.6,98.0,No,,0,No Waste,No,Low
INV005933,2025-09-27,Restaurant,Meat,88,56,32,,1.6,56.0,No,Rainy,9,Overproduction,Yes,High
INV005934,2025-09-27,Restaurant,Dairy,70,70,0,7.0,2.7,88.0,No,Sunny,0,No Waste,No,Low
INV005935,2025-09-27,Cloud Kitchen,Prepared Food,101,101,0,1.0,17.7,148.0,No,Hot,0,No Waste,No,Low
INV005936,2025-09-27,Restaurant,Dairy,102,102,0,13.0,2.0,103.0,Yes,Cloudy,0,No Waste,,Low
INV005937,2025-09-27,Restaurant,Bakery,89,54,35,5.0,23.9,54.0,No,Rainy,8,Overproduction,Yes,High
INV005938,2025-09-27,Restaurant,Vegetables,107,77,30,9.0,7.7,77.0,No,Hot,6,Low Demand,,Medium
INV005939,2025-09-28,Cafeteria,Vegetables,60,43,17,7.0,9.4,43.0,No,Rainy,4,Low Demand,No,Medium
INV005940,2025-09-28,Restaurant,Meat,103,103,0,3.0,2.8,121.0,No,Cloudy,0,No Waste,No,Low
INV005941,2025-09-28,Restaurant,Meat,103,72,31,7.0,6.3,72.0,No,Sunny,7,Storage Issue,No,Medium
INV005942,2025-09-28,Cloud Kitchen,Fruits,90,90,0,9.0,8.3,116.0,No,Hot,0,No Waste,No,Medium
INV005943,2025-09-28,Supermarket,Bakery,137,137,0,4.0,23.7,169.0,No,,0,No Waste,No,Low
INV005944,2025-09-28,Supermarket,Vegetables,207,207,0,4.0,12.8,228.0,Yes,Sunny,0,No Waste,No,Low
INV005945,2025-09-28,Restaurant,Meat,104,86,18,5.0,3.4,86.0,No,Cloudy,3,Low Demand,No,Medium
INV005946,2025-09-28,Cafeteria,Vegetables,61,61,0,5.0,6.6,107.0,Yes,Sunny,0,No Waste,No,Low
INV005947,2025-09-28,Cafeteria,Bakery,64,49,15,3.0,19.7,49.0,No,Cloudy,3,Low Demand,No,Medium
INV005948,2025-09-28,Cafeteria,Fruits,72,40,32,6.0,11.5,40.0,No,Rainy,6,Low Demand,No,Medium
INV005949,2025-09-28,Supermarket,Bakery,244,244,0,6.0,22.0,244.0,Yes,Sunny,0,No Waste,No,Low
INV005950,2025-09-28,Supermarket,Bakery,162,132,30,3.0,24.4,132.0,Yes,Rainy,5,Storage Issue,Yes,Medium
INV005951,2025-09-28,Supermarket,Prepared Food,200,105,95,1.0,21.4,105.0,No,Cloudy,41,Overproduction,Yes,High
INV005952,2025-09-28,Supermarket,Fruits,160,133,27,6.0,10.1,133.0,No,Hot,3,Overproduction,No,Low
INV005953,2025-09-28,Supermarket,Dairy,201,201,0,6.0,3.2,235.0,Yes,Sunny,0,No Waste,No,Low
INV005954,2025-09-28,Supermarket,Fruits,157,148,9,3.0,7.8,148.0,No,Cloudy,1,Expired,No,Low
INV005955,2025-09-28,Supermarket,Prepared Food,148,83,65,2.0,24.1,83.0,No,Rainy,27,Overproduction,Yes,High
INV005956,2025-09-28,Supermarket,Bakery,166,166,0,4.0,24.3,167.0,No,Sunny,0,No Waste,No,Low
INV005957,2025-09-28,Restaurant,Vegetables,78,71,7,9.0,4.7,71.0,No,Sunny,0,No Waste,No,Low
INV005958,2025-09-28,Supermarket,Dairy,163,125,38,7.0,7.4,125.0,No,Cloudy,7,Overproduction,No,Medium
INV005959,2025-09-28,Cloud Kitchen,Fruits,152,152,0,3.0,3.6,159.0,Yes,Sunny,0,No Waste,,Medium
INV005960,2025-09-28,Supermarket,Prepared Food,131,131,0,2.0,21.3,156.0,No,Sunny,0,No Waste,No,Low
INV005961,2025-09-28,Restaurant,Meat,100,100,0,4.0,4.2,110.0,No,Hot,0,No Waste,No,Low
INV005962,2025-09-28,Supermarket,Vegetables,181,160,21,8.0,7.8,160.0,No,Cloudy,3,Low Demand,No,Low
INV005963,2025-09-29,Restaurant,Prepared Food,95,81,14,,17.9,81.0,No,Cloudy,3,Expired,No,Medium
INV005964,2025-09-29,Supermarket,Vegetables,248,179,69,10.0,7.0,179.0,No,Cloudy,12,Overproduction,Yes,Medium
INV005965,2025-09-29,Supermarket,Bakery,170,170,0,3.0,21.3,192.0,No,Sunny,0,No Waste,No,Low
INV005966,2025-09-29,Restaurant,Meat,99,75,24,6.0,-0.6,75.0,No,Sunny,4,Low Demand,No,Medium
INV005967,2025-09-29,Cafeteria,Bakery,56,45,11,4.0,27.1,45.0,No,Rainy,3,Low Demand,No,Medium
INV005968,2025-09-29,Supermarket,Dairy,212,157,55,9.0,5.3,157.0,No,Cloudy,6,Overproduction,Yes,Medium
INV005969,2025-09-29,Restaurant,Fruits,79,57,22,5.0,9.0,57.0,No,Rainy,5,Low Demand,No,Medium
INV005970,2025-09-29,Supermarket,Vegetables,187,155,32,5.0,8.7,155.0,No,Sunny,6,Expired,No,Medium
INV005971,2025-09-29,Cloud Kitchen,Fruits,110,100,10,7.0,13.3,100.0,No,Cloudy,2,Storage Issue,No,Low
INV005972,2025-09-29,Supermarket,Meat,140,140,0,5.0,0.5,147.0,No,Hot,0,No Waste,No,Low
INV005973,2025-09-29,Supermarket,Prepared Food,204,150,54,1.0,16.5,150.0,Yes,Sunny,21,Expired,No,High
INV005974,2025-09-29,Cloud Kitchen,Prepared Food,390,118,272,1.0,19.6,118.0,No,Hot,140,Overproduction,Yes,High
INV005975,2025-09-29,Supermarket,Bakery,173,173,0,3.0,21.7,180.0,No,Sunny,0,No Waste,,Low
INV005976,2025-09-29,Cloud Kitchen,Meat,83,83,0,4.0,3.4,84.0,No,Cloudy,0,No Waste,No,Low
INV005977,2025-09-29,Restaurant,Bakery,113,113,0,3.0,21.6,120.0,No,Hot,0,No Waste,No,Low
INV005978,2025-09-29,Supermarket,Vegetables,176,170,6,7.0,0.6,170.0,No,Sunny,1,Low Demand,No,Low
INV005979,2025-09-29,Supermarket,Meat,142,142,0,5.0,0.8,208.0,No,Hot,0,No Waste,No,Low
INV005980,2025-09-29,Restaurant,Bakery,88,75,13,3.0,22.3,75.0,No,Sunny,2,Low Demand,,Medium
INV005981,2025-09-29,Restaurant,Fruits,86,76,10,4.0,14.9,76.0,No,Hot,2,Storage Issue,No,Medium
INV005982,2025-09-29,Cafeteria,Meat,58,58,0,1.0,1.1,91.0,No,Hot,0,No Waste,No,High
INV005983,2025-09-29,Cloud Kitchen,Fruits,93,93,0,5.0,4.4,123.0,No,Sunny,0,No Waste,,Low
INV005984,2025-09-29,Restaurant,Fruits,87,73,14,,7.1,73.0,No,Sunny,2,Low Demand,No,Medium
INV005985,2025-09-29,Cloud Kitchen,Prepared Food,88,88,0,2.0,24.5,128.0,No,Sunny,0,No Waste,No,Low
INV005986,2025-09-29,Cafeteria,Fruits,64,47,17,3.0,6.8,47.0,No,Sunny,3,Low Demand,No,Medium
INV005987,2025-09-29,Cloud Kitchen,Prepared Food,63,63,0,1.0,28.4,67.0,No,Rainy,0,No Waste,No,Low
INV005988,2025-09-29,Restaurant,Dairy,86,81,5,6.0,3.9,81.0,No,Hot,0,No Waste,No,Low
INV005989,2025-09-30,Supermarket,Dairy,181,152,29,5.0,5.0,152.0,No,Hot,6,Expired,No,Medium
INV005990,2025-09-30,Cloud Kitchen,Dairy,88,88,0,8.0,3.7,113.0,No,Sunny,0,No Waste,No,Low
INV005991,2025-09-30,Supermarket,Meat,156,144,12,8.0,2.0,144.0,No,Sunny,1,Expired,No,Low
INV005992,2025-09-30,Restaurant,Prepared Food,99,77,22,1.0,20.9,77.0,No,Sunny,9,Expired,No,High
INV005993,2025-09-30,Supermarket,Vegetables,142,142,0,10.0,9.7,148.0,No,Hot,0,No Waste,No,Low
INV005994,2025-09-30,Restaurant,Fruits,88,86,2,4.0,13.4,86.0,No,Sunny,0,No Waste,No,Low
INV005995,2025-09-30,Cloud Kitchen,Vegetables,88,64,24,6.0,6.4,64.0,No,Rainy,3,Low Demand,No,Medium
INV005996,2025-09-30,Supermarket,Vegetables,196,146,50,6.0,2.3,146.0,No,Sunny,6,Overproduction,No,Medium
INV005997,2025-09-30,Restaurant,Dairy,70,55,15,3.0,5.9,55.0,No,Rainy,4,Low Demand,No,Medium
INV005998,2025-09-30,Supermarket,Meat,146,146,0,8.0,-1.1,213.0,Yes,Hot,0,No Waste,No,Low
INV005999,2025-09-30,Cloud Kitchen,Vegetables,98,89,9,6.0,2.3,89.0,No,Sunny,2,Expired,No,Low
INV006000,2025-09-30,Cafeteria,Bakery,59,40,19,3.0,17.9,40.0,No,Rainy,5,Low Demand,Yes,Medium
INV006001,2025-09-30,Cafeteria,Fruits,59,42,17,5.0,10.1,42.0,No,,4,Low Demand,No,Medium
INV006002,2025-09-30,Restaurant,Bakery,100,88,12,1.0,22.9,88.0,No,Sunny,3,Expired,No,Medium
INV006003,2025-09-30,Supermarket,Meat,161,121,40,6.0,-0.2,121.0,No,Sunny,6,Overproduction,No,Low
INV006004,2025-09-30,Restaurant,Meat,67,64,3,5.0,-2.7,64.0,No,Cloudy,0,No Waste,No,Low
INV006005,2025-09-30,Cafeteria,Prepared Food,65,65,0,2.0,27.6,80.0,No,Cloudy,0,No Waste,No,Low
INV006006,2025-09-30,Restaurant,Prepared Food,63,63,0,1.0,14.9,109.0,No,Hot,0,No Waste,No,Low
INV006007,2025-09-30,Cloud Kitchen,Prepared Food,115,73,42,1.0,18.2,73.0,No,Cloudy,17,Expired,No,High
INV006008,2025-10-01,Restaurant,Vegetables,62,62,0,5.0,3.6,74.0,No,Sunny,0,No Waste,No,Low
INV006009,2025-10-01,Cafeteria,Dairy,66,63,3,5.0,3.8,63.0,No,,0,No Waste,No,Low
INV006010,2025-10-01,Supermarket,Meat,162,124,38,3.0,4.6,124.0,No,Sunny,12,Expired,No,Medium
INV006011,2025-10-01,Supermarket,Vegetables,121,118,3,,6.6,118.0,No,Rainy,1,Expired,No,Low
INV006012,2025-10-01,Cafeteria,Prepared Food,64,40,24,2.0,19.5,40.0,No,Rainy,8,Low Demand,Yes,High
INV006013,2025-10-01,Supermarket,Prepared Food,178,101,77,1.0,24.1,101.0,No,Rainy,37,Expired,,High
INV006014,2025-10-01,Cafeteria,Vegetables,48,48,0,5.0,7.6,72.0,No,Sunny,0,No Waste,No,Low
INV006015,2025-10-01,Restaurant,Prepared Food,94,94,0,,13.8,99.0,No,Sunny,0,No Waste,No,Low
INV006016,2025-10-01,Restaurant,Vegetables,121,75,46,4.0,,75.0,Yes,Rainy,11,Overproduction,No,High
INV006017,2025-10-01,Restaurant,Prepared Food,84,76,8,2.0,19.5,76.0,No,Cloudy,2,Expired,No,Medium
INV006018,2025-10-01,Cloud Kitchen,Bakery,78,78,0,2.0,23.5,99.0,No,Sunny,0,No Waste,,Low
INV006019,2025-10-01,Restaurant,Meat,71,51,20,2.0,2.4,51.0,No,Rainy,3,Low Demand,No,Medium
INV006020,2025-10-01,Cafeteria,Fruits,69,36,33,5.0,6.5,36.0,No,Rainy,8,Overproduction,Yes,High
INV006021,2025-10-01,Restaurant,Prepared Food,91,91,0,,14.0,104.0,No,Hot,0,No Waste,No,Low
INV006022,2025-10-01,Supermarket,Meat,157,157,0,2.0,-2.0,166.0,No,Sunny,0,No Waste,No,Low
INV006023,2025-10-01,Cloud Kitchen,Prepared Food,112,112,0,2.0,24.8,123.0,No,Sunny,0,No Waste,No,Low
INV006024,2025-10-01,Cloud Kitchen,Meat,115,115,0,6.0,2.9,153.0,No,Sunny,0,No Waste,No,Low
INV006025,2025-10-01,Restaurant,Vegetables,75,67,8,7.0,9.0,67.0,No,Rainy,1,Low Demand,No,Low
INV006026,2025-10-01,Restaurant,Dairy,101,53,48,12.0,5.5,53.0,No,,8,Overproduction,,Medium
INV006027,2025-10-01,Restaurant,Vegetables,75,75,0,4.0,10.0,91.0,No,Sunny,0,No Waste,No,Low
INV006028,2025-10-01,Restaurant,Meat,61,57,4,2.0,5.6,57.0,No,Cloudy,1,Low Demand,No,Low
INV006029,2025-10-01,Restaurant,Meat,69,69,0,1.0,-4.3,74.0,No,Sunny,0,No Waste,No,Low
INV006030,2025-10-01,Restaurant,Prepared Food,92,65,27,2.0,21.4,65.0,No,Cloudy,7,Expired,No,Medium
INV006031,2025-10-01,Restaurant,Fruits,115,70,45,6.0,6.9,70.0,No,Sunny,8,Overproduction,No,Medium
INV006032,2025-10-01,Supermarket,Meat,197,149,48,4.0,2.1,149.0,No,Hot,8,Overproduction,No,Medium
INV006033,2025-10-01,Restaurant,Fruits,265,87,178,6.0,9.5,,No,Sunny,56,Overproduction,No,High
INV006034,2025-10-02,Cafeteria,Prepared Food,69,59,10,1.0,28.1,59.0,No,Sunny,4,Storage Issue,No,Medium
INV006035,2025-10-02,Restaurant,Dairy,106,67,39,5.0,3.8,67.0,No,Rainy,7,Overproduction,Yes,Medium
INV006036,2025-10-02,Cloud Kitchen,Bakery,154,107,47,3.0,20.4,107.0,No,Cloudy,14,Expired,,High
INV006037,2025-10-02,Supermarket,Dairy,196,196,0,5.0,3.6,235.0,Yes,Cloudy,0,No Waste,No,High
INV006038,2025-10-02,Cloud Kitchen,Prepared Food,86,82,4,2.0,21.6,82.0,No,Rainy,1,Expired,No,Low
INV006039,2025-10-02,Cafeteria,Vegetables,79,58,21,3.0,-2.7,58.0,No,Sunny,5,Expired,No,Medium
INV006040,2025-10-02,Restaurant,Bakery,92,92,0,2.0,22.2,116.0,Yes,Cloudy,0,No Waste,No,Low
INV006041,2025-10-02,Restaurant,Bakery,94,56,38,4.0,17.4,56.0,No,Rainy,10,Overproduction,No,High
INV006042,2025-10-02,Cloud Kitchen,Dairy,475,58,417,9.0,0.6,58.0,No,Rainy,134,Overproduction,Yes,High
INV006043,2025-10-02,Supermarket,Dairy,190,105,85,8.0,2.9,105.0,No,Rainy,17,Overproduction,Yes,High
INV006044,2025-10-02,Cafeteria,Prepared Food,86,63,23,1.0,21.4,63.0,Yes,Cloudy,8,Expired,No,High
INV006045,2025-10-02,Supermarket,Prepared Food,781,142,639,1.0,16.0,142.0,No,Sunny,366,Overproduction,No,High
INV006046,2025-10-02,Supermarket,Fruits,146,137,9,6.0,7.5,137.0,No,Cloudy,2,Low Demand,No,Low
INV006047,2025-10-02,Cloud Kitchen,Dairy,122,115,7,6.0,3.6,115.0,No,Hot,0,No Waste,No,High
INV006048,2025-10-02,Cloud Kitchen,Fruits,137,109,28,5.0,9.1,109.0,No,Hot,7,Overproduction,No,Medium
INV006049,2025-10-02,Restaurant,Meat,99,54,45,5.0,3.7,54.0,Yes,,10,Overproduction,Yes,High
INV006050,2025-10-02,Restaurant,Prepared Food,54,54,0,2.0,20.2,76.0,No,Sunny,0,No Waste,No,Low
INV006051,2025-10-02,Cloud Kitchen,Bakery,85,85,0,3.0,17.2,109.0,No,Sunny,0,No Waste,No,Low
INV006052,2025-10-02,Supermarket,Fruits,128,128,0,4.0,9.3,178.0,No,Sunny,0,No Waste,No,Low
INV006053,2025-10-02,Supermarket,Vegetables,128,128,0,4.0,11.1,142.0,No,Sunny,0,No Waste,No,Low
INV006054,2025-10-02,Supermarket,Bakery,143,143,0,5.0,20.8,173.0,Yes,Cloudy,0,No Waste,No,Low
INV006055,2025-10-02,Restaurant,Bakery,63,62,1,4.0,19.4,62.0,No,Cloudy,0,No Waste,No,High
INV006056,2025-10-02,Restaurant,Meat,102,71,31,1.0,-0.6,71.0,Yes,Rainy,13,Expired,No,High
INV006057,2025-10-02,Restaurant,Bakery,102,61,41,4.0,28.3,61.0,No,Hot,13,Overproduction,Yes,High
INV006058,2025-10-03,Supermarket,Meat,154,154,0,6.0,0.7,158.0,No,Cloudy,0,No Waste,No,Low
INV006059,2025-10-03,Cloud Kitchen,Fruits,101,91,10,3.0,8.4,91.0,No,Hot,2,Expired,No,High
INV006060,2025-10-03,Restaurant,Bakery,120,102,18,3.0,10.5,102.0,Yes,Sunny,3,Expired,No,Medium
INV006061,2025-10-03,Restaurant,Prepared Food,87,87,0,1.0,22.3,109.0,No,Hot,0,No Waste,No,Low
INV006062,2025-10-03,Restaurant,Vegetables,107,53,54,5.0,4.7,53.0,No,Rainy,13,Overproduction,Yes,High
INV006063,2025-10-03,Cloud Kitchen,Vegetables,97,97,0,9.0,0.7,123.0,Yes,Sunny,0,No Waste,No,Low
INV006064,2025-10-03,Restaurant,Bakery,123,67,56,4.0,26.1,67.0,No,Cloudy,15,Overproduction,Yes,High
INV006065,2025-10-03,Restaurant,Dairy,79,79,0,5.0,3.9,93.0,No,Hot,0,No Waste,No,Low
INV006066,2025-10-03,Cloud Kitchen,Bakery,103,103,0,3.0,17.5,111.0,No,Sunny,0,No Waste,No,Low
INV006067,2025-10-03,Cloud Kitchen,Vegetables,107,107,0,3.0,7.0,116.0,No,Sunny,0,No Waste,No,Low
INV006068,2025-10-03,Cloud Kitchen,Prepared Food,72,72,0,1.0,34.3,109.0,No,Hot,0,No Waste,No,Low
INV006069,2025-10-03,Restaurant,Meat,100,43,57,6.0,-0.9,43.0,No,Rainy,13,Overproduction,Yes,High
INV006070,2025-10-03,Restaurant,Meat,78,78,0,2.0,4.7,98.0,No,Hot,0,No Waste,No,Low
INV006071,2025-10-03,Restaurant,Meat,121,51,70,2.0,-0.9,51.0,No,Rainy,20,Overproduction,No,High
INV006072,2025-10-03,Supermarket,Prepared Food,163,140,23,1.0,16.1,140.0,No,Sunny,5,Expired,No,Medium
INV006073,2025-10-03,Supermarket,Dairy,128,128,0,8.0,2.6,183.0,Yes,Cloudy,0,No Waste,No,Low
INV006074,2025-10-03,Restaurant,Prepared Food,67,57,10,3.0,,57.0,No,Cloudy,2,Low Demand,No,Medium
INV006075,2025-10-03,Cafeteria,Dairy,57,57,0,3.0,3.2,80.0,Yes,Hot,0,No Waste,No,Low
INV006076,2025-10-03,Cloud Kitchen,Bakery,104,103,1,3.0,31.7,103.0,No,Sunny,0,No Waste,No,Low
INV006077,2025-10-03,Cafeteria,Vegetables,60,53,7,4.0,9.8,53.0,No,Cloudy,2,Low Demand,No,Medium
INV006078,2025-10-03,Cloud Kitchen,Fruits,109,104,5,4.0,13.0,104.0,No,Sunny,1,Storage Issue,No,Low
INV006079,2025-10-03,Restaurant,Vegetables,80,80,0,4.0,8.4,89.0,No,Sunny,0,No Waste,No,Low
INV006080,2025-10-03,Supermarket,Dairy,200,200,0,5.0,2.7,206.0,Yes,Hot,0,No Waste,No,Low
INV006081,2025-10-03,Supermarket,Prepared Food,171,129,42,1.0,17.3,129.0,No,Sunny,13,Expired,No,Medium
INV006082,2025-10-03,Cloud Kitchen,Prepared Food,108,108,0,2.0,18.3,170.0,Yes,Hot,0,No Waste,No,Low
INV006083,2025-10-03,Supermarket,Bakery,181,123,58,5.0,17.7,123.0,No,Cloudy,9,Overproduction,Yes,Medium
INV006084,2025-10-04,Supermarket,Fruits,128,105,23,2.0,7.2,105.0,No,Rainy,4,Expired,No,Medium
INV006085,2025-10-04,Restaurant,Prepared Food,117,78,39,2.0,26.6,78.0,No,Cloudy,18,Storage Issue,Yes,High
INV006086,2025-10-04,Cafeteria,Bakery,67,38,29,3.0,20.8,38.0,No,Rainy,6,Overproduction,No,High
INV006087,2025-10-04,Cafeteria,Vegetables,88,38,50,4.0,3.0,38.0,No,Rainy,13,Overproduction,No,High
INV006088,2025-10-04,Restaurant,Vegetables,64,64,0,7.0,0.8,86.0,No,Hot,0,No Waste,No,Low
INV006089,2025-10-04,Supermarket,Fruits,219,219,0,2.0,10.9,234.0,Yes,Sunny,0,No Waste,No,Low
INV006090,2025-10-04,Restaurant,Bakery,93,51,42,3.0,23.9,51.0,No,Rainy,11,Overproduction,Yes,High
INV006091,2025-10-04,Cafeteria,Fruits,54,54,0,8.0,3.2,77.0,No,Hot,0,No Waste,No,Low
INV006092,2025-10-04,Restaurant,Meat,102,85,17,4.0,2.4,85.0,No,Cloudy,3,Expired,No,Medium
INV006093,2025-10-04,Cafeteria,Fruits,53,53,0,4.0,10.9,54.0,No,Cloudy,0,No Waste,No,Low
INV006094,2025-10-04,Restaurant,Vegetables,105,102,3,6.0,5.3,102.0,Yes,Cloudy,0,No Waste,No,Low
INV006095,2025-10-04,Cloud Kitchen,Dairy,88,88,0,3.0,3.5,101.0,No,Sunny,0,No Waste,No,Low
INV006096,2025-10-04,Supermarket,Vegetables,169,148,21,3.0,5.8,148.0,No,Sunny,5,Expired,No,Medium
INV006097,2025-10-04,Supermarket,Meat,147,82,65,3.0,5.1,82.0,No,Rainy,19,Overproduction,Yes,High
INV006098,2025-10-04,Cloud Kitchen,Prepared Food,118,88,30,2.0,23.8,88.0,No,Sunny,9,Expired,No,Medium
INV006099,2025-10-04,Cloud Kitchen,Bakery,113,106,7,3.0,28.0,106.0,No,Sunny,2,Storage Issue,No,Low
INV006100,2025-10-04,Supermarket,Bakery,220,170,50,,20.1,170.0,No,Sunny,8,Expired,No,Medium
INV006101,2025-10-04,Restaurant,Bakery,66,66,0,4.0,23.6,67.0,No,Rainy,0,No Waste,No,Low
INV006102,2025-10-04,Supermarket,Prepared Food,120,120,0,1.0,22.8,123.0,No,Rainy,0,No Waste,No,Low
INV006103,2025-10-04,Restaurant,Dairy,86,86,0,4.0,4.1,100.0,No,Sunny,0,No Waste,No,Low
INV006104,2025-10-04,Supermarket,Bakery,146,146,0,4.0,19.2,165.0,No,Sunny,0,No Waste,No,Low
INV006105,2025-10-04,Cloud Kitchen,Prepared Food,104,95,9,1.0,23.1,95.0,No,Hot,3,Expired,No,Medium
INV006106,2025-10-05,Cafeteria,Bakery,64,53,11,5.0,22.0,53.0,No,Hot,2,Low Demand,No,Medium
INV006107,2025-10-05,Cloud Kitchen,Dairy,160,152,8,5.0,2.7,152.0,Yes,Cloudy,1,Expired,No,Low
INV006108,2025-10-05,Supermarket,Dairy,222,112,110,11.0,2.5,112.0,No,Rainy,28,Overproduction,Yes,High
INV006109,2025-10-05,Cafeteria,Vegetables,106,62,44,6.0,2.3,62.0,No,Hot,9,Overproduction,Yes,Medium
INV006110,2025-10-05,Cafeteria,Vegetables,59,40,19,6.0,4.8,40.0,No,Rainy,3,Low Demand,No,Medium
INV006111,2025-10-05,Cloud Kitchen,Dairy,125,76,49,6.0,3.9,76.0,No,Rainy,12,Overproduction,No,High
INV006112,2025-10-05,Restaurant,Dairy,131,86,45,7.0,5.4,86.0,No,Hot,10,Overproduction,No,Medium
INV006113,2025-10-05,Cloud Kitchen,Meat,124,77,47,5.0,4.5,77.0,No,Rainy,11,Overproduction,Yes,High
INV006114,2025-10-05,Restaurant,Prepared Food,93,62,31,1.0,27.8,62.0,No,Cloudy,16,Storage Issue,Yes,High
INV006115,2025-10-05,Cloud Kitchen,Fruits,141,109,32,5.0,4.9,109.0,No,Sunny,8,Overproduction,Yes,Medium
INV006116,2025-10-05,Restaurant,Prepared Food,101,53,48,1.0,25.2,53.0,No,Rainy,21,Overproduction,Yes,High
INV006117,2025-10-05,Cloud Kitchen,Fruits,106,100,6,2.0,9.3,100.0,No,Sunny,1,Expired,No,Low
INV006118,2025-10-05,Supermarket,Dairy,180,180,0,8.0,3.3,216.0,No,Hot,0,No Waste,No,Low
INV006119,2025-10-05,Supermarket,Meat,199,92,107,4.0,6.9,92.0,No,Rainy,36,Overproduction,Yes,Medium
INV006120,2025-10-05,Restaurant,Prepared Food,80,67,13,1.0,17.1,67.0,No,Sunny,4,Expired,No,Medium
INV006121,2025-10-05,Supermarket,Vegetables,176,97,79,5.0,3.8,97.0,No,Rainy,19,Overproduction,Yes,High
INV006122,2025-10-06,Restaurant,Bakery,85,80,5,3.0,19.5,80.0,No,Sunny,1,Expired,No,Low
INV006123,2025-10-06,Supermarket,Meat,148,115,33,1.0,2.6,115.0,No,Rainy,14,Expired,No,High
INV006124,2025-10-06,Supermarket,Bakery,168,156,12,2.0,20.3,156.0,No,Cloudy,3,Expired,No,Low
INV006125,2025-10-06,Restaurant,Meat,84,63,21,1.0,4.0,63.0,No,Rainy,8,Expired,No,High
INV006126,2025-10-06,Restaurant,Bakery,107,94,13,3.0,21.1,94.0,Yes,,2,Expired,No,Low
INV006127,2025-10-06,Supermarket,Fruits,143,143,0,5.0,6.5,159.0,No,Sunny,0,No Waste,No,Low
INV006128,2025-10-06,Supermarket,Vegetables,140,110,30,6.0,4.3,110.0,No,Rainy,2,Low Demand,No,Low
INV006129,2025-10-06,Restaurant,Prepared Food,82,63,19,1.0,15.4,63.0,No,Rainy,8,Expired,No,High
INV006130,2025-10-06,Supermarket,Bakery,188,104,84,4.0,20.8,,No,Rainy,16,Overproduction,No,Medium
INV006131,2025-10-06,Supermarket,Vegetables,156,92,64,7.0,7.7,92.0,No,Rainy,12,Overproduction,No,Medium
INV006132,2025-10-06,Cafeteria,Prepared Food,67,55,12,1.0,19.8,55.0,No,Sunny,5,Expired,No,Medium
INV006133,2025-10-06,Restaurant,Prepared Food,121,73,48,1.0,25.6,73.0,Yes,Rainy,25,Expired,No,High
INV006134,2025-10-06,Supermarket,Fruits,148,148,0,2.0,8.4,151.0,No,Sunny,0,No Waste,No,Medium
INV006135,2025-10-06,Supermarket,Dairy,186,145,41,4.0,2.3,145.0,No,Rainy,7,Expired,No,Medium
INV006136,2025-10-06,Cloud Kitchen,Dairy,86,86,0,3.0,4.1,93.0,No,Cloudy,0,No Waste,No,Low
INV006137,2025-10-06,Restaurant,Meat,100,68,32,3.0,5.5,68.0,No,Sunny,7,Overproduction,Yes,Medium
INV006138,2025-10-06,Supermarket,Dairy,153,144,9,7.0,4.0,144.0,No,Cloudy,0,No Waste,No,Low
INV006139,2025-10-06,Restaurant,Prepared Food,120,66,54,1.0,25.3,66.0,No,Rainy,30,Overproduction,Yes,High
INV006140,2025-10-06,Restaurant,Prepared Food,103,76,27,1.0,23.4,76.0,No,Cloudy,11,Expired,No,High
INV006141,2025-10-06,Supermarket,Fruits,228,96,132,6.0,5.4,96.0,No,Rainy,27,Overproduction,,High
INV006142,2025-10-06,Cloud Kitchen,Bakery,112,85,27,3.0,18.8,,No,Hot,7,Low Demand,No,Medium
INV006143,2025-10-06,Cafeteria,Vegetables,75,63,12,7.0,3.0,63.0,No,Sunny,2,Low Demand,No,Medium
INV006144,2025-10-06,Cafeteria,Dairy,66,60,6,10.0,2.5,60.0,No,Sunny,0,No Waste,No,Low
INV006145,2025-10-06,Supermarket,Bakery,103,103,0,3.0,21.3,132.0,No,Cloudy,0,No Waste,No,Low
INV006146,2025-10-06,Supermarket,Meat,236,182,54,3.0,1.5,182.0,Yes,Sunny,13,Expired,No,Medium
INV006147,2025-10-06,Cafeteria,Bakery,67,53,14,4.0,26.5,53.0,No,Sunny,3,Low Demand,No,Medium
INV006148,2025-10-06,Cloud Kitchen,Vegetables,120,120,0,10.0,1.0,150.0,Yes,Sunny,0,No Waste,No,Low
INV006149,2025-10-07,Cloud Kitchen,Fruits,96,61,35,5.0,12.4,61.0,No,Rainy,11,Overproduction,Yes,High
INV006150,2025-10-07,Restaurant,Prepared Food,83,74,9,2.0,14.5,74.0,No,Cloudy,2,Expired,No,Medium
INV006151,2025-10-07,Restaurant,Bakery,81,78,3,3.0,22.3,78.0,No,Sunny,1,Expired,No,Low
INV006152,2025-10-07,Restaurant,Vegetables,114,99,15,8.0,8.4,99.0,No,Hot,3,Low Demand,No,Medium
INV006153,2025-10-07,Cloud Kitchen,Meat,116,72,44,6.0,2.2,72.0,No,Rainy,8,Overproduction,No,Medium
INV006154,2025-10-07,Cloud Kitchen,Meat,103,103,0,5.0,-2.5,126.0,No,Sunny,0,No Waste,No,Low
INV006155,2025-10-07,Supermarket,Bakery,208,152,56,3.0,20.2,152.0,No,Hot,12,Expired,No,Medium
INV006156,2025-10-07,Supermarket,Prepared Food,231,156,75,1.0,20.1,156.0,No,Sunny,27,Expired,No,High
INV006157,2025-10-07,Cloud Kitchen,Vegetables,126,63,63,7.0,8.0,63.0,No,Rainy,14,Overproduction,No,High
INV006158,2025-10-07,Cloud Kitchen,Bakery,118,111,7,3.0,22.6,111.0,No,Cloudy,1,Expired,No,Low
INV006159,2025-10-07,Supermarket,Bakery,155,155,0,4.0,17.6,237.0,Yes,Sunny,0,No Waste,No,Low
INV006160,2025-10-07,Cafeteria,Dairy,62,41,21,4.0,5.8,41.0,No,Rainy,4,Low Demand,Yes,Medium
INV006161,2025-10-07,Restaurant,Fruits,108,50,58,8.0,6.9,50.0,No,Rainy,13,Overproduction,Yes,High
INV006162,2025-10-07,Restaurant,Meat,77,59,18,5.0,3.0,59.0,No,Rainy,3,Low Demand,No,Medium
INV006163,2025-10-07,Supermarket,Bakery,222,161,61,1.0,20.6,161.0,No,Hot,22,Expired,No,High
INV006164,2025-10-07,Cloud Kitchen,Bakery,134,104,30,4.0,19.9,104.0,No,Cloudy,6,Expired,No,Medium
INV006165,2025-10-07,Restaurant,Prepared Food,88,88,0,2.0,9.0,112.0,Yes,Sunny,0,No Waste,No,Low
INV006166,2025-10-07,Supermarket,Meat,221,133,88,3.0,-0.5,133.0,No,Hot,26,Overproduction,Yes,High
INV006167,2025-10-07,Supermarket,Prepared Food,138,98,40,2.0,30.9,98.0,No,Rainy,19,Storage Issue,Yes,High
INV006168,2025-10-07,Cafeteria,Fruits,51,51,0,2.0,7.3,75.0,No,Hot,0,No Waste,No,Low
INV006169,2025-10-07,Cafeteria,Fruits,65,65,0,5.0,4.7,70.0,No,Hot,0,No Waste,No,Low
INV006170,2025-10-07,Cloud Kitchen,Prepared Food,112,99,13,2.0,22.5,99.0,No,Hot,4,Expired,No,Medium
INV006171,2025-10-08,Restaurant,Vegetables,91,77,14,7.0,6.5,77.0,No,Cloudy,2,Low Demand,No,Medium
INV006172,2025-10-08,Restaurant,Dairy,94,77,17,4.0,3.0,77.0,No,Sunny,2,Low Demand,No,Medium
INV006173,2025-10-08,Cafeteria,Prepared Food,75,75,0,2.0,17.9,85.0,Yes,Cloudy,0,No Waste,No,Low
INV006174,2025-10-08,Restaurant,Vegetables,127,99,28,5.0,9.4,99.0,Yes,Cloudy,9,Storage Issue,No,Medium
INV006175,2025-10-08,Supermarket,Prepared Food,198,171,27,1.0,17.0,171.0,Yes,,9,Expired,No,Medium
INV006176,2025-10-08,Cloud Kitchen,Fruits,113,94,19,5.0,7.3,94.0,No,Rainy,4,Overproduction,No,Medium
INV006177,2025-10-08,Supermarket,Bakery,143,121,22,5.0,25.7,121.0,No,Rainy,5,Expired,No,Medium
INV006178,2025-10-08,Restaurant,Meat,67,67,0,5.0,3.5,94.0,No,Cloudy,0,No Waste,No,Low
INV006179,2025-10-08,Cafeteria,Dairy,60,60,0,4.0,6.5,61.0,No,Hot,0,No Waste,No,Low
INV006180,2025-10-08,Restaurant,Fruits,83,81,2,3.0,2.0,,No,Sunny,0,No Waste,No,Low
INV006181,2025-10-08,Restaurant,Meat,92,77,15,3.0,3.4,77.0,No,Cloudy,3,Low Demand,No,Medium
INV006182,2025-10-08,Restaurant,Bakery,89,87,2,4.0,11.0,87.0,No,Cloudy,0,No Waste,No,Low
INV006183,2025-10-08,Restaurant,Meat,78,78,0,4.0,3.1,85.0,No,Hot,0,No Waste,,Low
INV006184,2025-10-08,Restaurant,Meat,89,78,11,1.0,1.2,78.0,No,Sunny,4,Expired,No,Medium
INV006185,2025-10-08,Cloud Kitchen,Vegetables,117,117,0,6.0,8.0,118.0,No,Sunny,0,No Waste,No,Low
INV006186,2025-10-08,Cloud Kitchen,Dairy,104,62,42,7.0,5.8,62.0,No,Rainy,12,Low Demand,No,High
INV006187,2025-10-08,Restaurant,Dairy,101,101,0,4.0,3.7,112.0,Yes,Cloudy,0,No Waste,No,Low
INV006188,2025-10-08,Cloud Kitchen,Fruits,110,110,0,6.0,4.7,126.0,No,Hot,0,No Waste,No,Low
INV006189,2025-10-08,Supermarket,Prepared Food,169,169,0,1.0,17.9,210.0,Yes,Sunny,0,No Waste,No,Low
INV006190,2025-10-08,Supermarket,Vegetables,156,74,82,5.0,4.6,74.0,No,Rainy,25,Overproduction,Yes,High
INV006191,2025-10-08,Restaurant,Bakery,91,83,8,1.0,28.9,83.0,Yes,Cloudy,4,Expired,No,Medium
INV006192,2025-10-08,Supermarket,Vegetables,140,140,0,8.0,1.9,153.0,No,Sunny,0,No Waste,No,Low
INV006193,2025-10-09,Restaurant,Prepared Food,76,68,8,1.0,20.0,68.0,No,Cloudy,3,Expired,No,Medium
INV006194,2025-10-09,Cafeteria,Prepared Food,65,46,19,,17.8,46.0,No,Rainy,7,Expired,No,High
INV006195,2025-10-09,Cloud Kitchen,Bakery,144,84,60,3.0,22.9,84.0,No,Sunny,16,Overproduction,Yes,High
INV006196,2025-10-09,Cloud Kitchen,Fruits,134,100,34,1.0,8.1,100.0,No,Sunny,10,Expired,No,Medium
INV006197,2025-10-09,Cloud Kitchen,Vegetables,116,116,0,6.0,6.5,117.0,No,Sunny,0,No Waste,No,Low
INV006198,2025-10-09,Restaurant,Vegetables,77,77,0,4.0,3.4,156.0,Yes,Sunny,0,No Waste,No,Low
INV006199,2025-10-09,Supermarket,Prepared Food,223,118,105,1.0,21.5,118.0,No,Cloudy,39,Overproduction,Yes,High
INV006200,2025-10-09,Supermarket,Fruits,134,134,0,6.0,8.5,148.0,No,Sunny,0,No Waste,No,Low
INV006201,2025-10-09,Cafeteria,Prepared Food,77,45,32,2.0,19.1,45.0,No,Cloudy,9,Overproduction,Yes,High
INV006202,2025-10-09,Restaurant,Meat,80,71,9,3.0,3.7,71.0,No,Hot,1,Expired,No,Low
INV006203,2025-10-09,Cloud Kitchen,Meat,65,65,0,3.0,0.2,129.0,No,Sunny,0,No Waste,No,Low
INV006204,2025-10-09,Cloud Kitchen,Vegetables,130,109,21,8.0,5.7,109.0,No,Hot,2,Overproduction,No,Low
INV006205,2025-10-09,Cafeteria,Vegetables,96,82,14,7.0,6.4,82.0,Yes,Hot,1,Overproduction,No,Low
INV006206,2025-10-09,Cloud Kitchen,Bakery,109,77,32,4.0,15.9,77.0,No,Rainy,6,Overproduction,No,Medium
INV006207,2025-10-09,Restaurant,Dairy,105,83,22,3.0,2.2,83.0,No,Sunny,3,Low Demand,No,Medium
INV006208,2025-10-09,Cloud Kitchen,Fruits,92,87,5,4.0,8.7,87.0,No,Sunny,1,Low Demand,No,Low
INV006209,2025-10-09,Restaurant,Fruits,81,81,0,2.0,,99.0,Yes,Cloudy,0,No Waste,No,Low
INV006210,2025-10-09,Restaurant,Vegetables,103,91,12,5.0,,91.0,No,Hot,2,Expired,No,Low
INV006211,2025-10-09,Supermarket,Fruits,663,130,533,3.0,-0.3,130.0,No,Sunny,225,Overproduction,Yes,High
INV006212,2025-10-10,Cafeteria,Meat,58,52,6,3.0,6.9,52.0,No,Cloudy,1,Low Demand,No,Low
INV006213,2025-10-10,Restaurant,Prepared Food,65,47,18,2.0,13.5,47.0,No,Rainy,5,Low Demand,No,Medium
INV006214,2025-10-10,Cloud Kitchen,Vegetables,95,73,22,5.0,5.6,73.0,No,Cloudy,4,Low Demand,No,Medium
INV006215,2025-10-10,Restaurant,Vegetables,85,85,0,5.0,6.7,95.0,No,Cloudy,0,No Waste,,Low
INV006216,2025-10-10,Supermarket,Prepared Food,142,118,24,1.0,14.7,118.0,No,Cloudy,8,Expired,No,Medium
INV006217,2025-10-10,Restaurant,Dairy,63,63,0,6.0,5.6,77.0,No,Cloudy,0,No Waste,No,Low
INV006218,2025-10-10,Cafeteria,Fruits,58,51,7,1.0,5.6,51.0,No,Sunny,2,Expired,No,Medium
INV006219,2025-10-10,Restaurant,Meat,86,84,2,6.0,1.4,84.0,No,Sunny,0,No Waste,No,Low
INV006220,2025-10-10,Restaurant,Fruits,117,102,15,5.0,5.2,,Yes,Sunny,2,Low Demand,No,Low
INV006221,2025-10-10,Cloud Kitchen,Fruits,139,64,75,1.0,15.4,64.0,No,Rainy,34,Overproduction,Yes,High
INV006222,2025-10-10,Cloud Kitchen,Bakery,87,87,0,1.0,24.6,115.0,No,Hot,0,No Waste,No,Low
INV006223,2025-10-10,Cafeteria,Vegetables,59,36,23,5.0,6.1,36.0,No,Rainy,6,Low Demand,No,High
INV006224,2025-10-10,Restaurant,Bakery,88,64,24,3.0,20.7,64.0,No,Sunny,5,Low Demand,No,Medium
INV006225,2025-10-10,Cafeteria,Meat,70,62,8,4.0,0.5,62.0,No,Sunny,1,Expired,No,Low
INV006226,2025-10-10,Restaurant,Fruits,77,77,0,,8.6,78.0,No,Sunny,0,No Waste,No,Low
INV006227,2025-10-10,Supermarket,Dairy,137,137,0,8.0,2.9,148.0,No,Cloudy,0,No Waste,No,Low
INV006228,2025-10-10,Supermarket,Fruits,189,118,71,5.0,6.9,118.0,No,Rainy,11,Overproduction,Yes,Medium
INV006229,2025-10-10,Cafeteria,Meat,76,76,0,7.0,1.3,87.0,Yes,Cloudy,0,No Waste,No,Low
INV006230,2025-10-10,Cloud Kitchen,Bakery,146,51,95,5.0,14.5,51.0,No,Rainy,25,Overproduction,Yes,High
INV006231,2025-10-10,Cloud Kitchen,Bakery,114,114,0,1.0,20.8,121.0,No,Hot,0,No Waste,No,Low
INV006232,2025-10-10,Cloud Kitchen,Prepared Food,152,133,19,2.0,22.5,133.0,Yes,Cloudy,5,Expired,No,Medium
INV006233,2025-10-10,Cloud Kitchen,Bakery,118,116,2,2.0,19.6,116.0,No,Sunny,0,No Waste,No,Low
INV006234,2025-10-11,Cloud Kitchen,Fruits,110,110,0,2.0,11.4,149.0,Yes,Hot,0,No Waste,No,Low
INV006235,2025-10-11,Supermarket,Bakery,225,111,114,3.0,19.0,111.0,No,Rainy,31,Overproduction,Yes,High
INV006236,2025-10-11,Restaurant,Meat,66,66,0,4.0,2.8,77.0,No,Sunny,0,No Waste,No,Low
INV006237,2025-10-11,Cafeteria,Meat,70,49,21,3.0,0.1,49.0,No,Rainy,5,Low Demand,No,Medium
INV006238,2025-10-11,Supermarket,Vegetables,194,194,0,6.0,9.4,198.0,No,,0,No Waste,No,Low
INV006239,2025-10-11,Restaurant,Meat,78,78,0,3.0,2.1,83.0,No,Sunny,0,No Waste,No,Low
INV006240,2025-10-11,Cafeteria,Dairy,62,62,0,11.0,1.8,63.0,No,Sunny,0,No Waste,,Low
INV006241,2025-10-11,Supermarket,Fruits,141,137,4,4.0,8.2,137.0,Yes,Rainy,0,No Waste,No,Low
INV006242,2025-10-11,Supermarket,Prepared Food,124,124,0,,13.8,168.0,No,Sunny,0,No Waste,No,Low
INV006243,2025-10-11,Cloud Kitchen,Bakery,94,94,0,2.0,21.1,123.0,No,Hot,0,No Waste,No,Low
INV006244,2025-10-11,Supermarket,Bakery,168,168,0,3.0,22.0,186.0,No,Cloudy,0,No Waste,No,Medium
INV006245,2025-10-11,Supermarket,Dairy,157,157,0,9.0,4.9,164.0,No,Hot,0,No Waste,No,Low
INV006246,2025-10-11,Cloud Kitchen,Prepared Food,158,109,49,1.0,26.1,109.0,No,Sunny,22,Expired,No,High
INV006247,2025-10-11,Cafeteria,Prepared Food,68,55,13,2.0,16.5,55.0,No,Sunny,3,Low Demand,No,Low
INV006248,2025-10-11,Cafeteria,Dairy,60,49,11,8.0,3.7,49.0,No,Cloudy,0,No Waste,No,Low
INV006249,2025-10-11,Restaurant,Fruits,114,106,8,6.0,5.3,106.0,No,Hot,1,Low Demand,No,Low
INV006250,2025-10-11,Supermarket,Vegetables,207,190,17,8.0,7.7,190.0,No,Sunny,3,Storage Issue,No,Low
INV006251,2025-10-11,Restaurant,Fruits,99,99,0,6.0,6.2,121.0,No,Sunny,0,No Waste,No,Low
INV006252,2025-10-11,Cloud Kitchen,Vegetables,79,79,0,6.0,10.6,139.0,No,Sunny,0,No Waste,No,Low
INV006253,2025-10-11,Restaurant,Bakery,101,101,0,4.0,21.7,115.0,No,Hot,0,No Waste,No,Low
INV006254,2025-10-12,Restaurant,Prepared Food,77,56,21,1.0,24.4,56.0,No,Rainy,8,Expired,No,High
INV006255,2025-10-12,Restaurant,Prepared Food,99,93,6,2.0,10.5,93.0,No,Sunny,1,Expired,No,Low
INV006256,2025-10-12,Restaurant,Vegetables,93,52,41,10.0,4.9,52.0,No,Rainy,9,Overproduction,Yes,High
INV006257,2025-10-12,Supermarket,Bakery,160,110,50,4.0,18.8,110.0,No,Rainy,13,Expired,No,Medium
INV006258,2025-10-12,Supermarket,Prepared Food,220,177,43,1.0,21.9,177.0,Yes,Rainy,17,Expired,No,Medium
INV006259,2025-10-12,Cafeteria,Vegetables,78,60,18,3.0,1.4,60.0,No,Hot,3,Low Demand,No,Medium
INV006260,2025-10-12,Restaurant,Vegetables,114,77,37,6.0,4.5,77.0,No,Hot,7,Overproduction,No,Medium
INV006261,2025-10-12,Cloud Kitchen,Vegetables,126,68,58,6.0,8.7,68.0,No,Rainy,14,Overproduction,No,High
INV006262,2025-10-12,Supermarket,Dairy,141,141,0,10.0,1.2,151.0,No,Sunny,0,No Waste,No,Low
INV006263,2025-10-12,Restaurant,Prepared Food,81,67,14,2.0,17.0,67.0,No,Cloudy,3,Expired,No,Medium
INV006264,2025-10-12,Supermarket,Vegetables,163,103,60,9.0,8.7,103.0,No,Rainy,12,Overproduction,No,Medium
INV006265,2025-10-12,Cafeteria,Dairy,68,68,0,9.0,4.6,70.0,No,Sunny,0,No Waste,No,Low
INV006266,2025-10-12,Cloud Kitchen,Prepared Food,115,59,56,1.0,14.0,59.0,No,Rainy,22,Overproduction,Yes,High
INV006267,2025-10-12,Cloud Kitchen,Bakery,141,137,4,3.0,16.0,137.0,Yes,,1,Expired,No,Low
INV006268,2025-10-12,Supermarket,Fruits,127,127,0,4.0,11.3,182.0,No,Sunny,0,No Waste,No,Low
INV006269,2025-10-12,Cafeteria,Meat,60,44,16,3.0,5.4,44.0,No,Rainy,5,Low Demand,No,Medium
INV006270,2025-10-12,Supermarket,Prepared Food,155,155,0,2.0,28.3,229.0,Yes,Hot,0,No Waste,No,Low
INV006271,2025-10-12,Cloud Kitchen,Bakery,130,85,45,2.0,28.9,85.0,No,Cloudy,17,Storage Issue,No,High
INV006272,2025-10-12,Restaurant,Dairy,103,95,8,4.0,3.1,95.0,No,Hot,1,Expired,No,Low
INV006273,2025-10-12,Supermarket,Fruits,134,81,53,7.0,9.6,81.0,No,Rainy,16,Overproduction,No,High
INV006274,2025-10-12,Supermarket,Meat,203,137,66,5.0,3.3,137.0,Yes,Rainy,11,Expired,No,Medium
INV006275,2025-10-12,Cloud Kitchen,Bakery,136,109,27,4.0,17.8,109.0,No,Sunny,6,Overproduction,No,Medium
INV006276,2025-10-12,Restaurant,Fruits,71,61,10,6.0,9.6,61.0,No,Rainy,2,Low Demand,No,Medium
INV006277,2025-10-12,Supermarket,Prepared Food,182,120,62,2.0,14.1,120.0,Yes,Rainy,18,Overproduction,,High
INV006278,2025-10-12,Cafeteria,Fruits,83,71,12,5.0,7.7,71.0,Yes,Hot,1,Low Demand,Yes,Low
INV006279,2025-10-12,Cloud Kitchen,Fruits,102,89,13,5.0,4.3,89.0,No,Sunny,1,Low Demand,No,Low
INV006280,2025-10-12,Restaurant,Meat,82,82,0,1.0,2.9,120.0,Yes,Hot,0,No Waste,No,Low
INV006281,2025-10-12,Cloud Kitchen,Meat,107,107,0,3.0,0.9,148.0,Yes,Cloudy,0,No Waste,No,Low
INV006282,2025-10-12,Restaurant,Dairy,82,80,2,4.0,1.4,80.0,No,Hot,0,No Waste,No,Low
INV006283,2025-10-12,Supermarket,Fruits,187,133,54,9.0,5.3,133.0,No,Cloudy,9,Overproduction,No,Medium
INV006284,2025-10-12,Supermarket,Dairy,887,157,730,4.0,5.0,157.0,Yes,Rainy,274,Overproduction,No,High
INV006285,2025-10-13,Supermarket,Bakery,273,119,154,2.0,23.2,119.0,No,Rainy,55,Overproduction,Yes,High
INV006286,2025-10-13,Supermarket,Meat,164,121,43,8.0,0.1,121.0,No,Cloudy,8,Overproduction,No,Medium
INV006287,2025-10-13,Cafeteria,Vegetables,75,41,34,3.0,8.9,41.0,No,Rainy,10,Low Demand,Yes,High
INV006288,2025-10-13,Cloud Kitchen,Bakery,129,98,31,4.0,18.1,98.0,No,Sunny,6,Expired,No,Medium
INV006289,2025-10-13,Cafeteria,Meat,54,54,0,4.0,2.5,56.0,No,Cloudy,0,No Waste,No,Low
INV006290,2025-10-13,Cafeteria,Prepared Food,58,58,0,3.0,21.5,62.0,No,Cloudy,0,No Waste,No,Low
INV006291,2025-10-13,Cloud Kitchen,Meat,100,77,23,3.0,1.9,77.0,No,Rainy,4,Expired,No,High
INV006292,2025-10-13,Restaurant,Prepared Food,88,88,0,1.0,21.3,103.0,Yes,Sunny,0,No Waste,No,Medium
INV006293,2025-10-13,Supermarket,Prepared Food,201,118,83,1.0,18.0,118.0,Yes,Rainy,40,Overproduction,Yes,High
INV006294,2025-10-13,Cloud Kitchen,Dairy,117,94,23,1.0,-3.0,94.0,No,Sunny,6,Expired,No,Medium
INV006295,2025-10-13,Supermarket,Fruits,134,134,0,5.0,10.7,173.0,No,Rainy,0,No Waste,No,Low
INV006296,2025-10-13,Supermarket,Prepared Food,206,150,56,2.0,18.6,150.0,No,Sunny,13,Expired,No,Medium
INV006297,2025-10-13,Cafeteria,Meat,74,60,14,6.0,1.6,60.0,No,Sunny,2,Low Demand,No,Medium
INV006298,2025-10-13,Supermarket,Fruits,206,206,0,4.0,11.6,208.0,Yes,Sunny,0,No Waste,No,Low
INV006299,2025-10-13,Cloud Kitchen,Dairy,120,120,0,5.0,-0.1,137.0,Yes,Sunny,0,No Waste,No,Medium
INV006300,2025-10-13,Cloud Kitchen,Vegetables,140,93,47,8.0,7.7,93.0,No,Cloudy,11,Overproduction,No,Medium
INV006301,2025-10-13,Cloud Kitchen,Dairy,121,115,6,8.0,2.8,115.0,No,Sunny,0,No Waste,No,Low
INV006302,2025-10-13,Cafeteria,Dairy,66,60,6,8.0,7.0,60.0,No,Sunny,1,Low Demand,No,Low
INV006303,2025-10-13,Cloud Kitchen,Prepared Food,157,98,59,1.0,18.4,98.0,No,Hot,24,Expired,No,High
INV006304,2025-10-13,Restaurant,Vegetables,77,77,0,7.0,4.8,123.0,Yes,Sunny,0,No Waste,No,Low
INV006305,2025-10-14,Cloud Kitchen,Meat,107,107,0,3.0,2.5,124.0,No,Sunny,0,No Waste,No,Low
INV006306,2025-10-14,Restaurant,Dairy,104,72,32,13.0,7.1,72.0,No,Cloudy,5,Overproduction,No,Medium
INV006307,2025-10-14,Restaurant,Fruits,88,80,8,6.0,7.3,80.0,Yes,Rainy,0,No Waste,No,Low
INV006308,2025-10-14,Cafeteria,Meat,227,73,154,5.0,1.8,73.0,No,Sunny,35,Overproduction,Yes,High
INV006309,2025-10-14,Cloud Kitchen,Meat,90,68,22,1.0,3.0,68.0,No,Rainy,8,Expired,No,High
INV006310,2025-10-14,Cafeteria,Dairy,84,53,31,6.0,4.3,53.0,No,Sunny,5,Low Demand,No,Medium
INV006311,2025-10-14,Supermarket,Meat,183,183,0,5.0,1.8,221.0,Yes,Sunny,0,No Waste,No,Low
INV006312,2025-10-14,Supermarket,Meat,127,127,0,2.0,5.2,150.0,No,Cloudy,0,No Waste,,Low
INV006313,2025-10-14,Restaurant,Fruits,65,55,10,5.0,10.4,55.0,No,Rainy,2,Low Demand,No,Medium
INV006314,2025-10-14,Supermarket,Bakery,128,90,38,3.0,17.7,90.0,No,Rainy,9,Overproduction,,Medium
INV006315,2025-10-14,Supermarket,Fruits,183,92,91,5.0,,92.0,No,Rainy,25,Overproduction,Yes,High
INV006316,2025-10-14,Cafeteria,Dairy,93,60,33,8.0,5.9,60.0,No,Sunny,5,Overproduction,No,Medium
INV006317,2025-10-14,Restaurant,Bakery,73,73,0,3.0,18.7,105.0,No,Sunny,0,No Waste,No,Low
INV006318,2025-10-14,Supermarket,Prepared Food,199,107,92,1.0,17.7,107.0,No,Cloudy,31,Overproduction,Yes,High
INV006319,2025-10-14,Cafeteria,Fruits,97,37,60,6.0,2.2,37.0,No,Rainy,14,Overproduction,Yes,High
INV006320,2025-10-14,Supermarket,Vegetables,190,190,0,6.0,9.3,200.0,No,Cloudy,0,No Waste,No,Low
INV006321,2025-10-14,Cloud Kitchen,Prepared Food,113,72,41,2.0,21.3,72.0,No,Rainy,12,Overproduction,Yes,High
INV006322,2025-10-14,Supermarket,Prepared Food,144,139,5,1.0,19.7,139.0,No,Sunny,1,Expired,No,Low
INV006323,2025-10-14,Cloud Kitchen,Prepared Food,107,107,0,1.0,28.3,110.0,No,Hot,0,No Waste,No,Low
INV006324,2025-10-14,Supermarket,Meat,154,90,64,2.0,4.2,90.0,No,Rainy,21,Overproduction,Yes,High
INV006325,2025-10-14,Restaurant,Prepared Food,74,74,0,2.0,13.0,78.0,No,Sunny,0,No Waste,No,Low
INV006326,2025-10-15,Supermarket,Vegetables,178,178,0,6.0,1.8,237.0,Yes,Hot,0,No Waste,No,Low
INV006327,2025-10-15,Restaurant,Fruits,75,75,0,1.0,9.8,82.0,No,Cloudy,0,No Waste,No,Low
INV006328,2025-10-15,Restaurant,Prepared Food,70,70,0,2.0,22.7,74.0,No,Cloudy,0,No Waste,No,Low
INV006329,2025-10-15,Cloud Kitchen,Prepared Food,102,102,0,1.0,17.8,126.0,Yes,Rainy,0,No Waste,No,Low
INV006330,2025-10-15,Restaurant,Prepared Food,98,61,37,1.0,22.5,61.0,No,Sunny,17,Expired,No,High
INV006331,2025-10-15,Supermarket,Meat,156,156,0,3.0,3.2,191.0,No,Sunny,0,No Waste,No,Low
INV006332,2025-10-15,Supermarket,Meat,264,245,19,4.0,4.9,245.0,Yes,Sunny,4,Storage Issue,,Medium
INV006333,2025-10-15,Restaurant,Dairy,79,79,0,4.0,,105.0,No,Sunny,0,No Waste,No,Low
INV006334,2025-10-15,Restaurant,Bakery,122,112,10,4.0,19.6,112.0,Yes,Sunny,1,Low Demand,No,Low
INV006335,2025-10-15,Supermarket,Bakery,159,159,0,1.0,22.0,203.0,Yes,Hot,0,No Waste,No,Low
INV006336,2025-10-15,Cafeteria,Bakery,66,63,3,2.0,23.3,63.0,No,Sunny,1,Low Demand,No,Low
INV006337,2025-10-15,Cafeteria,Prepared Food,57,57,0,2.0,21.4,90.0,No,Hot,0,No Waste,No,Medium
INV006338,2025-10-15,Cafeteria,Meat,60,33,27,6.0,1.3,33.0,No,Rainy,9,Low Demand,No,High
INV006339,2025-10-15,Restaurant,Fruits,94,94,0,6.0,9.2,108.0,Yes,Cloudy,0,No Waste,No,Low
INV006340,2025-10-15,Restaurant,Bakery,81,81,0,3.0,18.6,109.0,No,Hot,0,No Waste,No,Low
INV006341,2025-10-15,Cafeteria,Meat,63,63,0,3.0,-0.7,77.0,Yes,Cloudy,0,No Waste,No,Low
INV006342,2025-10-15,Cloud Kitchen,Prepared Food,81,81,0,,30.8,107.0,No,Cloudy,0,No Waste,No,Low
INV006343,2025-10-15,Restaurant,Prepared Food,83,70,13,3.0,24.0,70.0,No,Rainy,3,Expired,No,Medium
INV006344,2025-10-15,Restaurant,Bakery,125,114,11,4.0,11.1,114.0,No,Sunny,2,Low Demand,No,Low
INV006345,2025-10-15,Supermarket,Vegetables,195,195,0,6.0,2.2,197.0,Yes,,0,No Waste,No,Low
INV006346,2025-10-16,Restaurant,Vegetables,125,123,2,5.0,6.3,123.0,Yes,Sunny,0,No Waste,No,Low
INV006347,2025-10-16,Cloud Kitchen,Vegetables,118,88,30,9.0,10.4,88.0,No,Rainy,7,Storage Issue,No,Medium
INV006348,2025-10-16,Cloud Kitchen,Dairy,135,66,69,12.0,6.2,66.0,No,Rainy,14,Overproduction,No,High
INV006349,2025-10-16,Cafeteria,Prepared Food,78,78,0,1.0,21.9,81.0,Yes,Hot,0,No Waste,No,Low
INV006350,2025-10-16,Restaurant,Prepared Food,89,73,16,1.0,23.6,73.0,No,Cloudy,6,Expired,No,Medium
INV006351,2025-10-16,Restaurant,Fruits,115,75,40,7.0,8.5,75.0,No,Cloudy,8,Overproduction,No,Medium
INV006352,2025-10-16,Cafeteria,Meat,73,71,2,1.0,2.6,71.0,Yes,Sunny,0,No Waste,No,Low
INV006353,2025-10-16,Supermarket,Prepared Food,186,182,4,2.0,20.8,182.0,No,Hot,1,Expired,No,Low
INV006354,2025-10-16,Restaurant,Prepared Food,96,90,6,1.0,22.8,90.0,No,Sunny,2,Expired,No,Medium
INV006355,2025-10-16,Cloud Kitchen,Bakery,132,81,51,3.0,25.2,81.0,No,Rainy,17,Overproduction,No,High
INV006356,2025-10-16,Supermarket,Vegetables,153,129,24,5.0,7.2,,No,Hot,5,Low Demand,No,Medium
INV006357,2025-10-16,Cloud Kitchen,Dairy,116,77,39,8.0,4.4,77.0,No,Hot,3,Overproduction,No,Medium
INV006358,2025-10-16,Supermarket,Vegetables,176,103,73,1.0,5.4,103.0,No,Rainy,29,Expired,No,High
INV006359,2025-10-16,Supermarket,Meat,176,124,52,5.0,2.4,124.0,No,Sunny,7,Overproduction,No,Medium
INV006360,2025-10-16,Cloud Kitchen,Prepared Food,87,87,0,3.0,18.6,119.0,No,Sunny,0,No Waste,No,Low
INV006361,2025-10-16,Cafeteria,Vegetables,71,71,0,8.0,4.5,87.0,No,Hot,0,No Waste,No,Low
INV006362,2025-10-16,Supermarket,Dairy,155,155,0,3.0,1.1,232.0,Yes,Sunny,0,No Waste,No,Low
INV006363,2025-10-16,Cloud Kitchen,Prepared Food,134,134,0,1.0,23.3,162.0,Yes,Hot,0,No Waste,No,Low
INV006364,2025-10-16,Cafeteria,Vegetables,64,50,14,4.0,10.9,50.0,No,Hot,4,Storage Issue,Yes,Medium
INV006365,2025-10-16,Supermarket,Vegetables,212,143,69,3.0,-0.8,143.0,Yes,Cloudy,14,Overproduction,No,Medium
INV006366,2025-10-16,Cafeteria,Fruits,93,58,35,4.0,6.1,58.0,Yes,Rainy,8,Overproduction,No,Medium
INV006367,2025-10-16,Cafeteria,Bakery,53,44,9,3.0,16.5,44.0,No,,2,Low Demand,No,Medium
INV006368,2025-10-16,Cafeteria,Fruits,66,60,6,9.0,8.9,60.0,No,Sunny,0,No Waste,No,Low
INV006369,2025-10-17,Cloud Kitchen,Vegetables,98,82,16,6.0,0.5,82.0,No,Cloudy,2,Low Demand,No,Low
INV006370,2025-10-17,Restaurant,Dairy,62,62,0,11.0,3.7,77.0,No,Cloudy,0,No Waste,No,Medium
INV006371,2025-10-17,Supermarket,Bakery,191,191,0,4.0,24.1,217.0,Yes,Cloudy,0,No Waste,No,Low
INV006372,2025-10-17,Restaurant,Vegetables,104,85,19,6.0,10.6,85.0,No,Sunny,5,Low Demand,No,Medium
INV006373,2025-10-17,Cafeteria,Meat,57,57,0,7.0,1.9,70.0,Yes,Rainy,0,No Waste,No,Low
INV006374,2025-10-17,Supermarket,Fruits,110,106,4,6.0,7.7,106.0,No,Rainy,0,No Waste,No,Low
INV006375,2025-10-17,Cloud Kitchen,Vegetables,122,92,30,6.0,12.1,92.0,No,Rainy,7,Storage Issue,Yes,Medium
INV006376,2025-10-17,Supermarket,Dairy,234,117,117,7.0,4.3,,No,Rainy,30,Overproduction,Yes,High
INV006377,2025-10-17,Supermarket,Dairy,153,81,72,4.0,4.2,81.0,No,Rainy,21,Overproduction,Yes,High
INV006378,2025-10-17,Restaurant,Bakery,75,75,0,4.0,24.4,103.0,No,Hot,0,No Waste,No,Low
INV006379,2025-10-17,Restaurant,Vegetables,80,80,0,6.0,4.5,107.0,No,Cloudy,0,No Waste,No,Low
INV006380,2025-10-17,Cloud Kitchen,Vegetables,109,102,7,4.0,4.7,102.0,No,Hot,1,Low Demand,No,Medium
INV006381,2025-10-17,Supermarket,Vegetables,137,137,0,5.0,3.5,151.0,No,Sunny,0,No Waste,No,Low
INV006382,2025-10-17,Restaurant,Vegetables,84,45,39,4.0,6.4,45.0,No,Rainy,8,Overproduction,,High
INV006383,2025-10-17,Restaurant,Vegetables,101,55,46,7.0,8.6,55.0,No,Rainy,11,Overproduction,No,Low
INV006384,2025-10-17,Restaurant,Vegetables,79,79,0,7.0,7.7,107.0,No,Sunny,0,No Waste,No,Low
INV006385,2025-10-17,Supermarket,Fruits,158,90,68,10.0,12.3,90.0,No,Rainy,19,Overproduction,No,High
INV006386,2025-10-17,Restaurant,Fruits,92,92,0,3.0,6.5,97.0,No,Sunny,0,No Waste,No,Low
INV006387,2025-10-17,Cloud Kitchen,Fruits,126,113,13,3.0,12.3,,No,Sunny,2,Storage Issue,No,Low
INV006388,2025-10-17,Supermarket,Fruits,194,149,45,7.0,9.7,149.0,No,Cloudy,8,Overproduction,Yes,Medium
INV006389,2025-10-17,Cloud Kitchen,Dairy,83,83,0,5.0,2.0,109.0,No,Hot,0,No Waste,No,Low
INV006390,2025-10-18,Cloud Kitchen,Prepared Food,138,85,53,2.0,24.3,85.0,No,Cloudy,16,Overproduction,Yes,High
INV006391,2025-10-18,Cafeteria,Vegetables,93,66,27,5.0,8.9,66.0,Yes,Rainy,6,Low Demand,No,Medium
INV006392,2025-10-18,Cafeteria,Fruits,69,69,0,6.0,11.8,77.0,No,Sunny,0,No Waste,No,Low
INV006393,2025-10-18,Cafeteria,Vegetables,69,52,17,5.0,3.3,52.0,No,Sunny,3,Low Demand,No,Medium
INV006394,2025-10-18,Cafeteria,Fruits,89,66,23,,9.0,66.0,Yes,Cloudy,4,Overproduction,No,Medium
INV006395,2025-10-18,Supermarket,Bakery,188,141,47,3.0,23.6,141.0,No,Sunny,12,Overproduction,Yes,Medium
INV006396,2025-10-18,Cafeteria,Prepared Food,68,61,7,3.0,21.1,61.0,No,Sunny,1,Low Demand,No,Low
INV006397,2025-10-18,Supermarket,Vegetables,163,125,38,6.0,2.2,125.0,No,Cloudy,8,Low Demand,No,Low
INV006398,2025-10-18,Supermarket,Fruits,108,108,0,7.0,4.9,145.0,No,Sunny,0,No Waste,No,Low
INV006399,2025-10-18,Supermarket,Vegetables,238,157,81,2.0,2.6,157.0,Yes,Sunny,19,Expired,No,Medium
INV006400,2025-10-18,Cloud Kitchen,Fruits,98,61,37,1.0,5.6,,No,Rainy,14,Expired,No,High
INV006401,2025-10-18,Restaurant,Dairy,81,81,0,7.0,3.4,88.0,No,Sunny,0,No Waste,No,Low
INV006402,2025-10-18,Cloud Kitchen,Bakery,142,105,37,3.0,20.2,105.0,No,Sunny,7,Expired,No,Medium
INV006403,2025-10-18,Cafeteria,Meat,70,70,0,4.0,3.2,81.0,Yes,Hot,0,No Waste,No,Low
INV006404,2025-10-18,Cafeteria,Dairy,68,68,0,9.0,1.9,127.0,Yes,Sunny,0,No Waste,No,Low
INV006405,2025-10-18,Restaurant,Bakery,108,89,19,3.0,15.8,89.0,Yes,Cloudy,3,Expired,,Medium
INV006406,2025-10-18,Restaurant,Meat,86,73,13,3.0,2.1,73.0,No,Sunny,4,Expired,No,Medium
INV006407,2025-10-18,Cafeteria,Fruits,72,71,1,5.0,11.4,71.0,Yes,Rainy,0,No Waste,No,Low
INV006408,2025-10-18,Supermarket,Bakery,112,102,10,2.0,23.8,102.0,No,Rainy,3,Expired,No,Medium
INV006409,2025-10-18,Restaurant,Fruits,78,78,0,7.0,7.8,86.0,No,Sunny,0,No Waste,No,Low
INV006410,2025-10-18,Cafeteria,Prepared Food,58,58,0,2.0,22.5,64.0,No,Sunny,0,No Waste,No,Low
INV006411,2025-10-18,Supermarket,Vegetables,166,166,0,8.0,13.3,189.0,No,Sunny,0,No Waste,No,Low
INV006412,2025-10-18,Restaurant,Vegetables,100,54,46,3.0,1.1,54.0,No,Rainy,13,Overproduction,No,High
INV006413,2025-10-18,Supermarket,Vegetables,179,179,0,9.0,5.6,273.0,Yes,Hot,0,No Waste,No,Low
INV006414,2025-10-18,Restaurant,Prepared Food,87,87,0,1.0,13.6,113.0,No,Hot,0,No Waste,No,High
INV006415,2025-10-18,Cafeteria,Meat,71,63,8,6.0,1.6,63.0,No,Hot,1,Low Demand,No,Low
INV006416,2025-10-18,Cafeteria,Vegetables,61,61,0,4.0,8.8,63.0,No,Cloudy,0,No Waste,No,Low
INV006417,2025-10-18,Restaurant,Prepared Food,75,75,0,1.0,24.4,127.0,Yes,Sunny,0,No Waste,No,Low
INV006418,2025-10-19,Supermarket,Dairy,230,195,35,6.0,7.1,195.0,Yes,,6,Overproduction,No,Medium
INV006419,2025-10-19,Restaurant,Fruits,75,75,0,6.0,13.9,117.0,Yes,Hot,0,No Waste,No,Low
INV006420,2025-10-19,Cloud Kitchen,Meat,92,87,5,3.0,4.2,87.0,No,Sunny,1,Expired,No,Low
INV006421,2025-10-19,Cloud Kitchen,Dairy,102,85,17,8.0,2.8,85.0,No,Hot,2,Low Demand,No,Low
INV006422,2025-10-19,Cloud Kitchen,Meat,120,70,50,3.0,-0.1,70.0,Yes,Rainy,12,Overproduction,No,High
INV006423,2025-10-19,Restaurant,Vegetables,78,78,0,6.0,10.2,92.0,Yes,Cloudy,0,No Waste,No,Low
INV006424,2025-10-19,Supermarket,Vegetables,162,137,25,5.0,8.7,137.0,No,Rainy,7,Low Demand,No,Medium
INV006425,2025-10-19,Supermarket,Meat,268,158,110,4.0,1.4,158.0,Yes,Sunny,23,Overproduction,Yes,Medium
INV006426,2025-10-19,Cloud Kitchen,Dairy,129,88,41,8.0,0.6,88.0,No,Cloudy,3,Overproduction,No,Medium
INV006427,2025-10-19,Restaurant,Dairy,80,76,4,,0.7,76.0,No,Cloudy,0,No Waste,No,Low
INV006428,2025-10-19,Restaurant,Bakery,79,56,23,2.0,23.4,56.0,No,Rainy,5,Overproduction,No,Medium
INV006429,2025-10-19,Cafeteria,Vegetables,76,59,17,5.0,11.5,59.0,No,Hot,4,Storage Issue,No,Medium
INV006430,2025-10-19,Supermarket,Meat,194,148,46,3.0,4.6,148.0,Yes,Rainy,12,Overproduction,Yes,Medium
INV006431,2025-10-19,Supermarket,Dairy,210,176,34,6.0,1.5,176.0,No,Sunny,4,Expired,No,Low
INV006432,2025-10-19,Supermarket,Prepared Food,162,159,3,2.0,17.9,159.0,No,Sunny,1,Expired,No,Low
INV006433,2025-10-19,Cloud Kitchen,Prepared Food,107,95,12,1.0,20.3,95.0,No,Sunny,4,Expired,,Medium
INV006434,2025-10-19,Restaurant,Fruits,69,68,1,4.0,0.9,68.0,No,Hot,0,No Waste,No,Medium
INV006435,2025-10-19,Cafeteria,Prepared Food,69,69,0,2.0,15.6,71.0,No,Hot,0,No Waste,No,Low
INV006436,2025-10-19,Cafeteria,Fruits,67,55,12,7.0,12.0,55.0,No,Cloudy,2,Low Demand,No,Low
INV006437,2025-10-19,Supermarket,Prepared Food,162,162,0,3.0,21.8,215.0,Yes,Sunny,0,No Waste,No,Low
INV006438,2025-10-19,Cafeteria,Meat,67,67,0,1.0,-1.0,68.0,Yes,Cloudy,0,No Waste,No,Low
INV006439,2025-10-19,Cafeteria,Prepared Food,98,43,55,2.0,19.3,43.0,No,Rainy,23,Overproduction,Yes,High
INV006440,2025-10-19,Cafeteria,Bakery,52,52,0,2.0,17.8,93.0,No,Hot,0,No Waste,No,Low
INV006441,2025-10-19,Cafeteria,Dairy,84,57,27,9.0,4.9,57.0,No,Sunny,4,Low Demand,No,Medium
INV006442,2025-10-19,Cloud Kitchen,Vegetables,103,103,0,5.0,6.6,115.0,No,Cloudy,0,No Waste,No,Low
INV006443,2025-10-19,Cloud Kitchen,Vegetables,84,84,0,4.0,7.5,108.0,No,Cloudy,0,No Waste,No,Low
INV006444,2025-10-19,Restaurant,Dairy,92,88,4,7.0,3.5,88.0,No,Sunny,0,No Waste,No,Low
INV006445,2025-10-19,Restaurant,Meat,95,53,42,5.0,2.0,53.0,No,Rainy,10,Overproduction,Yes,High
INV006446,2025-10-19,Cafeteria,Bakery,86,85,1,2.0,22.2,85.0,No,Sunny,0,No Waste,No,Low
INV006447,2025-10-20,Cloud Kitchen,Meat,91,91,0,4.0,3.7,141.0,Yes,Cloudy,0,No Waste,No,Low
INV006448,2025-10-20,Cafeteria,Vegetables,88,88,0,7.0,10.3,89.0,Yes,Sunny,0,No Waste,No,Low
INV006449,2025-10-20,Supermarket,Fruits,154,137,17,2.0,5.2,137.0,No,Cloudy,3,Expired,No,Low
INV006450,2025-10-20,Cafeteria,Prepared Food,63,58,5,1.0,13.3,58.0,No,Cloudy,1,Expired,No,Low
INV006451,2025-10-20,Restaurant,Prepared Food,83,78,5,1.0,20.3,78.0,No,Sunny,1,Expired,No,Low
INV006452,2025-10-20,Restaurant,Fruits,89,65,24,5.0,9.7,65.0,No,Cloudy,4,Low Demand,No,Medium
INV006453,2025-10-20,Cafeteria,Dairy,78,46,32,5.0,4.5,46.0,No,,7,Overproduction,No,High
INV006454,2025-10-20,Cafeteria,Bakery,71,69,2,3.0,21.0,69.0,Yes,Cloudy,0,No Waste,No,Low
INV006455,2025-10-20,Supermarket,Fruits,158,158,0,6.0,11.0,162.0,No,Cloudy,0,No Waste,No,Low
INV006456,2025-10-20,Supermarket,Fruits,157,125,32,5.0,4.4,125.0,No,Cloudy,4,Low Demand,No,Medium
INV006457,2025-10-20,Supermarket,Meat,190,177,13,5.0,4.0,177.0,Yes,Cloudy,1,Expired,No,Low
INV006458,2025-10-20,Cloud Kitchen,Bakery,98,93,5,3.0,16.0,93.0,No,,1,Low Demand,No,Low
INV006459,2025-10-20,Supermarket,Prepared Food,135,135,0,,,210.0,No,Sunny,0,No Waste,No,Low
INV006460,2025-10-20,Restaurant,Meat,73,70,3,4.0,-0.3,70.0,No,Cloudy,0,No Waste,No,Low
INV006461,2025-10-20,Cafeteria,Fruits,84,76,8,5.0,6.5,76.0,No,Sunny,1,Low Demand,No,High
INV006462,2025-10-20,Supermarket,Fruits,146,111,35,1.0,8.4,111.0,No,Cloudy,15,Expired,No,High
INV006463,2025-10-20,Supermarket,Vegetables,161,129,32,8.0,5.8,129.0,No,Cloudy,3,Low Demand,No,Low
INV006464,2025-10-20,Cloud Kitchen,Dairy,97,97,0,5.0,3.9,97.0,No,Sunny,0,No Waste,No,Low
INV006465,2025-10-20,Restaurant,Vegetables,96,96,0,2.0,6.4,158.0,Yes,Hot,0,No Waste,No,Low
INV006466,2025-10-21,Supermarket,Vegetables,293,278,15,8.0,1.3,278.0,Yes,Hot,1,Expired,No,Low
INV006467,2025-10-21,Cloud Kitchen,Fruits,107,105,2,6.0,10.7,105.0,No,Cloudy,0,No Waste,No,Low
INV006468,2025-10-21,Cloud Kitchen,Fruits,105,105,0,3.0,5.3,119.0,No,Hot,0,No Waste,No,Low
INV006469,2025-10-21,Cloud Kitchen,Meat,84,84,0,6.0,2.5,105.0,No,Hot,0,No Waste,No,Low
INV006470,2025-10-21,Cafeteria,Meat,88,84,4,1.0,2.9,84.0,No,Hot,1,Expired,No,Low
INV006471,2025-10-21,Cloud Kitchen,Fruits,103,102,1,2.0,3.3,102.0,No,Sunny,0,No Waste,No,Low
INV006472,2025-10-21,Supermarket,Dairy,168,145,23,7.0,6.8,145.0,No,Sunny,5,Storage Issue,No,Medium
INV006473,2025-10-21,Restaurant,Prepared Food,108,90,18,2.0,24.7,90.0,No,Sunny,6,Expired,No,Low
INV006474,2025-10-21,Cafeteria,Prepared Food,61,38,23,1.0,18.2,38.0,No,Rainy,8,Expired,No,High
INV006475,2025-10-21,Cafeteria,Dairy,57,57,0,7.0,4.9,86.0,Yes,Sunny,0,No Waste,No,Low
INV006476,2025-10-21,Supermarket,Vegetables,167,162,5,7.0,7.4,162.0,No,Sunny,0,No Waste,No,Low
INV006477,2025-10-21,Cloud Kitchen,Dairy,109,108,1,6.0,1.6,108.0,No,Hot,0,No Waste,No,Low
INV006478,2025-10-21,Cloud Kitchen,Dairy,96,87,9,9.0,5.3,87.0,No,Rainy,1,Low Demand,No,Low
INV006479,2025-10-21,Cloud Kitchen,Prepared Food,112,112,0,,,113.0,No,Hot,0,No Waste,No,Low
INV006480,2025-10-21,Restaurant,Meat,127,91,36,5.0,3.3,91.0,No,Cloudy,5,Low Demand,No,Medium
INV006481,2025-10-21,Cafeteria,Fruits,84,69,15,7.0,10.7,69.0,No,Hot,3,Low Demand,,Medium
INV006482,2025-10-21,Supermarket,Bakery,136,90,46,3.0,18.8,90.0,No,Cloudy,10,Overproduction,Yes,Medium
INV006483,2025-10-21,Cloud Kitchen,Prepared Food,115,89,26,1.0,18.5,89.0,No,Cloudy,7,Expired,No,Medium
INV006484,2025-10-21,Supermarket,Fruits,230,193,37,6.0,10.5,193.0,Yes,Sunny,4,Storage Issue,No,Low
INV006485,2025-10-22,Supermarket,Dairy,161,161,0,4.0,2.4,210.0,No,Cloudy,0,No Waste,,Low
INV006486,2025-10-22,Supermarket,Fruits,154,106,48,6.0,6.5,106.0,No,Cloudy,10,Overproduction,Yes,Medium
INV006487,2025-10-22,Cloud Kitchen,Dairy,135,82,53,7.0,5.0,82.0,No,Rainy,12,Overproduction,No,High
INV006488,2025-10-22,Supermarket,Prepared Food,116,116,0,1.0,22.1,135.0,No,Sunny,0,No Waste,No,Low
INV006489,2025-10-22,Supermarket,Fruits,197,197,0,5.0,9.6,239.0,Yes,Sunny,0,No Waste,No,Low
INV006490,2025-10-22,Supermarket,Vegetables,149,149,0,6.0,7.5,188.0,No,Sunny,0,No Waste,No,Low
INV006491,2025-10-22,Supermarket,Fruits,131,131,0,4.0,6.0,138.0,No,Sunny,0,No Waste,No,Low
INV006492,2025-10-22,Supermarket,Vegetables,230,147,83,,5.1,147.0,Yes,Rainy,18,Overproduction,Yes,Medium
INV006493,2025-10-22,Restaurant,Vegetables,104,95,9,12.0,5.5,95.0,Yes,Cloudy,1,Low Demand,No,Low
INV006494,2025-10-22,Cloud Kitchen,Fruits,172,117,55,6.0,13.1,117.0,Yes,Cloudy,18,Storage Issue,Yes,High
INV006495,2025-10-22,Supermarket,Fruits,119,119,0,6.0,9.3,144.0,No,Sunny,0,No Waste,No,Low
INV006496,2025-10-22,Supermarket,Dairy,113,113,0,11.0,5.9,144.0,No,Sunny,0,No Waste,No,Low
INV006497,2025-10-22,Supermarket,Meat,160,154,6,1.0,0.1,154.0,No,Sunny,2,Expired,No,Low
INV006498,2025-10-22,Cafeteria,Vegetables,57,50,7,7.0,,50.0,No,Rainy,0,No Waste,,Low
INV006499,2025-10-23,Restaurant,Prepared Food,94,84,10,,,84.0,No,Hot,3,Expired,No,Medium
INV006500,2025-10-23,Cloud Kitchen,Bakery,98,98,0,2.0,25.0,111.0,No,Sunny,0,No Waste,No,Low
INV006501,2025-10-23,Restaurant,Prepared Food,72,72,0,1.0,14.4,74.0,No,Cloudy,0,No Waste,No,Low
INV006502,2025-10-23,Cafeteria,Bakery,94,66,28,4.0,24.3,66.0,No,Hot,7,Low Demand,,Medium
INV006503,2025-10-23,Supermarket,Prepared Food,164,128,36,1.0,14.5,128.0,No,Sunny,12,Expired,No,Medium
INV006504,2025-10-23,Restaurant,Dairy,126,99,27,12.0,2.5,99.0,Yes,Sunny,4,Overproduction,No,Medium
INV006505,2025-10-23,Restaurant,Prepared Food,108,103,5,2.0,24.5,103.0,Yes,Sunny,1,Expired,No,Low
INV006506,2025-10-23,Supermarket,Vegetables,169,148,21,9.0,4.8,148.0,No,Sunny,2,Overproduction,No,Low
INV006507,2025-10-23,Supermarket,Fruits,166,166,0,3.0,8.6,182.0,Yes,Cloudy,0,No Waste,No,Low
INV006508,2025-10-23,Cloud Kitchen,Meat,67,67,0,4.0,0.9,116.0,No,Sunny,0,No Waste,No,Low
INV006509,2025-10-23,Supermarket,Fruits,156,150,6,8.0,11.1,150.0,No,Sunny,1,Storage Issue,No,Low
INV006510,2025-10-23,Supermarket,Vegetables,139,103,36,10.0,2.1,103.0,No,Rainy,6,Low Demand,No,Medium
INV006511,2025-10-23,Cloud Kitchen,Fruits,71,71,0,9.0,12.6,103.0,No,Hot,0,No Waste,No,Low
INV006512,2025-10-23,Restaurant,Prepared Food,86,86,0,2.0,16.9,96.0,No,Hot,0,No Waste,No,Low
INV006513,2025-10-23,Supermarket,Prepared Food,177,174,3,2.0,25.0,174.0,No,Cloudy,1,Expired,No,Low
INV006514,2025-10-23,Supermarket,Meat,244,244,0,6.0,-1.5,248.0,Yes,Sunny,0,No Waste,No,Low
INV006515,2025-10-23,Restaurant,Prepared Food,77,77,0,2.0,21.8,78.0,No,Hot,0,No Waste,No,Low
INV006516,2025-10-23,Cloud Kitchen,Vegetables,142,89,53,3.0,5.7,89.0,Yes,Hot,11,Overproduction,No,High
INV006517,2025-10-23,Cloud Kitchen,Prepared Food,67,67,0,1.0,7.1,117.0,Yes,Sunny,0,No Waste,No,Low
INV006518,2025-10-23,Restaurant,Prepared Food,101,74,27,,20.2,74.0,No,Hot,5,Expired,No,Medium
INV006519,2025-10-23,Cafeteria,Meat,68,68,0,4.0,4.6,75.0,Yes,Hot,0,No Waste,No,Low
INV006520,2025-10-23,Cloud Kitchen,Dairy,306,71,235,5.0,6.1,,No,Cloudy,58,Overproduction,Yes,High
INV006521,2025-10-23,Supermarket,Meat,164,145,19,,-0.4,145.0,No,Cloudy,3,Low Demand,No,Low
INV006522,2025-10-23,Supermarket,Fruits,311,210,101,4.0,7.2,210.0,Yes,Sunny,18,Expired,No,Medium
INV006523,2025-10-23,Cafeteria,Bakery,79,65,14,2.0,20.3,65.0,No,Sunny,3,Expired,No,Medium
INV006524,2025-10-23,Cafeteria,Fruits,71,62,9,5.0,6.5,62.0,No,Hot,1,Low Demand,No,High
INV006525,2025-10-23,Supermarket,Vegetables,163,163,0,4.0,8.5,182.0,No,Cloudy,0,No Waste,No,Low
INV006526,2025-10-24,Supermarket,Bakery,198,137,61,4.0,25.6,,No,Sunny,18,Overproduction,Yes,High
INV006527,2025-10-24,Cloud Kitchen,Prepared Food,93,91,2,2.0,23.0,91.0,No,Cloudy,1,Expired,No,Low
INV006528,2025-10-24,Supermarket,Dairy,155,155,0,4.0,,165.0,No,Sunny,0,No Waste,No,High
INV006529,2025-10-24,Cafeteria,Fruits,76,60,16,9.0,9.7,60.0,No,Sunny,1,Low Demand,No,Low
INV006530,2025-10-24,Cafeteria,Bakery,59,59,0,4.0,28.0,65.0,No,Cloudy,0,No Waste,No,Low
INV006531,2025-10-24,Supermarket,Dairy,152,152,0,10.0,3.6,220.0,Yes,Sunny,0,No Waste,No,Low
INV006532,2025-10-24,Restaurant,Vegetables,81,78,3,9.0,4.5,78.0,No,,0,No Waste,No,Low
INV006533,2025-10-24,Supermarket,Prepared Food,208,166,42,2.0,6.3,166.0,No,Sunny,9,Expired,,Medium
INV006534,2025-10-24,Restaurant,Prepared Food,114,73,41,1.0,18.9,73.0,No,Rainy,16,Expired,No,High
INV006535,2025-10-24,Cloud Kitchen,Fruits,98,81,17,1.0,10.2,81.0,No,Cloudy,6,Expired,No,Medium
INV006536,2025-10-24,Restaurant,Meat,71,71,0,4.0,4.9,91.0,No,Sunny,0,No Waste,No,Low
INV006537,2025-10-24,Cafeteria,Vegetables,63,63,0,4.0,8.9,88.0,No,Sunny,0,No Waste,No,Low
INV006538,2025-10-24,Supermarket,Vegetables,147,147,0,6.0,5.1,180.0,No,Hot,0,No Waste,No,Low
INV006539,2025-10-24,Cafeteria,Fruits,61,46,15,8.0,9.6,46.0,No,Rainy,3,Low Demand,No,Medium
INV006540,2025-10-24,Restaurant,Dairy,69,59,10,2.0,4.4,59.0,No,Sunny,2,Expired,No,Medium
INV006541,2025-10-25,Cloud Kitchen,Bakery,91,78,13,3.0,,78.0,No,Rainy,4,Expired,No,Medium
INV006542,2025-10-25,Cloud Kitchen,Meat,72,72,0,1.0,7.8,101.0,No,Hot,0,No Waste,No,Low
INV006543,2025-10-25,Supermarket,Vegetables,121,121,0,6.0,5.3,167.0,No,Hot,0,No Waste,No,Low
INV006544,2025-10-25,Restaurant,Vegetables,96,43,53,7.0,-0.4,43.0,No,Rainy,12,Overproduction,Yes,High
INV006545,2025-10-25,Restaurant,Meat,85,85,0,5.0,4.0,98.0,No,Sunny,0,No Waste,No,Low
INV006546,2025-10-25,Cloud Kitchen,Prepared Food,134,98,36,2.0,16.6,98.0,No,Sunny,8,Expired,No,Medium
INV006547,2025-10-25,Cloud Kitchen,Meat,102,102,0,8.0,1.0,113.0,No,Sunny,0,No Waste,No,Low
INV006548,2025-10-25,Supermarket,Meat,217,217,0,3.0,3.0,227.0,Yes,Sunny,0,No Waste,No,Low
INV006549,2025-10-25,Supermarket,Fruits,184,115,69,5.0,5.3,115.0,No,Rainy,13,Overproduction,Yes,Medium
INV006550,2025-10-25,Cloud Kitchen,Prepared Food,109,63,46,2.0,17.9,63.0,No,Rainy,15,Overproduction,Yes,High
INV006551,2025-10-25,Supermarket,Meat,148,108,40,3.0,3.3,108.0,No,,11,Overproduction,No,Medium
INV006552,2025-10-25,Restaurant,Dairy,70,70,0,10.0,4.5,72.0,No,Cloudy,0,No Waste,No,Low
INV006553,2025-10-25,Supermarket,Vegetables,169,137,32,10.0,3.3,137.0,No,Hot,5,Low Demand,Yes,Medium
INV006554,2025-10-25,Supermarket,Fruits,190,170,20,2.0,11.9,,No,Sunny,4,Expired,No,Medium
INV006555,2025-10-25,Restaurant,Meat,251,80,171,1.0,3.5,80.0,No,Sunny,87,Overproduction,Yes,High
INV006556,2025-10-25,Supermarket,Fruits,159,159,0,5.0,2.8,203.0,Yes,Rainy,0,No Waste,,Low
INV006557,2025-10-25,Cafeteria,Meat,62,48,14,4.0,1.2,48.0,No,Rainy,2,Low Demand,Yes,Medium
INV006558,2025-10-25,Restaurant,Prepared Food,81,74,7,2.0,18.3,74.0,No,Rainy,1,Expired,No,Low
INV006559,2025-10-25,Cafeteria,Meat,65,56,9,2.0,0.2,56.0,No,Cloudy,2,Low Demand,No,Medium
INV006560,2025-10-25,Supermarket,Fruits,141,141,0,8.0,7.0,170.0,No,Hot,0,No Waste,No,Low
INV006561,2025-10-25,Supermarket,Prepared Food,142,142,0,3.0,20.9,153.0,No,Cloudy,0,No Waste,,High
INV006562,2025-10-25,Supermarket,Bakery,147,108,39,3.0,15.9,108.0,No,Rainy,9,Expired,No,Medium
INV006563,2025-10-25,Cloud Kitchen,Fruits,104,104,0,7.0,9.8,119.0,No,Cloudy,0,No Waste,No,Low
INV006564,2025-10-25,Restaurant,Dairy,83,52,31,7.0,1.5,52.0,No,,6,Overproduction,Yes,Medium
INV006565,2025-10-25,Supermarket,Meat,129,129,0,,0.7,149.0,No,Hot,0,No Waste,No,Low
INV006566,2025-10-25,Supermarket,Dairy,168,121,47,8.0,0.2,121.0,No,Sunny,9,Overproduction,Yes,Medium
INV006567,2025-10-26,Restaurant,Prepared Food,78,78,0,3.0,18.9,91.0,No,Hot,0,No Waste,No,Low
INV006568,2025-10-26,Restaurant,Dairy,94,82,12,4.0,-1.1,82.0,No,Sunny,1,Expired,No,Low
INV006569,2025-10-26,Restaurant,Vegetables,94,75,19,5.0,2.5,75.0,No,Cloudy,4,Low Demand,No,Medium
INV006570,2025-10-26,Restaurant,Dairy,113,87,26,6.0,5.1,,No,Hot,5,Overproduction,No,Medium
INV006571,2025-10-26,Supermarket,Dairy,222,149,73,10.0,5.1,149.0,No,Sunny,11,Overproduction,Yes,Medium
INV006572,2025-10-26,Cloud Kitchen,Meat,146,142,4,5.0,1.1,142.0,Yes,Cloudy,0,No Waste,No,Low
INV006573,2025-10-26,Supermarket,Prepared Food,162,103,59,3.0,20.9,103.0,No,Rainy,12,Overproduction,Yes,Medium
INV006574,2025-10-26,Cafeteria,Meat,35,35,0,4.0,2.2,58.0,No,Cloudy,0,No Waste,No,Low
INV006575,2025-10-26,Supermarket,Fruits,171,110,61,8.0,7.7,110.0,No,Cloudy,11,Overproduction,Yes,Medium
INV006576,2025-10-26,Supermarket,Bakery,195,125,70,4.0,17.7,125.0,No,Cloudy,14,Overproduction,No,Medium
INV006577,2025-10-26,Restaurant,Dairy,82,82,0,4.0,4.6,107.0,No,Hot,0,No Waste,No,Low
INV006578,2025-10-26,Cloud Kitchen,Prepared Food,161,128,33,2.0,16.8,128.0,Yes,Sunny,9,Expired,No,Medium
INV006579,2025-10-26,Supermarket,Bakery,128,128,0,1.0,21.4,181.0,Yes,Rainy,0,No Waste,No,Low
INV006580,2025-10-26,Cafeteria,Bakery,63,63,0,2.0,17.2,96.0,Yes,Sunny,0,No Waste,No,Low
INV006581,2025-10-26,Cloud Kitchen,Bakery,108,95,13,4.0,24.8,95.0,Yes,Rainy,2,Expired,No,Low
INV006582,2025-10-26,Cafeteria,Prepared Food,63,63,0,1.0,10.5,75.0,Yes,,0,No Waste,No,Low
INV006583,2025-10-26,Restaurant,Vegetables,120,69,51,3.0,-0.2,69.0,No,Sunny,15,Overproduction,No,High
INV006584,2025-10-27,Cafeteria,Meat,90,58,32,4.0,2.8,58.0,No,Hot,6,Low Demand,Yes,Medium
INV006585,2025-10-27,Cloud Kitchen,Fruits,141,113,28,10.0,11.6,113.0,No,Sunny,4,Storage Issue,No,Low
INV006586,2025-10-27,Restaurant,Prepared Food,86,60,26,1.0,20.0,60.0,No,,8,Expired,,High
INV006587,2025-10-27,Cloud Kitchen,Dairy,100,100,0,6.0,7.0,187.0,Yes,Sunny,0,No Waste,No,Low
INV006588,2025-10-27,Supermarket,Dairy,150,108,42,9.0,2.2,108.0,No,Cloudy,7,Overproduction,No,Medium
INV006589,2025-10-27,Cloud Kitchen,Fruits,120,104,16,7.0,7.5,104.0,No,Sunny,1,Low Demand,No,Low
INV006590,2025-10-27,Restaurant,Bakery,108,108,0,,20.0,155.0,Yes,Hot,0,No Waste,No,Low
INV006591,2025-10-27,Supermarket,Meat,153,80,73,4.0,-1.6,80.0,No,Rainy,17,Overproduction,Yes,High
INV006592,2025-10-27,Cloud Kitchen,Dairy,109,109,0,4.0,1.7,109.0,Yes,Sunny,0,No Waste,No,Low
INV006593,2025-10-27,Supermarket,Dairy,204,204,0,8.0,5.1,228.0,Yes,Sunny,0,No Waste,No,Low
INV006594,2025-10-27,Supermarket,Prepared Food,150,150,0,2.0,19.7,178.0,No,Sunny,0,No Waste,No,Low
INV006595,2025-10-27,Restaurant,Fruits,102,69,33,7.0,10.5,69.0,No,Sunny,8,Overproduction,Yes,Medium
INV006596,2025-10-27,Restaurant,Meat,100,100,0,,-1.5,108.0,Yes,Cloudy,0,No Waste,No,Low
INV006597,2025-10-27,Cafeteria,Vegetables,65,54,11,6.0,6.6,54.0,No,Sunny,1,Low Demand,No,Low
INV006598,2025-10-27,Restaurant,Fruits,78,78,0,2.0,11.7,102.0,No,Sunny,0,No Waste,,Low
INV006599,2025-10-27,Supermarket,Meat,180,163,17,9.0,3.5,163.0,No,Hot,2,Overproduction,No,Low
INV006600,2025-10-27,Cloud Kitchen,Bakery,136,127,9,4.0,,127.0,No,Cloudy,1,Expired,No,Low
INV006601,2025-10-27,Cloud Kitchen,Fruits,120,85,35,1.0,7.9,85.0,No,Cloudy,14,Expired,No,High
INV006602,2025-10-27,Supermarket,Prepared Food,231,84,147,1.0,20.2,84.0,No,Rainy,70,Overproduction,Yes,High
INV006603,2025-10-27,Restaurant,Bakery,144,66,78,2.0,18.1,66.0,No,Rainy,28,Overproduction,Yes,High
INV006604,2025-10-27,Supermarket,Dairy,203,154,49,5.0,3.5,154.0,Yes,Rainy,11,Overproduction,No,Medium
INV006605,2025-10-27,Cloud Kitchen,Vegetables,98,98,0,6.0,7.4,118.0,No,,0,No Waste,No,Low
INV006606,2025-10-28,Cafeteria,Bakery,60,60,0,3.0,18.3,62.0,No,Hot,0,No Waste,No,Low
INV006607,2025-10-28,Cloud Kitchen,Vegetables,156,129,27,6.0,1.1,129.0,Yes,Cloudy,6,Overproduction,No,Medium
INV006608,2025-10-28,Restaurant,Meat,90,90,0,6.0,-1.0,94.0,No,Cloudy,0,No Waste,No,Low
INV006609,2025-10-28,Cloud Kitchen,Meat,100,78,22,3.0,3.3,78.0,No,,5,Expired,No,Medium
INV006610,2025-10-28,Restaurant,Dairy,86,86,0,4.0,2.3,87.0,No,Cloudy,0,No Waste,No,Low
INV006611,2025-10-28,Cafeteria,Prepared Food,35,35,0,1.0,11.8,68.0,No,Sunny,0,No Waste,No,Low
INV006612,2025-10-28,Cafeteria,Prepared Food,57,57,0,1.0,19.4,57.0,No,Hot,0,No Waste,No,Low
INV006613,2025-10-28,Restaurant,Bakery,122,102,20,2.0,27.9,102.0,Yes,Hot,7,Storage Issue,No,Medium
INV006614,2025-10-28,Cloud Kitchen,Prepared Food,112,76,36,2.0,17.2,76.0,No,Rainy,11,Expired,No,High
INV006615,2025-10-28,Supermarket,Vegetables,161,138,23,6.0,10.6,138.0,No,Sunny,5,Storage Issue,No,Medium
INV006616,2025-10-28,Cloud Kitchen,Prepared Food,124,100,24,2.0,17.8,100.0,Yes,Rainy,7,Expired,No,Medium
INV006617,2025-10-28,Restaurant,Bakery,87,68,19,4.0,29.3,68.0,No,Hot,7,Storage Issue,No,Medium
INV006618,2025-10-28,Restaurant,Prepared Food,83,83,0,1.0,19.6,100.0,No,Cloudy,0,No Waste,No,Low
INV006619,2025-10-28,Cafeteria,Vegetables,75,52,23,8.0,6.4,52.0,No,Sunny,3,Low Demand,No,Medium
INV006620,2025-10-28,Restaurant,Vegetables,73,73,0,5.0,6.1,112.0,No,Sunny,0,No Waste,No,Low
INV006621,2025-10-28,Restaurant,Prepared Food,79,64,15,3.0,15.8,64.0,No,Cloudy,2,Low Demand,No,Medium
INV006622,2025-10-28,Cafeteria,Meat,90,87,3,4.0,1.7,,Yes,Cloudy,0,No Waste,,Low
INV006623,2025-10-28,Supermarket,Prepared Food,212,85,127,2.0,14.6,85.0,No,Rainy,46,Overproduction,Yes,High
INV006624,2025-10-28,Cafeteria,Dairy,71,53,18,2.0,3.1,53.0,No,Sunny,5,Low Demand,No,Medium
INV006625,2025-10-28,Supermarket,Meat,218,154,64,7.0,-1.7,154.0,No,Hot,10,Overproduction,Yes,Medium
INV006626,2025-10-28,Cloud Kitchen,Meat,121,99,22,6.0,-0.1,99.0,No,Hot,4,Low Demand,No,Medium
INV006627,2025-10-29,Supermarket,Vegetables,149,145,4,6.0,3.3,145.0,No,Hot,0,No Waste,No,Low
INV006628,2025-10-29,Supermarket,Meat,178,128,50,6.0,2.3,128.0,No,Cloudy,7,Expired,No,Medium
INV006629,2025-10-29,Cafeteria,Dairy,65,58,7,6.0,2.3,58.0,No,Cloudy,1,Low Demand,No,Low
INV006630,2025-10-29,Cloud Kitchen,Dairy,93,93,0,4.0,6.5,135.0,No,Sunny,0,No Waste,No,Low
INV006631,2025-10-29,Cloud Kitchen,Prepared Food,89,89,0,2.0,6.7,124.0,No,Hot,0,No Waste,No,Low
INV006632,2025-10-29,Restaurant,Prepared Food,96,86,10,2.0,24.6,86.0,No,Sunny,3,Expired,No,Medium
INV006633,2025-10-29,Cloud Kitchen,Prepared Food,109,109,0,2.0,16.2,126.0,Yes,Cloudy,0,No Waste,No,Low
INV006634,2025-10-29,Supermarket,Vegetables,179,149,30,8.0,4.7,149.0,No,Hot,4,Low Demand,Yes,Medium
INV006635,2025-10-29,Cafeteria,Vegetables,49,49,0,6.0,2.2,49.0,No,Rainy,0,No Waste,No,Low
INV006636,2025-10-29,Restaurant,Dairy,104,104,0,9.0,4.1,121.0,Yes,Sunny,0,No Waste,No,Low
INV006637,2025-10-29,Supermarket,Fruits,181,96,85,2.0,9.2,96.0,No,Rainy,34,Overproduction,Yes,High
INV006638,2025-10-29,Restaurant,Meat,97,93,4,6.0,-1.0,93.0,No,Cloudy,0,No Waste,No,High
INV006639,2025-10-29,Supermarket,Fruits,129,129,0,4.0,8.1,204.0,Yes,Cloudy,0,No Waste,No,Low
INV006640,2025-10-29,Restaurant,Fruits,71,71,0,6.0,8.1,94.0,No,Hot,0,No Waste,No,Low
INV006641,2025-10-29,Cafeteria,Dairy,60,60,0,7.0,4.7,68.0,No,Sunny,0,No Waste,No,Low
INV006642,2025-10-29,Supermarket,Prepared Food,92,92,0,2.0,24.6,148.0,No,Sunny,0,No Waste,No,Low
INV006643,2025-10-29,Supermarket,Meat,107,107,0,3.0,4.8,264.0,Yes,Sunny,0,No Waste,No,Low
INV006644,2025-10-29,Restaurant,Vegetables,78,69,9,7.0,3.6,69.0,No,Cloudy,1,Low Demand,No,Low
INV006645,2025-10-29,Supermarket,Meat,195,192,3,6.0,5.2,192.0,Yes,Sunny,0,No Waste,No,Low
INV006646,2025-10-29,Cloud Kitchen,Bakery,116,107,9,4.0,21.4,107.0,No,Cloudy,1,Expired,No,Low
INV006647,2025-10-30,Supermarket,Fruits,229,229,0,9.0,8.3,299.0,Yes,Sunny,0,No Waste,No,Low
INV006648,2025-10-30,Cafeteria,Prepared Food,72,54,18,2.0,22.7,54.0,Yes,Rainy,7,Low Demand,No,High
INV006649,2025-10-30,Supermarket,Prepared Food,101,101,0,2.0,23.2,146.0,No,Hot,0,No Waste,No,Low
INV006650,2025-10-30,Restaurant,Vegetables,69,69,0,4.0,4.4,84.0,No,Sunny,0,No Waste,,Low
INV006651,2025-10-30,Supermarket,Meat,155,128,27,1.0,3.8,128.0,No,Cloudy,10,Expired,No,Medium
INV006652,2025-10-30,Cafeteria,Vegetables,55,55,0,,4.3,64.0,No,Sunny,0,No Waste,No,Low
INV006653,2025-10-30,Cafeteria,Meat,59,34,25,8.0,1.8,34.0,No,Rainy,5,Low Demand,No,Medium
INV006654,2025-10-30,Supermarket,Meat,123,123,0,5.0,-0.7,168.0,No,Sunny,0,No Waste,No,Low
INV006655,2025-10-30,Supermarket,Dairy,154,125,29,3.0,4.8,125.0,No,Rainy,6,Expired,No,Medium
INV006656,2025-10-30,Restaurant,Meat,97,71,26,3.0,4.3,71.0,No,Rainy,6,Low Demand,No,Medium
INV006657,2025-10-30,Cafeteria,Bakery,58,40,18,5.0,21.7,40.0,No,Rainy,5,Low Demand,No,High
INV006658,2025-10-30,Supermarket,Fruits,132,123,9,5.0,8.9,123.0,No,Cloudy,1,Expired,No,Low
INV006659,2025-10-30,Cafeteria,Prepared Food,82,77,5,2.0,24.2,77.0,Yes,Hot,1,Expired,No,Low
INV006660,2025-10-30,Supermarket,Prepared Food,135,135,0,2.0,24.2,146.0,No,Sunny,0,No Waste,No,Low
INV006661,2025-10-30,Restaurant,Meat,52,51,1,2.0,2.4,51.0,No,Rainy,0,No Waste,No,Low
INV006662,2025-10-30,Supermarket,Meat,183,170,13,2.0,3.6,170.0,No,Hot,2,Expired,No,Low
INV006663,2025-10-30,Restaurant,Meat,79,79,0,4.0,2.4,83.0,No,Sunny,0,No Waste,No,Low
INV006664,2025-10-30,Cafeteria,Dairy,74,56,18,11.0,5.4,56.0,No,Cloudy,1,Low Demand,No,Low
INV006665,2025-10-30,Cafeteria,Fruits,69,52,17,5.0,7.3,52.0,No,Hot,4,Low Demand,No,Medium
INV006666,2025-10-30,Restaurant,Prepared Food,87,76,11,2.0,13.8,76.0,No,Hot,2,Expired,No,Medium
INV006667,2025-10-30,Cafeteria,Fruits,61,61,0,5.0,4.3,63.0,No,Hot,0,No Waste,No,Low
INV006668,2025-10-30,Cloud Kitchen,Meat,115,83,32,4.0,1.5,83.0,No,Cloudy,7,Low Demand,No,Medium
INV006669,2025-10-30,Restaurant,Prepared Food,85,61,24,2.0,23.1,61.0,No,Rainy,8,Low Demand,Yes,High
INV006670,2025-10-30,Cafeteria,Fruits,53,53,0,1.0,8.7,60.0,No,Cloudy,0,No Waste,No,Low
INV006671,2025-10-30,Restaurant,Dairy,113,80,33,9.0,6.0,80.0,No,Sunny,6,Low Demand,No,Medium
INV006672,2025-10-31,Cloud Kitchen,Dairy,85,85,0,3.0,4.3,110.0,No,Sunny,0,No Waste,No,Low
INV006673,2025-10-31,Supermarket,Dairy,190,190,0,3.0,4.0,240.0,Yes,Sunny,0,No Waste,No,Low
INV006674,2025-10-31,Restaurant,Prepared Food,105,58,47,1.0,15.8,58.0,No,Sunny,21,Overproduction,Yes,High
INV006675,2025-10-31,Restaurant,Meat,66,58,8,5.0,1.5,58.0,No,Rainy,1,Low Demand,No,Low
INV006676,2025-10-31,Cafeteria,Vegetables,77,53,24,9.0,11.4,53.0,No,,8,Low Demand,No,High
INV006677,2025-10-31,Cafeteria,Bakery,91,80,11,1.0,22.4,80.0,No,Hot,4,Expired,No,Medium
INV006678,2025-10-31,Cloud Kitchen,Vegetables,102,102,0,6.0,3.9,106.0,No,Hot,0,No Waste,No,Low
INV006679,2025-10-31,Restaurant,Prepared Food,92,74,18,2.0,,74.0,No,Cloudy,8,Storage Issue,No,Medium
INV006680,2025-10-31,Restaurant,Prepared Food,71,71,0,2.0,20.9,,No,Cloudy,0,No Waste,No,Low
INV006681,2025-10-31,Supermarket,Fruits,144,144,0,5.0,4.8,173.0,No,Hot,0,No Waste,No,Low
INV006682,2025-10-31,Restaurant,Bakery,85,48,37,2.0,19.6,48.0,No,Rainy,12,Low Demand,Yes,High
INV006683,2025-10-31,Restaurant,Fruits,85,82,3,7.0,6.9,82.0,No,Cloudy,0,No Waste,No,Low
INV006684,2025-10-31,Restaurant,Vegetables,94,81,13,9.0,3.3,81.0,No,Rainy,1,Low Demand,No,Medium
INV006685,2025-10-31,Cafeteria,Bakery,71,71,0,3.0,18.4,75.0,Yes,Hot,0,No Waste,No,High
INV006686,2025-10-31,Restaurant,Prepared Food,130,103,27,3.0,17.4,103.0,Yes,Sunny,6,Expired,No,Medium
INV006687,2025-10-31,Cloud Kitchen,Bakery,128,101,27,3.0,26.6,101.0,No,Cloudy,8,Expired,No,Medium
INV006688,2025-10-31,Supermarket,Meat,184,108,76,8.0,-0.7,108.0,No,,18,Overproduction,Yes,High
INV006689,2025-11-01,Restaurant,Dairy,67,67,0,6.0,1.1,68.0,No,Cloudy,0,No Waste,No,Low
INV006690,2025-11-01,Restaurant,Fruits,107,55,52,4.0,6.4,55.0,No,Rainy,16,Overproduction,No,High
INV006691,2025-11-01,Supermarket,Vegetables,190,135,55,6.0,2.6,135.0,No,Rainy,10,Overproduction,No,Medium
INV006692,2025-11-01,Restaurant,Vegetables,91,77,14,,6.2,77.0,No,Hot,2,Low Demand,No,Medium
INV006693,2025-11-01,Restaurant,Dairy,65,65,0,6.0,4.1,73.0,No,Hot,0,No Waste,No,Low
INV006694,2025-11-01,Supermarket,Meat,179,179,0,3.0,-1.3,192.0,No,Hot,0,No Waste,No,Low
INV006695,2025-11-01,Supermarket,Meat,151,141,10,3.0,1.9,141.0,No,Cloudy,1,Expired,No,Low
INV006696,2025-11-01,Cloud Kitchen,Bakery,149,148,1,2.0,17.8,148.0,Yes,Hot,0,No Waste,No,Low
INV006697,2025-11-01,Cafeteria,Vegetables,73,63,10,6.0,5.7,63.0,Yes,Rainy,2,Low Demand,No,Medium
INV006698,2025-11-01,Cloud Kitchen,Vegetables,107,85,22,7.0,2.3,85.0,No,Hot,2,Low Demand,,Low
INV006699,2025-11-01,Restaurant,Dairy,92,91,1,5.0,,91.0,No,Hot,0,No Waste,No,Low
INV006700,2025-11-01,Restaurant,Fruits,83,83,0,5.0,9.8,89.0,No,Sunny,0,No Waste,No,Low
INV006701,2025-11-01,Cafeteria,Meat,51,51,0,4.0,2.2,58.0,No,Cloudy,0,No Waste,No,Low
INV006702,2025-11-01,Cafeteria,Prepared Food,72,61,11,2.0,15.7,61.0,No,Cloudy,2,Expired,No,Medium
INV006703,2025-11-01,Supermarket,Fruits,113,113,0,6.0,7.3,165.0,No,Hot,0,No Waste,No,Low
INV006704,2025-11-01,Supermarket,Fruits,164,164,0,5.0,6.8,169.0,No,Sunny,0,No Waste,No,Low
INV006705,2025-11-01,Supermarket,Dairy,175,164,11,7.0,5.6,164.0,No,Hot,1,Expired,No,Low
INV006706,2025-11-01,Cloud Kitchen,Dairy,125,88,37,5.0,4.9,88.0,No,Cloudy,8,Overproduction,No,Medium
INV006707,2025-11-01,Supermarket,Prepared Food,218,146,72,1.0,18.6,146.0,No,Cloudy,27,Expired,No,High
INV006708,2025-11-01,Cafeteria,Meat,69,51,18,6.0,4.0,51.0,No,Cloudy,3,Low Demand,No,Medium
INV006709,2025-11-02,Cloud Kitchen,Bakery,111,111,0,4.0,20.1,117.0,No,Sunny,0,No Waste,No,Low
INV006710,2025-11-02,Cloud Kitchen,Bakery,104,104,0,6.0,22.8,124.0,No,Sunny,0,No Waste,No,Low
INV006711,2025-11-02,Cloud Kitchen,Prepared Food,122,122,0,2.0,29.6,148.0,Yes,Hot,0,No Waste,No,Low
INV006712,2025-11-02,Cloud Kitchen,Dairy,125,115,10,10.0,1.2,115.0,Yes,Cloudy,1,Low Demand,No,Low
INV006713,2025-11-02,Supermarket,Prepared Food,197,156,41,1.0,19.8,156.0,No,Sunny,11,Expired,No,Medium
INV006714,2025-11-02,Restaurant,Fruits,89,89,0,6.0,10.1,130.0,Yes,Hot,0,No Waste,No,Low
INV006715,2025-11-02,Supermarket,Meat,239,170,69,3.0,-0.6,170.0,No,Hot,18,Expired,No,Medium
INV006716,2025-11-02,Restaurant,Dairy,90,56,34,7.0,6.1,56.0,No,Rainy,7,Low Demand,Yes,Medium
INV006717,2025-11-02,Cloud Kitchen,Meat,79,79,0,3.0,3.5,105.0,No,Cloudy,0,No Waste,No,Low
INV006718,2025-11-02,Restaurant,Fruits,88,88,0,,8.7,95.0,No,Hot,0,No Waste,No,Low
INV006719,2025-11-02,Cafeteria,Vegetables,76,56,20,7.0,2.2,56.0,No,Sunny,2,Low Demand,No,Medium
INV006720,2025-11-02,Cloud Kitchen,Prepared Food,154,80,74,1.0,17.2,80.0,No,Rainy,29,Overproduction,Yes,High
INV006721,2025-11-02,Supermarket,Vegetables,134,134,0,7.0,10.2,136.0,No,,0,No Waste,No,Low
INV006722,2025-11-02,Supermarket,Fruits,163,163,0,4.0,7.8,164.0,No,,0,No Waste,No,Low
INV006723,2025-11-02,Supermarket,Fruits,186,145,41,7.0,4.5,145.0,No,Cloudy,5,Overproduction,No,Medium
INV006724,2025-11-02,Supermarket,Dairy,133,124,9,3.0,3.6,124.0,No,Rainy,1,Expired,No,Low
INV006725,2025-11-02,Cafeteria,Dairy,90,33,57,7.0,6.3,33.0,No,Rainy,17,Overproduction,Yes,Medium
INV006726,2025-11-02,Supermarket,Bakery,202,133,69,3.0,25.4,133.0,No,Sunny,23,Overproduction,No,High
INV006727,2025-11-02,Supermarket,Vegetables,187,182,5,3.0,11.8,182.0,Yes,Cloudy,1,Storage Issue,No,Low
INV006728,2025-11-02,Supermarket,Meat,224,167,57,3.0,-4.1,167.0,No,Sunny,12,Expired,,Medium
INV006729,2025-11-02,Cloud Kitchen,Prepared Food,149,149,0,1.0,23.8,173.0,Yes,Hot,0,No Waste,No,Low
INV006730,2025-11-02,Restaurant,Vegetables,79,79,0,10.0,8.1,93.0,No,Sunny,0,No Waste,No,Low
INV006731,2025-11-02,Restaurant,Vegetables,81,73,8,3.0,3.5,,No,Hot,2,Expired,No,Medium
INV006732,2025-11-02,Restaurant,Vegetables,114,93,21,7.0,3.2,93.0,No,Sunny,3,Expired,No,Medium
INV006733,2025-11-02,Restaurant,Dairy,66,46,20,11.0,2.9,46.0,No,Rainy,2,Low Demand,No,Medium
INV006734,2025-11-02,Supermarket,Bakery,142,131,11,3.0,21.3,131.0,Yes,Rainy,2,Expired,No,Low
INV006735,2025-11-02,Cloud Kitchen,Fruits,119,83,36,2.0,9.0,83.0,No,Cloudy,8,Expired,No,Medium
INV006736,2025-11-03,Supermarket,Dairy,152,116,36,8.0,5.2,116.0,No,Cloudy,6,Overproduction,No,Medium
INV006737,2025-11-03,Supermarket,Bakery,215,134,81,3.0,17.3,134.0,No,Hot,19,Overproduction,Yes,High
INV006738,2025-11-03,Supermarket,Prepared Food,144,144,0,1.0,24.4,197.0,No,Hot,0,No Waste,No,Low
INV006739,2025-11-03,Restaurant,Bakery,87,71,16,4.0,23.3,71.0,No,Rainy,4,Expired,No,Medium
INV006740,2025-11-03,Supermarket,Dairy,148,111,37,14.0,5.7,111.0,No,Rainy,3,Overproduction,No,Low
INV006741,2025-11-03,Restaurant,Bakery,90,67,23,5.0,,67.0,No,Rainy,6,Low Demand,No,Medium
INV006742,2025-11-03,Cafeteria,Prepared Food,72,55,17,1.0,26.4,55.0,No,Cloudy,6,Storage Issue,No,Medium
INV006743,2025-11-03,Cafeteria,Dairy,49,49,0,5.0,5.1,81.0,No,Hot,0,No Waste,No,High
INV006744,2025-11-03,Cloud Kitchen,Meat,88,85,3,5.0,3.5,85.0,No,Cloudy,0,No Waste,No,Low
INV006745,2025-11-03,Restaurant,Fruits,121,109,12,,9.4,109.0,Yes,Cloudy,1,Low Demand,No,Low
INV006746,2025-11-03,Restaurant,Prepared Food,127,127,0,1.0,25.7,135.0,Yes,Sunny,0,No Waste,No,Low
INV006747,2025-11-03,Restaurant,Dairy,98,98,0,11.0,6.1,107.0,No,Hot,0,No Waste,No,Low
INV006748,2025-11-03,Restaurant,Bakery,122,68,54,3.0,23.4,68.0,No,Hot,14,Overproduction,No,Medium
INV006749,2025-11-03,Restaurant,Fruits,111,65,46,3.0,11.8,65.0,No,Rainy,15,Overproduction,No,Medium
INV006750,2025-11-03,Supermarket,Meat,157,146,11,1.0,2.3,146.0,No,Cloudy,3,Expired,No,Low
INV006751,2025-11-03,Cafeteria,Fruits,64,46,18,5.0,10.2,46.0,No,Rainy,4,Low Demand,No,Medium
INV006752,2025-11-03,Supermarket,Vegetables,150,129,21,7.0,5.4,129.0,Yes,Rainy,3,Low Demand,No,Low
INV006753,2025-11-03,Supermarket,Fruits,205,181,24,4.0,9.7,181.0,Yes,Cloudy,4,Expired,No,Low
INV006754,2025-11-03,Restaurant,Meat,84,84,0,6.0,3.0,85.0,No,Cloudy,0,No Waste,No,Low
INV006755,2025-11-04,Restaurant,Prepared Food,82,68,14,1.0,28.9,68.0,No,Sunny,6,Storage Issue,,Medium
INV006756,2025-11-04,Cafeteria,Fruits,69,61,8,7.0,12.4,61.0,No,Hot,1,Low Demand,Yes,Low
INV006757,2025-11-04,Cafeteria,Fruits,67,62,5,6.0,11.1,62.0,No,Cloudy,0,No Waste,No,Low
INV006758,2025-11-04,Supermarket,Bakery,148,128,20,5.0,22.6,128.0,No,Cloudy,3,Overproduction,No,Low
INV006759,2025-11-04,Restaurant,Dairy,79,50,29,5.0,0.9,50.0,No,,5,Overproduction,No,Medium
INV006760,2025-11-04,Restaurant,Fruits,132,86,46,5.0,8.3,86.0,Yes,Sunny,13,Overproduction,Yes,High
INV006761,2025-11-04,Cafeteria,Meat,53,37,16,3.0,1.8,37.0,No,Rainy,3,Low Demand,No,Medium
INV006762,2025-11-04,Supermarket,Bakery,175,175,0,3.0,30.3,184.0,No,Hot,0,No Waste,No,Low
INV006763,2025-11-04,Supermarket,Prepared Food,166,100,66,2.0,17.6,100.0,No,Rainy,17,Expired,No,High
INV006764,2025-11-04,Cloud Kitchen,Vegetables,130,87,43,9.0,6.5,87.0,No,Cloudy,9,Overproduction,No,Medium
INV006765,2025-11-04,Restaurant,Vegetables,77,61,16,,4.2,61.0,No,Rainy,2,Low Demand,No,Medium
INV006766,2025-11-04,Supermarket,Dairy,505,135,370,8.0,1.7,135.0,No,Hot,90,Overproduction,No,High
INV006767,2025-11-04,Restaurant,Meat,99,67,32,4.0,3.2,67.0,No,Rainy,7,Overproduction,No,Medium
INV006768,2025-11-04,Supermarket,Dairy,199,134,65,6.0,2.1,,No,Sunny,9,Overproduction,Yes,High
INV006769,2025-11-04,Supermarket,Vegetables,178,178,0,5.0,1.8,190.0,No,Sunny,0,No Waste,No,Low
INV006770,2025-11-04,Restaurant,Vegetables,107,75,32,6.0,7.1,75.0,No,Cloudy,8,Overproduction,No,Medium
INV006771,2025-11-04,Supermarket,Vegetables,152,152,0,3.0,6.8,171.0,No,Cloudy,0,No Waste,No,High
INV006772,2025-11-04,Cafeteria,Prepared Food,65,65,0,1.0,16.3,67.0,No,Sunny,0,No Waste,No,Low
INV006773,2025-11-04,Cafeteria,Meat,76,71,5,4.0,4.3,71.0,No,Sunny,0,No Waste,No,Low
INV006774,2025-11-04,Cafeteria,Prepared Food,36,36,0,1.0,,51.0,No,,0,No Waste,No,Low
INV006775,2025-11-05,Supermarket,Prepared Food,153,153,0,1.0,22.1,160.0,No,Sunny,0,No Waste,No,Low
INV006776,2025-11-05,Cafeteria,Fruits,75,75,0,7.0,6.4,75.0,Yes,Sunny,0,No Waste,No,Low
INV006777,2025-11-05,Restaurant,Fruits,88,76,12,5.0,10.7,76.0,No,Hot,2,Low Demand,No,Medium
INV006778,2025-11-05,Cloud Kitchen,Bakery,139,117,22,5.0,18.1,117.0,Yes,Rainy,3,Low Demand,No,Medium
INV006779,2025-11-05,Cloud Kitchen,Bakery,142,119,23,2.0,25.1,119.0,Yes,Sunny,6,Expired,No,Medium
INV006780,2025-11-05,Restaurant,Fruits,99,86,13,4.0,5.2,86.0,No,Sunny,2,Low Demand,No,Low
INV006781,2025-11-05,Cafeteria,Fruits,70,58,12,5.0,7.5,58.0,No,Cloudy,2,Low Demand,No,Medium
INV006782,2025-11-05,Supermarket,Vegetables,181,163,18,6.0,9.9,163.0,No,Hot,3,Storage Issue,No,Low
INV006783,2025-11-05,Supermarket,Prepared Food,214,214,0,2.0,20.7,217.0,Yes,Sunny,0,No Waste,No,Low
INV006784,2025-11-05,Supermarket,Vegetables,120,120,0,4.0,3.0,132.0,No,Sunny,0,No Waste,No,Low
INV006785,2025-11-05,Supermarket,Prepared Food,143,143,0,1.0,20.3,149.0,No,Sunny,0,No Waste,No,Low
INV006786,2025-11-05,Restaurant,Dairy,92,44,48,5.0,7.5,44.0,No,Rainy,13,Overproduction,Yes,High
INV006787,2025-11-05,Restaurant,Prepared Food,94,93,1,2.0,14.1,93.0,No,Sunny,0,No Waste,No,Low
INV006788,2025-11-05,Cafeteria,Prepared Food,77,37,40,,21.4,37.0,No,Rainy,15,Overproduction,No,High
INV006789,2025-11-05,Restaurant,Fruits,64,64,0,6.0,4.7,83.0,No,Hot,0,No Waste,No,Low
INV006790,2025-11-05,Cafeteria,Meat,56,49,7,5.0,2.6,49.0,No,Sunny,1,Low Demand,No,Low
INV006791,2025-11-05,Restaurant,Vegetables,89,89,0,10.0,6.2,103.0,No,Hot,0,No Waste,No,Low
INV006792,2025-11-05,Supermarket,Dairy,175,97,78,2.0,5.1,97.0,No,Rainy,23,Overproduction,Yes,High
INV006793,2025-11-05,Supermarket,Vegetables,135,130,5,8.0,7.3,130.0,No,Sunny,1,Low Demand,No,Low
INV006794,2025-11-05,Cloud Kitchen,Bakery,85,85,0,2.0,23.8,99.0,No,Sunny,0,No Waste,No,Low
INV006795,2025-11-05,Cafeteria,Dairy,83,73,10,12.0,5.2,73.0,No,Hot,0,No Waste,No,Low
INV006796,2025-11-05,Supermarket,Fruits,137,137,0,7.0,9.3,140.0,No,Cloudy,0,No Waste,No,Low
INV006797,2025-11-05,Cloud Kitchen,Bakery,68,68,0,4.0,19.2,88.0,No,Cloudy,0,No Waste,No,Low
INV006798,2025-11-05,Restaurant,Dairy,79,74,5,1.0,6.1,74.0,No,Cloudy,2,Expired,No,Medium
INV006799,2025-11-05,Restaurant,Vegetables,88,75,13,7.0,4.3,,No,Cloudy,2,Low Demand,No,Medium
INV006800,2025-11-06,Cloud Kitchen,Vegetables,108,62,46,3.0,4.7,62.0,No,Rainy,12,Overproduction,Yes,High
INV006801,2025-11-06,Supermarket,Fruits,203,114,89,4.0,5.6,114.0,No,Cloudy,23,Overproduction,Yes,High
INV006802,2025-11-06,Restaurant,Bakery,88,71,17,3.0,29.1,71.0,No,Rainy,5,Storage Issue,No,Medium
INV006803,2025-11-06,Cloud Kitchen,Fruits,100,100,0,7.0,8.2,,No,Sunny,0,No Waste,No,Low
INV006804,2025-11-06,Cafeteria,Vegetables,66,66,0,7.0,0.9,69.0,No,Hot,0,No Waste,No,Low
INV006805,2025-11-06,Supermarket,Meat,140,112,28,5.0,4.3,112.0,No,Rainy,5,Expired,No,Medium
INV006806,2025-11-06,Cafeteria,Fruits,69,53,16,7.0,6.6,53.0,No,Rainy,2,Low Demand,No,Medium
INV006807,2025-11-06,Supermarket,Prepared Food,204,204,0,1.0,21.4,211.0,Yes,Hot,0,No Waste,No,Low
INV006808,2025-11-06,Supermarket,Vegetables,156,153,3,4.0,5.6,153.0,No,Cloudy,0,No Waste,No,Low
INV006809,2025-11-06,Cafeteria,Vegetables,75,48,27,5.0,3.5,48.0,No,Cloudy,4,Overproduction,No,Medium
INV006810,2025-11-06,Cloud Kitchen,Fruits,123,100,23,5.0,8.1,100.0,No,Hot,3,Low Demand,No,Medium
INV006811,2025-11-06,Cafeteria,Vegetables,67,63,4,6.0,10.2,63.0,No,Cloudy,0,No Waste,No,Low
INV006812,2025-11-06,Restaurant,Fruits,102,58,44,,12.3,58.0,No,Rainy,15,Overproduction,Yes,High
INV006813,2025-11-06,Cafeteria,Vegetables,73,44,29,6.0,5.6,44.0,No,Cloudy,6,Low Demand,No,Low
INV006814,2025-11-06,Supermarket,Fruits,216,124,92,5.0,13.0,124.0,No,Rainy,23,Overproduction,Yes,High
INV006815,2025-11-06,Restaurant,Meat,102,86,16,4.0,3.1,86.0,No,Cloudy,2,Expired,No,Low
INV006816,2025-11-07,Cafeteria,Dairy,62,62,0,2.0,5.7,83.0,No,Hot,0,No Waste,No,Low
INV006817,2025-11-07,Restaurant,Bakery,93,70,23,1.0,21.6,70.0,No,Hot,7,Expired,No,Medium
INV006818,2025-11-07,Restaurant,Bakery,88,88,0,3.0,18.5,102.0,No,Hot,0,No Waste,No,Low
INV006819,2025-11-07,Supermarket,Prepared Food,138,103,35,2.0,17.5,103.0,No,Rainy,8,Expired,No,Medium
INV006820,2025-11-07,Restaurant,Vegetables,100,84,16,8.0,6.6,84.0,Yes,,2,Low Demand,No,Low
INV006821,2025-11-07,Cloud Kitchen,Bakery,115,115,0,5.0,22.7,120.0,No,Sunny,0,No Waste,No,Low
INV006822,2025-11-07,Supermarket,Bakery,196,127,69,2.0,19.9,127.0,No,Hot,23,Expired,No,High
INV006823,2025-11-07,Cafeteria,Meat,70,55,15,7.0,2.6,55.0,No,Cloudy,1,Low Demand,No,Low
INV006824,2025-11-07,Restaurant,Fruits,94,94,0,7.0,7.7,114.0,Yes,Sunny,0,No Waste,No,Low
INV006825,2025-11-07,Cloud Kitchen,Fruits,126,115,11,6.0,11.4,115.0,No,Cloudy,2,Storage Issue,No,Low
INV006826,2025-11-07,Restaurant,Bakery,78,77,1,2.0,23.9,77.0,No,Cloudy,0,No Waste,No,Low
INV006827,2025-11-07,Supermarket,Meat,185,145,40,1.0,2.8,145.0,No,Sunny,17,Expired,No,High
INV006828,2025-11-07,Cafeteria,Fruits,71,71,0,4.0,10.0,76.0,No,Cloudy,0,No Waste,No,Low
INV006829,2025-11-07,Cloud Kitchen,Vegetables,91,66,25,3.0,5.4,66.0,No,Rainy,5,Low Demand,Yes,Medium
INV006830,2025-11-07,Restaurant,Bakery,122,78,44,,19.5,78.0,No,Hot,11,Overproduction,Yes,High
INV006831,2025-11-07,Cloud Kitchen,Meat,154,80,74,3.0,-2.3,80.0,No,Sunny,19,Overproduction,No,High
INV006832,2025-11-07,Supermarket,Meat,187,187,0,2.0,0.8,188.0,No,Hot,0,No Waste,No,Low
INV006833,2025-11-07,Cafeteria,Bakery,169,99,70,3.0,24.9,99.0,Yes,Sunny,23,Overproduction,Yes,High
INV006834,2025-11-07,Restaurant,Dairy,79,79,0,9.0,3.9,125.0,No,Sunny,0,No Waste,No,Low
INV006835,2025-11-07,Supermarket,Fruits,188,174,14,5.0,11.9,174.0,No,Sunny,3,Storage Issue,No,Low
INV006836,2025-11-07,Supermarket,Dairy,138,138,0,5.0,3.8,157.0,No,Cloudy,0,No Waste,No,Low
INV006837,2025-11-07,Restaurant,Dairy,128,71,57,,2.3,71.0,No,Rainy,10,Overproduction,Yes,Medium
INV006838,2025-11-07,Restaurant,Prepared Food,108,52,56,1.0,28.4,52.0,No,Rainy,32,Overproduction,No,High
INV006839,2025-11-07,Cloud Kitchen,Prepared Food,78,78,0,1.0,14.1,97.0,No,Hot,0,No Waste,No,Low
INV006840,2025-11-07,Supermarket,Meat,156,156,0,3.0,0.9,238.0,Yes,Hot,0,No Waste,No,Low
INV006841,2025-11-08,Cloud Kitchen,Fruits,141,82,59,5.0,4.8,82.0,No,Rainy,10,Overproduction,No,Medium
INV006842,2025-11-08,Restaurant,Fruits,98,75,23,2.0,6.2,75.0,No,Hot,5,Low Demand,No,Medium
INV006843,2025-11-08,Cloud Kitchen,Bakery,92,92,0,5.0,,133.0,No,Sunny,0,No Waste,No,Low
INV006844,2025-11-08,Cloud Kitchen,Fruits,110,110,0,3.0,5.7,117.0,Yes,Sunny,0,No Waste,No,Low
INV006845,2025-11-08,Restaurant,Fruits,89,43,46,4.0,4.7,43.0,No,Rainy,10,Overproduction,Yes,High
INV006846,2025-11-08,Restaurant,Prepared Food,86,61,25,1.0,22.1,61.0,No,Cloudy,10,Expired,No,High
INV006847,2025-11-08,Cafeteria,Meat,67,67,0,5.0,2.4,69.0,No,Sunny,0,No Waste,No,Low
INV006848,2025-11-08,Cloud Kitchen,Dairy,71,71,0,7.0,3.0,134.0,No,Hot,0,No Waste,No,Low
INV006849,2025-11-08,Cloud Kitchen,Meat,144,130,14,2.0,1.0,130.0,Yes,Sunny,3,Expired,No,Medium
INV006850,2025-11-08,Supermarket,Bakery,216,97,119,2.0,26.3,97.0,Yes,Rainy,44,Overproduction,Yes,High
INV006851,2025-11-08,Restaurant,Bakery,115,54,61,5.0,27.4,54.0,No,Rainy,13,Overproduction,Yes,High
INV006852,2025-11-08,Cafeteria,Bakery,71,66,5,4.0,18.6,66.0,No,Cloudy,1,Low Demand,No,Low
INV006853,2025-11-08,Cloud Kitchen,Fruits,106,104,2,6.0,7.1,104.0,No,,0,No Waste,No,Low
INV006854,2025-11-08,Cafeteria,Prepared Food,42,42,0,2.0,29.2,82.0,No,Sunny,0,No Waste,No,Low
INV006855,2025-11-08,Restaurant,Fruits,116,43,73,9.0,14.3,43.0,No,Rainy,23,Overproduction,Yes,High
INV006856,2025-11-08,Cloud Kitchen,Vegetables,138,138,0,5.0,7.5,204.0,Yes,Sunny,0,No Waste,No,Low
INV006857,2025-11-09,Restaurant,Vegetables,81,77,4,7.0,4.1,77.0,No,Cloudy,0,No Waste,No,Low
INV006858,2025-11-09,Cafeteria,Prepared Food,60,54,6,1.0,23.7,54.0,Yes,Rainy,2,Expired,No,Medium
INV006859,2025-11-09,Cafeteria,Fruits,86,60,26,7.0,12.8,60.0,No,Hot,6,Storage Issue,Yes,Medium
INV006860,2025-11-09,Cafeteria,Meat,63,63,0,5.0,1.9,68.0,No,Sunny,0,No Waste,No,Low
INV006861,2025-11-09,Cafeteria,Vegetables,81,63,18,3.0,7.3,63.0,No,Hot,4,Low Demand,No,Medium
INV006862,2025-11-09,Supermarket,Prepared Food,185,147,38,1.0,25.8,147.0,No,Hot,15,Expired,No,Medium
INV006863,2025-11-09,Restaurant,Fruits,110,75,35,6.0,,75.0,No,Cloudy,9,Overproduction,Yes,Medium
INV006864,2025-11-09,Supermarket,Fruits,151,151,0,4.0,9.1,164.0,Yes,Rainy,0,No Waste,No,Low
INV006865,2025-11-09,Cloud Kitchen,Fruits,111,111,0,7.0,11.8,130.0,Yes,Cloudy,0,No Waste,No,Low
INV006866,2025-11-09,Cloud Kitchen,Dairy,98,98,0,8.0,1.6,108.0,No,Sunny,0,No Waste,No,Low
INV006867,2025-11-09,Restaurant,Vegetables,82,72,10,6.0,7.2,,Yes,Rainy,2,Low Demand,No,Medium
INV006868,2025-11-09,Supermarket,Prepared Food,152,152,0,2.0,14.9,162.0,No,Sunny,0,No Waste,No,Low
INV006869,2025-11-09,Cloud Kitchen,Fruits,106,86,20,3.0,8.0,86.0,No,Cloudy,4,Expired,No,Medium
INV006870,2025-11-09,Supermarket,Vegetables,146,129,17,7.0,5.1,129.0,No,Rainy,2,Low Demand,No,Low
INV006871,2025-11-09,Cloud Kitchen,Meat,150,87,63,1.0,2.3,87.0,Yes,Cloudy,23,Expired,No,High
INV006872,2025-11-09,Restaurant,Bakery,93,93,0,3.0,14.4,94.0,No,Sunny,0,No Waste,No,Low
INV006873,2025-11-10,Restaurant,Meat,101,93,8,1.0,3.0,93.0,Yes,Sunny,2,Expired,No,Low
INV006874,2025-11-10,Cafeteria,Dairy,57,57,0,7.0,2.4,97.0,Yes,Sunny,0,No Waste,No,Low
INV006875,2025-11-10,Restaurant,Dairy,90,50,40,8.0,4.0,50.0,No,Rainy,9,Overproduction,No,High
INV006876,2025-11-10,Cafeteria,Fruits,81,59,22,4.0,7.2,59.0,Yes,Rainy,4,Low Demand,No,Medium
INV006877,2025-11-10,Supermarket,Dairy,199,149,50,8.0,5.7,149.0,No,Sunny,7,Overproduction,No,Medium
INV006878,2025-11-10,Cafeteria,Prepared Food,57,57,0,1.0,22.3,61.0,No,Cloudy,0,No Waste,No,Low
INV006879,2025-11-10,Restaurant,Fruits,90,90,0,5.0,10.1,122.0,Yes,Hot,0,No Waste,No,Low
INV006880,2025-11-10,Supermarket,Vegetables,196,115,81,8.0,3.0,115.0,No,Cloudy,17,Overproduction,Yes,Medium
INV006881,2025-11-10,Supermarket,Fruits,161,111,50,4.0,5.9,111.0,No,Rainy,12,Overproduction,No,Medium
INV006882,2025-11-10,Supermarket,Fruits,137,137,0,4.0,10.0,140.0,No,Hot,0,No Waste,No,Low
INV006883,2025-11-10,Supermarket,Meat,184,184,0,1.0,2.6,228.0,Yes,Sunny,0,No Waste,No,Low
INV006884,2025-11-10,Supermarket,Bakery,182,120,62,2.0,25.0,120.0,No,Sunny,23,Expired,No,High
INV006885,2025-11-10,Cloud Kitchen,Bakery,104,104,0,3.0,21.8,124.0,No,Hot,0,No Waste,No,Low
INV006886,2025-11-10,Supermarket,Meat,193,177,16,3.0,3.7,,No,Hot,2,Expired,No,Low
INV006887,2025-11-10,Cafeteria,Meat,61,61,0,2.0,2.2,68.0,No,Sunny,0,No Waste,No,Low
INV006888,2025-11-10,Supermarket,Bakery,215,215,0,4.0,22.2,228.0,No,Cloudy,0,No Waste,No,Low
INV006889,2025-11-10,Restaurant,Meat,100,62,38,6.0,2.7,62.0,No,Cloudy,7,Overproduction,Yes,Medium
INV006890,2025-11-10,Restaurant,Fruits,94,75,19,5.0,11.5,75.0,No,Sunny,4,Low Demand,No,Medium
INV006891,2025-11-10,Cafeteria,Fruits,100,76,24,6.0,6.5,76.0,No,Sunny,3,Low Demand,No,Medium
INV006892,2025-11-10,Cloud Kitchen,Prepared Food,98,76,22,1.0,13.2,76.0,No,Rainy,6,Expired,No,Medium
INV006893,2025-11-10,Restaurant,Fruits,86,50,36,5.0,3.1,50.0,No,Rainy,5,Overproduction,No,Medium
INV006894,2025-11-10,Cafeteria,Fruits,56,49,7,5.0,3.2,49.0,No,Sunny,0,No Waste,No,Low
INV006895,2025-11-10,Cafeteria,Dairy,90,47,43,6.0,5.7,47.0,No,Rainy,11,Overproduction,No,High
INV006896,2025-11-10,Cloud Kitchen,Vegetables,105,105,0,6.0,9.0,113.0,No,Sunny,0,No Waste,No,Low
INV006897,2025-11-10,Restaurant,Vegetables,97,63,34,4.0,6.3,,No,Sunny,6,Low Demand,Yes,Medium
INV006898,2025-11-10,Supermarket,Dairy,213,120,93,9.0,5.1,120.0,Yes,Rainy,21,Overproduction,Yes,High
INV006899,2025-11-11,Restaurant,Prepared Food,372,81,291,1.0,21.1,81.0,No,Sunny,162,Overproduction,Yes,High
INV006900,2025-11-11,Supermarket,Meat,115,115,0,5.0,,147.0,No,Sunny,0,No Waste,No,Low
INV006901,2025-11-11,Cafeteria,Fruits,67,54,13,8.0,5.9,54.0,No,Cloudy,2,Low Demand,No,Medium
INV006902,2025-11-11,Restaurant,Bakery,102,79,23,6.0,,79.0,No,Sunny,3,Overproduction,Yes,Medium
INV006903,2025-11-11,Restaurant,Dairy,96,70,26,3.0,-1.0,70.0,No,Rainy,4,Overproduction,No,Medium
INV006904,2025-11-11,Cafeteria,Vegetables,84,67,17,4.0,8.9,67.0,No,Hot,3,Low Demand,No,Medium
INV006905,2025-11-11,Cloud Kitchen,Meat,131,75,56,5.0,1.3,75.0,No,Cloudy,12,Overproduction,No,High
INV006906,2025-11-11,Cafeteria,Prepared Food,52,52,0,,14.4,61.0,Yes,Cloudy,0,No Waste,No,Low
INV006907,2025-11-11,Restaurant,Fruits,113,113,0,6.0,8.2,,Yes,Hot,0,No Waste,No,Low
INV006908,2025-11-11,Supermarket,Dairy,176,152,24,9.0,,152.0,No,Hot,4,Low Demand,No,Medium
INV006909,2025-11-11,Cloud Kitchen,Dairy,134,85,49,3.0,5.6,85.0,Yes,Rainy,11,Overproduction,Yes,Medium
INV006910,2025-11-11,Restaurant,Vegetables,100,80,20,2.0,5.9,80.0,No,Sunny,4,Expired,No,Medium
INV006911,2025-11-11,Cloud Kitchen,Bakery,110,110,0,3.0,20.7,168.0,Yes,Cloudy,0,No Waste,No,Low
INV006912,2025-11-11,Cloud Kitchen,Meat,95,92,3,7.0,3.1,92.0,No,Cloudy,0,No Waste,No,Low
INV006913,2025-11-11,Restaurant,Vegetables,79,79,0,9.0,5.4,85.0,No,Sunny,0,No Waste,No,Low
INV006914,2025-11-11,Restaurant,Vegetables,116,111,5,5.0,4.4,111.0,Yes,Sunny,1,Expired,No,Low
INV006915,2025-11-11,Restaurant,Dairy,65,52,13,2.0,6.8,52.0,No,Rainy,4,Low Demand,No,Medium
INV006916,2025-11-11,Cafeteria,Prepared Food,58,58,0,1.0,24.5,65.0,Yes,,0,No Waste,No,Low
INV006917,2025-11-12,Restaurant,Prepared Food,100,80,20,2.0,20.2,80.0,No,Rainy,5,Expired,No,Medium
INV006918,2025-11-12,Supermarket,Fruits,185,167,18,3.0,,167.0,No,Hot,4,Expired,No,Medium
INV006919,2025-11-12,Cafeteria,Prepared Food,61,58,3,2.0,22.9,58.0,No,Sunny,1,Low Demand,No,Low
INV006920,2025-11-12,Restaurant,Vegetables,98,73,25,8.0,7.8,73.0,No,Sunny,4,Low Demand,Yes,Medium
INV006921,2025-11-12,Restaurant,Bakery,97,97,0,5.0,21.0,150.0,Yes,Cloudy,0,No Waste,No,Low
INV006922,2025-11-12,Restaurant,Vegetables,68,68,0,5.0,10.4,97.0,No,Sunny,0,No Waste,No,Low
INV006923,2025-11-12,Restaurant,Vegetables,99,83,16,5.0,9.4,83.0,Yes,Rainy,3,Low Demand,No,Medium
INV006924,2025-11-12,Supermarket,Dairy,186,121,65,4.0,3.0,121.0,No,,12,Low Demand,Yes,Medium
INV006925,2025-11-12,Supermarket,Dairy,160,160,0,13.0,4.1,189.0,No,Sunny,0,No Waste,No,Low
INV006926,2025-11-12,Restaurant,Meat,104,99,5,3.0,2.7,99.0,No,Sunny,1,Expired,No,Low
INV006927,2025-11-12,Cloud Kitchen,Prepared Food,151,97,54,1.0,22.7,97.0,No,Hot,24,Expired,No,High
INV006928,2025-11-12,Cafeteria,Fruits,81,46,35,4.0,8.9,46.0,No,Hot,7,Low Demand,No,Medium
INV006929,2025-11-12,Supermarket,Fruits,120,120,0,8.0,4.2,124.0,No,Hot,0,No Waste,No,Low
INV006930,2025-11-12,Supermarket,Bakery,196,196,0,4.0,19.9,263.0,No,Hot,0,No Waste,No,Low
INV006931,2025-11-12,Cloud Kitchen,Fruits,89,89,0,6.0,7.5,120.0,No,Hot,0,No Waste,No,Low
INV006932,2025-11-12,Supermarket,Meat,149,149,0,7.0,0.4,178.0,No,Cloudy,0,No Waste,No,Low
INV006933,2025-11-12,Cafeteria,Fruits,78,78,0,4.0,8.3,92.0,Yes,Hot,0,No Waste,No,Low
INV006934,2025-11-12,Supermarket,Prepared Food,184,160,24,1.0,20.7,160.0,No,Sunny,7,Expired,No,Medium
INV006935,2025-11-12,Cloud Kitchen,Fruits,125,125,0,4.0,12.4,152.0,Yes,Hot,0,No Waste,No,Low
INV006936,2025-11-12,Cafeteria,Dairy,55,52,3,4.0,6.6,52.0,No,Sunny,0,No Waste,No,Low
INV006937,2025-11-12,Restaurant,Vegetables,94,80,14,8.0,5.4,80.0,No,Cloudy,1,Low Demand,No,Low
INV006938,2025-11-12,Supermarket,Dairy,171,171,0,6.0,5.6,248.0,Yes,Hot,0,No Waste,No,Low
INV006939,2025-11-12,Supermarket,Vegetables,147,147,0,9.0,5.2,163.0,No,Hot,0,No Waste,No,Low
INV006940,2025-11-12,Cloud Kitchen,Meat,114,62,52,3.0,3.8,62.0,No,Rainy,16,Overproduction,Yes,High
INV006941,2025-11-12,Supermarket,Fruits,148,133,15,2.0,2.0,133.0,No,Cloudy,4,Expired,No,Medium
INV006942,2025-11-12,Supermarket,Fruits,127,127,0,2.0,0.9,166.0,No,Cloudy,0,No Waste,No,Low
INV006943,2025-11-13,Supermarket,Vegetables,185,142,43,7.0,6.4,142.0,No,Sunny,3,Overproduction,No,Low
INV006944,2025-11-13,Restaurant,Bakery,76,50,26,3.0,19.5,50.0,No,Rainy,8,Low Demand,,High
INV006945,2025-11-13,Supermarket,Vegetables,138,123,15,7.0,3.6,123.0,No,Sunny,1,Low Demand,No,Low
INV006946,2025-11-13,Supermarket,Meat,180,148,32,6.0,4.9,148.0,No,Sunny,7,Expired,No,Medium
INV006947,2025-11-13,Supermarket,Meat,174,174,0,8.0,0.7,177.0,Yes,Sunny,0,No Waste,No,Low
INV006948,2025-11-13,Cafeteria,Bakery,75,65,10,4.0,26.3,65.0,No,Sunny,2,Low Demand,Yes,Medium
INV006949,2025-11-13,Cafeteria,Fruits,56,32,24,5.0,4.8,32.0,No,Rainy,6,Low Demand,No,High
INV006950,2025-11-13,Supermarket,Bakery,223,223,0,5.0,17.1,233.0,Yes,Sunny,0,No Waste,No,Low
INV006951,2025-11-13,Cloud Kitchen,Bakery,118,85,33,1.0,20.9,85.0,No,Rainy,9,Expired,No,Medium
INV006952,2025-11-13,Cafeteria,Meat,63,55,8,4.0,4.0,55.0,No,Sunny,2,Low Demand,No,Medium
INV006953,2025-11-13,Restaurant,Prepared Food,123,84,39,2.0,15.9,84.0,No,Cloudy,10,Expired,No,Medium
INV006954,2025-11-13,Supermarket,Meat,162,104,58,7.0,-1.2,104.0,Yes,Rainy,10,Overproduction,Yes,Medium
INV006955,2025-11-13,Supermarket,Fruits,176,106,70,4.0,11.8,106.0,No,,23,Overproduction,Yes,High
INV006956,2025-11-13,Cloud Kitchen,Vegetables,118,79,39,4.0,5.3,79.0,No,Rainy,9,Overproduction,No,Medium
INV006957,2025-11-13,Cloud Kitchen,Vegetables,144,122,22,6.0,3.1,122.0,Yes,Sunny,3,Low Demand,No,Medium
INV006958,2025-11-13,Cloud Kitchen,Bakery,105,105,0,2.0,21.0,,No,Hot,0,No Waste,No,Low
INV006959,2025-11-13,Supermarket,Prepared Food,120,120,0,1.0,26.3,147.0,No,Cloudy,0,No Waste,No,Low
INV006960,2025-11-13,Restaurant,Fruits,91,91,0,7.0,5.9,108.0,Yes,Cloudy,0,No Waste,No,Low
INV006961,2025-11-13,Cloud Kitchen,Prepared Food,95,88,7,1.0,12.8,88.0,No,Sunny,2,Expired,No,Medium
INV006962,2025-11-13,Supermarket,Dairy,202,119,83,6.0,1.4,119.0,No,Cloudy,13,Overproduction,Yes,Medium
INV006963,2025-11-13,Supermarket,Bakery,114,114,0,3.0,21.7,177.0,No,Hot,0,No Waste,No,Low
INV006964,2025-11-13,Cafeteria,Bakery,55,34,21,5.0,22.3,,No,Rainy,4,Low Demand,No,Medium
INV006965,2025-11-13,Cloud Kitchen,Dairy,115,108,7,10.0,3.7,108.0,No,Sunny,1,Low Demand,No,Low
INV006966,2025-11-13,Supermarket,Fruits,138,138,0,7.0,10.1,157.0,No,Hot,0,No Waste,No,Low
INV006967,2025-11-13,Cafeteria,Bakery,96,51,45,4.0,18.4,51.0,Yes,Rainy,13,Overproduction,No,High
INV006968,2025-11-14,Restaurant,Dairy,104,82,22,3.0,1.7,82.0,No,Sunny,6,Expired,No,Medium
INV006969,2025-11-14,Supermarket,Prepared Food,220,180,40,1.0,24.4,180.0,No,Sunny,12,Expired,No,Medium
INV006970,2025-11-14,Cafeteria,Dairy,59,45,14,8.0,1.8,45.0,No,Cloudy,2,Low Demand,Yes,Medium
INV006971,2025-11-14,Restaurant,Bakery,79,79,0,,20.6,82.0,No,Cloudy,0,No Waste,No,Low
INV006972,2025-11-14,Supermarket,Prepared Food,145,145,0,1.0,13.7,191.0,No,Cloudy,0,No Waste,No,Low
INV006973,2025-11-14,Cloud Kitchen,Vegetables,93,93,0,10.0,3.5,,No,,0,No Waste,No,Low
INV006974,2025-11-14,Restaurant,Vegetables,90,85,5,6.0,2.7,85.0,No,Sunny,1,Expired,No,Low
INV006975,2025-11-14,Restaurant,Prepared Food,99,99,0,1.0,28.5,105.0,Yes,Sunny,0,No Waste,No,Low
INV006976,2025-11-14,Supermarket,Prepared Food,187,163,24,1.0,18.7,163.0,Yes,Rainy,6,Expired,No,Medium
INV006977,2025-11-14,Cloud Kitchen,Prepared Food,110,110,0,1.0,20.6,115.0,No,Hot,0,No Waste,No,Low
INV006978,2025-11-14,Supermarket,Vegetables,178,151,27,7.0,8.8,151.0,No,Hot,5,Storage Issue,No,Medium
INV006979,2025-11-14,Cafeteria,Dairy,74,62,12,,3.8,,No,Sunny,1,Low Demand,No,Low
INV006980,2025-11-14,Supermarket,Meat,138,138,0,4.0,5.2,140.0,No,Cloudy,0,No Waste,No,Low
INV006981,2025-11-14,Restaurant,Meat,92,92,0,5.0,2.9,108.0,Yes,Hot,0,No Waste,No,Low
INV006982,2025-11-14,Supermarket,Fruits,132,80,52,4.0,9.4,80.0,No,Cloudy,13,Overproduction,Yes,High
INV006983,2025-11-14,Supermarket,Meat,145,134,11,5.0,1.7,134.0,No,Cloudy,2,Expired,,Low
INV006984,2025-11-15,Supermarket,Fruits,170,140,30,6.0,0.7,140.0,No,Cloudy,2,Low Demand,No,Low
INV006985,2025-11-15,Restaurant,Dairy,84,75,9,4.0,4.6,,No,Sunny,2,Expired,No,Medium
INV006986,2025-11-15,Restaurant,Vegetables,142,107,35,4.0,4.8,107.0,Yes,Hot,5,Expired,No,Medium
INV006987,2025-11-15,Cloud Kitchen,Prepared Food,112,112,0,1.0,17.7,122.0,No,Cloudy,0,No Waste,No,Low
INV006988,2025-11-15,Supermarket,Meat,171,157,14,2.0,-0.9,,No,Sunny,3,Expired,No,Low
INV006989,2025-11-15,Restaurant,Meat,79,79,0,1.0,1.7,114.0,Yes,Cloudy,0,No Waste,No,Low
INV006990,2025-11-15,Supermarket,Bakery,196,142,54,3.0,24.6,142.0,No,Cloudy,16,Overproduction,Yes,Medium
INV006991,2025-11-15,Restaurant,Bakery,71,71,0,2.0,25.4,76.0,No,Cloudy,0,No Waste,No,Low
INV006992,2025-11-15,Cloud Kitchen,Vegetables,115,115,0,6.0,,130.0,No,Sunny,0,No Waste,No,Low
INV006993,2025-11-15,Restaurant,Dairy,83,83,0,10.0,5.0,121.0,Yes,Sunny,0,No Waste,No,Low
INV006994,2025-11-15,Cloud Kitchen,Vegetables,134,106,28,6.0,,106.0,No,Sunny,3,Overproduction,No,Medium
INV006995,2025-11-15,Restaurant,Fruits,75,75,0,8.0,8.2,88.0,No,Sunny,0,No Waste,No,Low
INV006996,2025-11-15,Supermarket,Prepared Food,278,182,96,2.0,16.3,182.0,Yes,Hot,27,Expired,No,High
INV006997,2025-11-15,Cloud Kitchen,Prepared Food,93,85,8,1.0,25.9,85.0,No,Cloudy,3,Expired,No,Medium
INV006998,2025-11-15,Supermarket,Prepared Food,230,166,64,2.0,21.5,166.0,No,Sunny,17,Expired,No,Medium
INV006999,2025-11-15,Supermarket,Meat,177,177,0,8.0,1.1,191.0,No,Hot,0,No Waste,No,Low
INV007000,2025-11-15,Restaurant,Vegetables,98,49,49,6.0,11.2,49.0,No,Rainy,17,Overproduction,Yes,High
INV007001,2025-11-15,Restaurant,Vegetables,144,133,11,5.0,5.6,133.0,Yes,Hot,1,Expired,No,Low
INV007002,2025-11-15,Supermarket,Bakery,149,149,0,2.0,23.6,201.0,No,Sunny,0,No Waste,No,Low
INV007003,2025-11-15,Cloud Kitchen,Bakery,96,57,39,3.0,22.7,57.0,No,Rainy,9,Overproduction,Yes,Medium
INV007004,2025-11-16,Cafeteria,Bakery,79,79,0,2.0,22.5,79.0,No,Cloudy,0,No Waste,No,Low
INV007005,2025-11-16,Cafeteria,Dairy,59,59,0,13.0,5.9,67.0,No,Hot,0,No Waste,No,Low
INV007006,2025-11-16,Supermarket,Bakery,166,166,0,4.0,25.2,191.0,Yes,Hot,0,No Waste,No,Low
INV007007,2025-11-16,Supermarket,Vegetables,155,155,0,6.0,10.0,156.0,Yes,Rainy,0,No Waste,No,Low
INV007008,2025-11-16,Cafeteria,Meat,94,84,10,1.0,3.2,84.0,Yes,Cloudy,3,Expired,No,Medium
INV007009,2025-11-16,Restaurant,Prepared Food,127,116,11,1.0,24.4,116.0,Yes,Sunny,5,Expired,No,Medium
INV007010,2025-11-16,Restaurant,Bakery,116,75,41,3.0,15.3,75.0,No,Hot,12,Overproduction,No,High
INV007011,2025-11-16,Cafeteria,Vegetables,63,37,26,7.0,5.0,37.0,No,Rainy,4,Low Demand,No,Medium
INV007012,2025-11-16,Cloud Kitchen,Bakery,121,72,49,1.0,19.2,72.0,No,Rainy,18,Expired,No,High
INV007013,2025-11-16,Supermarket,Fruits,182,142,40,10.0,7.9,142.0,No,Sunny,2,Overproduction,No,Low
INV007014,2025-11-16,Restaurant,Dairy,128,113,15,5.0,5.5,113.0,Yes,Sunny,3,Expired,No,Medium
INV007015,2025-11-16,Restaurant,Meat,118,83,35,1.0,1.0,83.0,No,Cloudy,13,Expired,No,High
INV007016,2025-11-16,Restaurant,Bakery,128,116,12,4.0,18.6,116.0,Yes,Sunny,1,Expired,No,Low
INV007017,2025-11-16,Cloud Kitchen,Fruits,105,105,0,5.0,6.1,110.0,No,Cloudy,0,No Waste,No,Low
INV007018,2025-11-16,Cloud Kitchen,Fruits,118,76,42,4.0,6.7,76.0,No,Rainy,9,Overproduction,No,Medium
INV007019,2025-11-16,Cafeteria,Bakery,228,39,189,1.0,22.5,39.0,No,Rainy,96,Overproduction,Yes,High
INV007020,2025-11-16,Cafeteria,Prepared Food,84,84,0,1.0,13.9,104.0,Yes,Cloudy,0,No Waste,No,Low
INV007021,2025-11-16,Cafeteria,Meat,63,63,0,6.0,0.2,72.0,No,Cloudy,0,No Waste,No,Low
INV007022,2025-11-16,Cloud Kitchen,Vegetables,84,84,0,5.0,8.8,87.0,No,Cloudy,0,No Waste,No,Low
INV007023,2025-11-16,Supermarket,Bakery,179,162,17,3.0,25.3,162.0,No,Hot,5,Expired,No,Medium
INV007024,2025-11-16,Cloud Kitchen,Bakery,126,57,69,2.0,21.3,57.0,No,Rainy,25,Overproduction,Yes,High
INV007025,2025-11-16,Supermarket,Bakery,191,96,95,6.0,18.1,96.0,No,,24,Overproduction,Yes,High
INV007026,2025-11-17,Restaurant,Vegetables,105,63,42,5.0,1.8,63.0,No,Sunny,8,Overproduction,No,Medium
INV007027,2025-11-17,Supermarket,Fruits,173,100,73,3.0,6.7,100.0,No,Rainy,20,Overproduction,Yes,High
INV007028,2025-11-17,Cloud Kitchen,Vegetables,101,55,46,4.0,11.9,55.0,No,Rainy,14,Overproduction,Yes,High
INV007029,2025-11-17,Supermarket,Meat,135,135,0,4.0,2.1,179.0,No,Hot,0,No Waste,No,Low
INV007030,2025-11-17,Cloud Kitchen,Bakery,139,115,24,2.0,17.7,115.0,No,Hot,4,Expired,No,Medium
INV007031,2025-11-17,Cafeteria,Vegetables,69,58,11,10.0,5.4,58.0,No,Cloudy,1,Low Demand,No,Low
INV007032,2025-11-17,Restaurant,Bakery,87,87,0,4.0,25.1,97.0,Yes,Rainy,0,No Waste,No,Low
INV007033,2025-11-17,Cloud Kitchen,Meat,77,77,0,3.0,0.5,80.0,No,Rainy,0,No Waste,No,Low
INV007034,2025-11-17,Supermarket,Vegetables,129,129,0,8.0,9.6,152.0,No,Cloudy,0,No Waste,No,Low
INV007035,2025-11-17,Restaurant,Fruits,63,62,1,9.0,6.2,62.0,No,Cloudy,0,No Waste,No,Low
INV007036,2025-11-17,Cafeteria,Dairy,100,54,46,9.0,2.5,54.0,Yes,Rainy,13,Overproduction,Yes,High
INV007037,2025-11-17,Supermarket,Fruits,208,103,105,2.0,6.0,103.0,No,Rainy,34,Overproduction,Yes,High
INV007038,2025-11-17,Supermarket,Fruits,199,199,0,5.0,6.7,204.0,No,Hot,0,No Waste,No,Low
INV007039,2025-11-17,Restaurant,Fruits,92,89,3,5.0,6.2,89.0,No,Sunny,1,Low Demand,No,Low
INV007040,2025-11-17,Restaurant,Fruits,103,103,0,4.0,5.5,142.0,Yes,Hot,0,No Waste,No,Low
INV007041,2025-11-17,Cloud Kitchen,Vegetables,127,98,29,11.0,9.1,98.0,No,Sunny,3,Low Demand,No,Medium
INV007042,2025-11-17,Restaurant,Fruits,64,64,0,4.0,8.2,105.0,No,Hot,0,No Waste,No,Low
INV007043,2025-11-17,Supermarket,Fruits,195,158,37,7.0,4.7,158.0,No,Sunny,3,Low Demand,Yes,Low
INV007044,2025-11-17,Restaurant,Vegetables,107,82,25,7.0,1.3,82.0,No,Sunny,2,Expired,No,Low
INV007045,2025-11-17,Restaurant,Prepared Food,99,59,40,2.0,22.3,59.0,No,Cloudy,12,Overproduction,No,High
INV007046,2025-11-17,Restaurant,Dairy,62,62,0,3.0,5.3,111.0,No,Hot,0,No Waste,No,Low
INV007047,2025-11-17,Restaurant,Vegetables,81,60,21,6.0,4.3,60.0,No,Rainy,3,Low Demand,No,Medium
INV007048,2025-11-17,Cloud Kitchen,Vegetables,83,83,0,6.0,4.5,153.0,Yes,Hot,0,No Waste,,Low
INV007049,2025-11-17,Restaurant,Prepared Food,77,55,22,1.0,17.0,55.0,No,Rainy,9,Expired,No,High
INV007050,2025-11-17,Cloud Kitchen,Dairy,130,60,70,4.0,6.4,60.0,No,Rainy,23,Overproduction,Yes,High
INV007051,2025-11-18,Supermarket,Bakery,127,123,4,1.0,18.6,123.0,No,Rainy,1,Expired,No,Low
INV007052,2025-11-18,Cloud Kitchen,Prepared Food,84,72,12,1.0,16.9,72.0,No,Rainy,4,Expired,No,Medium
INV007053,2025-11-18,Supermarket,Meat,206,206,0,4.0,-0.6,224.0,Yes,Cloudy,0,No Waste,No,Low
INV007054,2025-11-18,Supermarket,Fruits,158,158,0,5.0,7.7,168.0,No,Sunny,0,No Waste,No,Low
INV007055,2025-11-18,Cloud Kitchen,Vegetables,158,82,76,8.0,4.5,82.0,No,Sunny,16,Overproduction,No,High
INV007056,2025-11-18,Restaurant,Vegetables,83,68,15,,10.5,68.0,No,Cloudy,3,Low Demand,No,Medium
INV007057,2025-11-18,Supermarket,Vegetables,144,144,0,4.0,8.7,162.0,No,Cloudy,0,No Waste,No,Low
INV007058,2025-11-18,Supermarket,Bakery,134,134,0,1.0,,154.0,No,Cloudy,0,No Waste,No,Low
INV007059,2025-11-18,Supermarket,Bakery,119,85,34,1.0,21.6,85.0,No,Rainy,11,Expired,No,High
INV007060,2025-11-18,Supermarket,Dairy,284,170,114,4.0,4.5,170.0,Yes,Cloudy,23,Overproduction,Yes,Medium
INV007061,2025-11-18,Supermarket,Bakery,169,162,7,5.0,26.8,162.0,No,Hot,1,Storage Issue,No,Low
INV007062,2025-11-18,Cafeteria,Fruits,59,48,11,6.0,8.3,48.0,No,Rainy,1,Low Demand,No,Low
INV007063,2025-11-18,Restaurant,Bakery,102,94,8,2.0,24.4,94.0,No,Hot,2,Expired,No,Low
INV007064,2025-11-18,Cloud Kitchen,Meat,72,72,0,5.0,-0.3,120.0,No,Sunny,0,No Waste,No,Low
INV007065,2025-11-18,Cafeteria,Bakery,58,58,0,1.0,15.6,61.0,No,Sunny,0,No Waste,No,Low
INV007066,2025-11-18,Supermarket,Prepared Food,167,167,0,3.0,20.5,219.0,Yes,Hot,0,No Waste,No,Low
INV007067,2025-11-19,Cafeteria,Bakery,60,41,19,,23.4,41.0,No,Rainy,5,Low Demand,Yes,Medium
INV007068,2025-11-19,Cafeteria,Fruits,67,67,0,1.0,4.2,79.0,Yes,Rainy,0,No Waste,No,Low
INV007069,2025-11-19,Supermarket,Fruits,156,129,27,10.0,11.0,129.0,No,Rainy,5,Storage Issue,No,Medium
INV007070,2025-11-19,Cafeteria,Fruits,42,42,0,7.0,10.5,85.0,No,,0,No Waste,No,Low
INV007071,2025-11-19,Supermarket,Prepared Food,285,192,93,1.0,19.2,192.0,Yes,Cloudy,34,Expired,No,High
INV007072,2025-11-19,Cloud Kitchen,Prepared Food,134,98,36,1.0,,98.0,No,Cloudy,13,Expired,No,High
INV007073,2025-11-19,Restaurant,Meat,62,62,0,6.0,-1.0,67.0,No,Sunny,0,No Waste,No,Low
INV007074,2025-11-19,Supermarket,Dairy,162,162,0,1.0,1.6,173.0,No,Hot,0,No Waste,No,Low
INV007075,2025-11-19,Cafeteria,Fruits,64,64,0,6.0,6.5,80.0,Yes,Sunny,0,No Waste,No,Low
INV007076,2025-11-19,Cafeteria,Vegetables,73,61,12,8.0,5.4,,No,Hot,1,Low Demand,No,Low
INV007077,2025-11-19,Restaurant,Vegetables,100,95,5,7.0,9.6,95.0,No,Hot,1,Low Demand,No,Low
INV007078,2025-11-19,Restaurant,Meat,126,73,53,3.0,5.4,73.0,No,Hot,15,Overproduction,Yes,High
INV007079,2025-11-19,Cafeteria,Prepared Food,73,39,34,1.0,17.4,39.0,No,Rainy,14,Low Demand,Yes,High
INV007080,2025-11-19,Supermarket,Vegetables,223,216,7,9.0,8.0,216.0,Yes,Cloudy,0,No Waste,No,Low
INV007081,2025-11-19,Cafeteria,Meat,59,51,8,6.0,5.8,51.0,No,Cloudy,2,Low Demand,No,Medium
INV007082,2025-11-19,Cafeteria,Vegetables,55,41,14,5.0,1.7,41.0,No,Rainy,3,Low Demand,No,Medium
INV007083,2025-11-19,Cloud Kitchen,Bakery,108,108,0,3.0,20.7,148.0,No,Hot,0,No Waste,No,Low
INV007084,2025-11-19,Restaurant,Bakery,72,72,0,3.0,21.6,82.0,No,Sunny,0,No Waste,No,Low
INV007085,2025-11-19,Restaurant,Meat,76,54,22,3.0,-0.8,54.0,No,Rainy,6,Low Demand,No,Medium
INV007086,2025-11-19,Cafeteria,Meat,74,74,0,4.0,4.3,76.0,No,Sunny,0,No Waste,No,Low
INV007087,2025-11-19,Restaurant,Prepared Food,69,64,5,1.0,16.8,64.0,No,,1,Expired,No,Low
INV007088,2025-11-19,Supermarket,Bakery,145,145,0,5.0,22.0,165.0,No,Hot,0,No Waste,No,Low
INV007089,2025-11-19,Cafeteria,Meat,62,62,0,3.0,2.0,63.0,No,Hot,0,No Waste,No,Low
INV007090,2025-11-19,Supermarket,Fruits,138,134,4,2.0,7.0,134.0,No,Sunny,1,Expired,No,Low
INV007091,2025-11-20,Restaurant,Prepared Food,70,70,0,2.0,22.1,74.0,No,Hot,0,No Waste,No,Low
INV007092,2025-11-20,Cafeteria,Dairy,73,40,33,4.0,2.7,40.0,No,Rainy,9,Overproduction,Yes,High
INV007093,2025-11-20,Restaurant,Meat,80,80,0,6.0,2.7,118.0,Yes,Sunny,0,No Waste,No,Low
INV007094,2025-11-20,Cafeteria,Fruits,65,39,26,7.0,5.9,39.0,No,Rainy,6,Low Demand,Yes,High
INV007095,2025-11-20,Restaurant,Dairy,70,70,0,11.0,1.9,95.0,Yes,Cloudy,0,No Waste,No,Low
INV007096,2025-11-20,Cloud Kitchen,Vegetables,113,113,0,7.0,0.1,124.0,Yes,Cloudy,0,No Waste,No,Low
INV007097,2025-11-20,Restaurant,Prepared Food,84,74,10,1.0,23.2,74.0,No,Cloudy,4,Expired,No,Medium
INV007098,2025-11-20,Restaurant,Dairy,75,74,1,9.0,5.2,74.0,No,Cloudy,0,No Waste,No,Low
INV007099,2025-11-20,Cloud Kitchen,Fruits,87,82,5,5.0,2.9,82.0,No,Cloudy,0,No Waste,No,Low
INV007100,2025-11-20,Supermarket,Prepared Food,182,179,3,3.0,31.4,179.0,No,Sunny,1,Storage Issue,No,Low
INV007101,2025-11-20,Supermarket,Prepared Food,177,146,31,1.0,24.5,146.0,No,Sunny,13,Expired,No,Medium
INV007102,2025-11-20,Supermarket,Vegetables,190,132,58,9.0,3.5,132.0,No,Sunny,10,Overproduction,,Medium
INV007103,2025-11-20,Cafeteria,Vegetables,73,61,12,3.0,4.9,61.0,No,Cloudy,2,Low Demand,No,Medium
INV007104,2025-11-20,Supermarket,Vegetables,146,146,0,6.0,4.0,168.0,No,Sunny,0,No Waste,No,Low
INV007105,2025-11-20,Supermarket,Prepared Food,109,109,0,1.0,21.1,116.0,No,Rainy,0,No Waste,No,Low
INV007106,2025-11-21,Cloud Kitchen,Fruits,147,98,49,5.0,14.1,98.0,No,Sunny,15,Storage Issue,Yes,High
INV007107,2025-11-21,Supermarket,Dairy,159,135,24,10.0,4.4,135.0,No,Cloudy,2,Overproduction,No,Low
INV007108,2025-11-21,Cloud Kitchen,Bakery,97,77,20,2.0,15.0,77.0,No,Rainy,5,Low Demand,No,Medium
INV007109,2025-11-21,Cafeteria,Prepared Food,55,55,0,1.0,19.7,,No,,0,No Waste,No,Low
INV007110,2025-11-21,Cloud Kitchen,Dairy,156,82,74,9.0,2.5,82.0,No,Cloudy,15,Overproduction,Yes,High
INV007111,2025-11-21,Restaurant,Vegetables,83,83,0,7.0,9.0,90.0,No,Hot,0,No Waste,No,Low
INV007112,2025-11-21,Cloud Kitchen,Bakery,81,81,0,1.0,24.0,101.0,No,Cloudy,0,No Waste,No,Low
INV007113,2025-11-21,Cloud Kitchen,Meat,110,82,28,5.0,0.3,82.0,No,Sunny,5,Low Demand,No,Medium
INV007114,2025-11-21,Cloud Kitchen,Fruits,142,124,18,3.0,7.8,124.0,No,Cloudy,3,Expired,No,Medium
INV007115,2025-11-21,Restaurant,Fruits,98,98,0,3.0,9.0,102.0,Yes,Cloudy,0,No Waste,No,Low
INV007116,2025-11-21,Restaurant,Bakery,89,61,28,4.0,21.4,61.0,No,Rainy,7,Low Demand,Yes,Medium
INV007117,2025-11-21,Supermarket,Fruits,161,146,15,5.0,10.4,146.0,No,Sunny,2,Expired,No,Low
INV007118,2025-11-21,Supermarket,Dairy,171,171,0,1.0,4.6,193.0,No,Hot,0,No Waste,No,Low
INV007119,2025-11-21,Supermarket,Bakery,211,122,89,5.0,23.0,122.0,No,Sunny,16,Overproduction,Yes,Medium
INV007120,2025-11-21,Supermarket,Dairy,171,171,0,4.0,0.0,234.0,Yes,Hot,0,No Waste,No,Low
INV007121,2025-11-21,Supermarket,Bakery,223,223,0,1.0,27.0,242.0,Yes,Sunny,0,No Waste,No,Low
INV007122,2025-11-21,Cloud Kitchen,Dairy,129,91,38,10.0,4.6,91.0,No,Hot,6,Overproduction,Yes,Medium
INV007123,2025-11-21,Cafeteria,Meat,76,63,13,3.0,0.5,63.0,No,Sunny,3,Low Demand,No,Medium
INV007124,2025-11-21,Cloud Kitchen,Dairy,127,58,69,2.0,5.1,58.0,No,Rainy,29,Overproduction,No,High
INV007125,2025-11-21,Restaurant,Vegetables,85,65,20,7.0,5.0,65.0,No,,3,Low Demand,No,Medium
INV007126,2025-11-21,Supermarket,Dairy,188,168,20,3.0,,168.0,No,Sunny,2,Expired,No,Low
INV007127,2025-11-21,Cloud Kitchen,Bakery,156,132,24,5.0,19.3,132.0,Yes,Cloudy,4,Expired,No,Medium
INV007128,2025-11-21,Cloud Kitchen,Vegetables,101,62,39,6.0,7.0,62.0,No,Rainy,6,Overproduction,No,Medium
INV007129,2025-11-21,Supermarket,Meat,182,129,53,1.0,2.7,129.0,No,Sunny,20,Expired,No,High
INV007130,2025-11-21,Supermarket,Meat,211,211,0,4.0,-2.2,213.0,Yes,Sunny,0,No Waste,No,Low
INV007131,2025-11-21,Cloud Kitchen,Prepared Food,176,114,62,2.0,19.2,114.0,No,Sunny,16,Overproduction,Yes,High
INV007132,2025-11-22,Restaurant,Vegetables,72,72,0,5.0,6.2,74.0,No,Hot,0,No Waste,No,Low
INV007133,2025-11-22,Supermarket,Vegetables,207,207,0,7.0,6.0,209.0,No,,0,No Waste,No,Low
INV007134,2025-11-22,Cafeteria,Bakery,70,49,21,3.0,24.9,49.0,No,Cloudy,7,Low Demand,No,High
INV007135,2025-11-22,Supermarket,Fruits,185,138,47,6.0,9.3,138.0,No,Hot,6,Storage Issue,No,Medium
INV007136,2025-11-22,Cafeteria,Vegetables,51,51,0,10.0,9.6,63.0,No,Sunny,0,No Waste,No,Low
INV007137,2025-11-22,Supermarket,Vegetables,202,130,72,8.0,10.3,130.0,No,Sunny,16,Overproduction,Yes,Medium
INV007138,2025-11-22,Cloud Kitchen,Bakery,116,116,0,2.0,,164.0,Yes,Sunny,0,No Waste,No,Low
INV007139,2025-11-22,Restaurant,Dairy,89,89,0,5.0,4.8,91.0,No,Sunny,0,No Waste,No,Low
INV007140,2025-11-22,Restaurant,Vegetables,92,72,20,10.0,3.9,72.0,No,Sunny,3,Low Demand,No,Medium
INV007141,2025-11-22,Supermarket,Prepared Food,143,143,0,2.0,22.4,145.0,No,Hot,0,No Waste,No,Low
INV007142,2025-11-22,Cafeteria,Bakery,82,39,43,5.0,20.9,39.0,No,Rainy,11,Overproduction,No,High
INV007143,2025-11-22,Supermarket,Vegetables,116,116,0,6.0,7.2,203.0,No,Sunny,0,No Waste,No,Low
INV007144,2025-11-22,Cafeteria,Dairy,60,60,0,2.0,4.3,89.0,No,Sunny,0,No Waste,No,Low
INV007145,2025-11-22,Restaurant,Prepared Food,86,49,37,2.0,21.0,49.0,No,Rainy,13,Overproduction,No,High
INV007146,2025-11-22,Supermarket,Dairy,158,106,52,7.0,2.5,106.0,No,Sunny,10,Overproduction,No,Medium
INV007147,2025-11-22,Cafeteria,Vegetables,86,68,18,,6.3,68.0,No,Cloudy,3,Low Demand,No,Medium
INV007148,2025-11-22,Cloud Kitchen,Meat,98,94,4,5.0,2.0,94.0,No,Sunny,0,No Waste,No,Low
INV007149,2025-11-22,Cloud Kitchen,Dairy,95,79,16,7.0,3.9,79.0,No,Hot,2,Low Demand,No,Medium
INV007150,2025-11-22,Supermarket,Prepared Food,193,159,34,1.0,24.3,159.0,No,Sunny,13,Expired,No,Medium
INV007151,2025-11-22,Restaurant,Meat,82,82,0,3.0,0.9,83.0,No,Cloudy,0,No Waste,No,Low
INV007152,2025-11-23,Restaurant,Prepared Food,42,42,0,2.0,12.5,78.0,No,Cloudy,0,No Waste,No,Low
INV007153,2025-11-23,Cloud Kitchen,Vegetables,154,154,0,9.0,4.8,170.0,Yes,Sunny,0,No Waste,No,Low
INV007154,2025-11-23,Cafeteria,Dairy,47,47,0,6.0,0.3,56.0,No,Hot,0,No Waste,No,Low
INV007155,2025-11-23,Restaurant,Meat,79,79,0,6.0,2.5,91.0,No,Sunny,0,No Waste,No,Low
INV007156,2025-11-23,Supermarket,Vegetables,134,134,0,,4.7,182.0,No,Sunny,0,No Waste,No,Low
INV007157,2025-11-23,Cafeteria,Vegetables,71,68,3,8.0,-0.9,68.0,Yes,Cloudy,0,No Waste,No,Low
INV007158,2025-11-23,Cafeteria,Dairy,71,71,0,7.0,4.2,71.0,No,Cloudy,0,No Waste,No,Low
INV007159,2025-11-23,Cloud Kitchen,Vegetables,143,94,49,8.0,4.5,94.0,Yes,Rainy,7,Overproduction,No,Medium
INV007160,2025-11-23,Supermarket,Bakery,199,128,71,2.0,21.9,128.0,No,Cloudy,19,Overproduction,Yes,High
INV007161,2025-11-23,Supermarket,Bakery,128,128,0,3.0,19.4,172.0,No,Cloudy,0,No Waste,No,Low
INV007162,2025-11-23,Cloud Kitchen,Vegetables,79,74,5,5.0,1.3,74.0,No,Rainy,1,Low Demand,No,Low
INV007163,2025-11-23,Supermarket,Dairy,229,118,111,4.0,5.9,118.0,No,Cloudy,33,Overproduction,Yes,High
INV007164,2025-11-23,Restaurant,Bakery,76,65,11,1.0,14.4,65.0,No,Rainy,4,Expired,,Medium
INV007165,2025-11-23,Supermarket,Vegetables,190,103,87,7.0,7.8,103.0,No,Rainy,18,Overproduction,Yes,High
INV007166,2025-11-23,Cloud Kitchen,Fruits,91,91,0,3.0,9.2,111.0,No,Sunny,0,No Waste,No,Low
INV007167,2025-11-23,Restaurant,Meat,101,91,10,1.0,-1.2,91.0,No,Sunny,4,Expired,No,Medium
INV007168,2025-11-23,Supermarket,Vegetables,218,135,83,7.0,5.6,135.0,No,Rainy,21,Overproduction,Yes,High
INV007169,2025-11-23,Supermarket,Bakery,179,154,25,4.0,21.9,154.0,No,Cloudy,5,Low Demand,No,Medium
INV007170,2025-11-23,Cloud Kitchen,Meat,141,104,37,4.0,0.1,104.0,No,Sunny,5,Overproduction,Yes,Medium
INV007171,2025-11-23,Cloud Kitchen,Fruits,69,69,0,8.0,1.4,88.0,No,Cloudy,0,No Waste,No,Low
INV007172,2025-11-23,Supermarket,Vegetables,190,190,0,4.0,7.3,215.0,Yes,Hot,0,No Waste,No,Low
INV007173,2025-11-23,Restaurant,Prepared Food,67,67,0,1.0,14.5,71.0,No,Cloudy,0,No Waste,No,Low
INV007174,2025-11-23,Restaurant,Prepared Food,92,69,23,2.0,17.9,69.0,No,Cloudy,5,Expired,No,Medium
INV007175,2025-11-23,Restaurant,Fruits,81,81,0,7.0,10.3,107.0,No,Sunny,0,No Waste,No,Low
INV007176,2025-11-24,Supermarket,Meat,127,127,0,5.0,1.5,128.0,No,Hot,0,No Waste,No,High
INV007177,2025-11-24,Cafeteria,Fruits,65,58,7,3.0,14.5,58.0,No,Sunny,2,Storage Issue,No,Medium
INV007178,2025-11-24,Supermarket,Prepared Food,165,151,14,1.0,23.0,151.0,No,Cloudy,5,Expired,,Medium
INV007179,2025-11-24,Cafeteria,Bakery,265,101,164,1.0,25.0,101.0,Yes,Hot,79,Overproduction,Yes,High
INV007180,2025-11-24,Cafeteria,Fruits,77,63,14,8.0,9.5,63.0,No,Hot,1,Low Demand,No,Low
INV007181,2025-11-24,Supermarket,Vegetables,139,139,0,6.0,5.7,177.0,No,Sunny,0,No Waste,No,Low
INV007182,2025-11-24,Cloud Kitchen,Bakery,94,94,0,2.0,18.3,128.0,No,Hot,0,No Waste,No,Low
INV007183,2025-11-24,Cloud Kitchen,Meat,80,65,15,8.0,3.3,65.0,No,Rainy,2,Low Demand,Yes,Medium
INV007184,2025-11-24,Cloud Kitchen,Fruits,88,88,0,8.0,8.1,94.0,No,Sunny,0,No Waste,No,Low
INV007185,2025-11-24,Restaurant,Bakery,75,75,0,2.0,25.8,107.0,No,Sunny,0,No Waste,No,Low
INV007186,2025-11-24,Supermarket,Bakery,171,119,52,3.0,21.5,119.0,No,Sunny,13,Overproduction,No,Medium
INV007187,2025-11-24,Supermarket,Dairy,150,150,0,8.0,1.9,153.0,Yes,Rainy,0,No Waste,No,Low
INV007188,2025-11-24,Restaurant,Vegetables,110,109,1,7.0,11.9,109.0,Yes,Sunny,0,No Waste,No,Low
INV007189,2025-11-24,Restaurant,Fruits,111,111,0,,10.5,122.0,Yes,Cloudy,0,No Waste,No,Low
INV007190,2025-11-24,Restaurant,Dairy,87,79,8,13.0,4.2,79.0,No,Sunny,1,Low Demand,No,Low
INV007191,2025-11-24,Cloud Kitchen,Bakery,123,77,46,2.0,21.5,77.0,No,Cloudy,18,Expired,No,High
INV007192,2025-11-24,Restaurant,Dairy,103,68,35,12.0,5.9,68.0,No,Sunny,4,Overproduction,No,Medium
INV007193,2025-11-24,Restaurant,Dairy,92,77,15,7.0,3.0,77.0,No,Hot,3,Low Demand,No,Medium
INV007194,2025-11-24,Supermarket,Bakery,151,85,66,5.0,16.6,85.0,No,Rainy,16,Overproduction,No,High
INV007195,2025-11-24,Cafeteria,Fruits,56,56,0,6.0,7.3,59.0,No,Cloudy,0,No Waste,No,Low
INV007196,2025-11-24,Supermarket,Fruits,187,145,42,3.0,6.2,145.0,No,Cloudy,8,Expired,No,Medium
INV007197,2025-11-24,Cloud Kitchen,Prepared Food,135,126,9,1.0,20.8,126.0,Yes,Sunny,3,Expired,No,Medium
INV007198,2025-11-24,Restaurant,Bakery,86,86,0,2.0,28.9,111.0,No,Sunny,0,No Waste,No,Low
INV007199,2025-11-25,Cloud Kitchen,Fruits,125,125,0,4.0,11.4,141.0,Yes,Cloudy,0,No Waste,No,Low
INV007200,2025-11-25,Cloud Kitchen,Meat,63,63,0,4.0,4.8,96.0,No,Hot,0,No Waste,No,Low
INV007201,2025-11-25,Restaurant,Dairy,95,87,8,9.0,2.3,87.0,No,Sunny,0,No Waste,No,Low
INV007202,2025-11-25,Cafeteria,Vegetables,60,60,0,6.0,3.0,66.0,No,Sunny,0,No Waste,No,Low
INV007203,2025-11-25,Supermarket,Vegetables,195,117,78,7.0,10.6,117.0,No,Rainy,18,Overproduction,Yes,High
INV007204,2025-11-25,Supermarket,Meat,193,88,105,5.0,2.9,88.0,No,Rainy,25,Overproduction,Yes,High
INV007205,2025-11-25,Supermarket,Prepared Food,209,150,59,2.0,16.4,150.0,No,Sunny,11,Expired,No,Medium
INV007206,2025-11-25,Restaurant,Bakery,116,82,34,2.0,26.8,82.0,No,Cloudy,12,Expired,No,High
INV007207,2025-11-25,Cafeteria,Bakery,60,60,0,3.0,24.8,100.0,Yes,Hot,0,No Waste,No,Low
INV007208,2025-11-25,Cloud Kitchen,Fruits,142,132,10,7.0,2.3,132.0,Yes,Cloudy,1,Expired,No,Low
INV007209,2025-11-25,Cloud Kitchen,Fruits,85,85,0,3.0,5.3,168.0,Yes,Sunny,0,No Waste,No,Low
INV007210,2025-11-25,Cafeteria,Vegetables,57,57,0,8.0,2.0,68.0,No,Cloudy,0,No Waste,No,Low
INV007211,2025-11-25,Restaurant,Prepared Food,95,67,28,1.0,15.1,67.0,No,Cloudy,10,Expired,No,High
INV007212,2025-11-25,Supermarket,Fruits,194,185,9,5.0,5.8,185.0,No,Sunny,1,Expired,No,Low
INV007213,2025-11-25,Cloud Kitchen,Fruits,125,96,29,3.0,12.8,96.0,No,Cloudy,8,Storage Issue,No,Medium
INV007214,2025-11-25,Supermarket,Meat,205,135,70,8.0,-1.0,135.0,No,Sunny,13,Overproduction,Yes,Medium
INV007215,2025-11-25,Supermarket,Fruits,156,156,0,8.0,8.4,159.0,No,Sunny,0,No Waste,No,Low
INV007216,2025-11-25,Cloud Kitchen,Bakery,114,114,0,5.0,22.1,,Yes,Sunny,0,No Waste,No,Low
INV007217,2025-11-25,Supermarket,Prepared Food,153,153,0,1.0,27.7,154.0,No,Hot,0,No Waste,No,Low
INV007218,2025-11-25,Restaurant,Bakery,81,81,0,4.0,20.5,82.0,No,,0,No Waste,No,Low
INV007219,2025-11-25,Restaurant,Prepared Food,109,59,50,1.0,19.0,59.0,No,Cloudy,21,Overproduction,Yes,High
INV007220,2025-11-25,Supermarket,Prepared Food,176,148,28,1.0,23.7,148.0,No,Cloudy,11,Expired,No,Medium
INV007221,2025-11-26,Restaurant,Dairy,99,99,0,2.0,1.9,138.0,Yes,Sunny,0,No Waste,No,Low
INV007222,2025-11-26,Cafeteria,Dairy,50,46,4,9.0,3.2,46.0,No,Sunny,1,Low Demand,No,Low
INV007223,2025-11-26,Supermarket,Bakery,208,130,78,2.0,22.0,130.0,No,Hot,24,Overproduction,Yes,High
INV007224,2025-11-26,Supermarket,Prepared Food,220,172,48,2.0,16.9,172.0,No,Sunny,14,Expired,No,Medium
INV007225,2025-11-26,Cafeteria,Meat,52,52,0,4.0,2.9,69.0,No,Sunny,0,No Waste,No,Low
INV007226,2025-11-26,Supermarket,Bakery,136,104,32,3.0,20.7,104.0,No,Rainy,8,Overproduction,No,Medium
INV007227,2025-11-26,Restaurant,Dairy,75,75,0,7.0,7.2,87.0,No,Sunny,0,No Waste,No,Low
INV007228,2025-11-26,Supermarket,Vegetables,200,188,12,6.0,,188.0,No,Cloudy,1,Expired,No,Low
INV007229,2025-11-26,Cloud Kitchen,Fruits,86,83,3,5.0,6.4,83.0,No,Cloudy,0,No Waste,No,Low
INV007230,2025-11-26,Cloud Kitchen,Fruits,133,114,19,6.0,8.4,114.0,Yes,Sunny,3,Low Demand,No,Medium
INV007231,2025-11-26,Restaurant,Fruits,111,71,40,5.0,4.4,71.0,No,Cloudy,6,Overproduction,No,Medium
INV007232,2025-11-26,Cloud Kitchen,Meat,90,90,0,7.0,1.8,94.0,No,Sunny,0,No Waste,No,Low
INV007233,2025-11-26,Supermarket,Fruits,153,113,40,2.0,8.3,113.0,No,Cloudy,10,Expired,No,Medium
INV007234,2025-11-26,Cafeteria,Fruits,69,54,15,3.0,8.2,54.0,No,Sunny,3,Low Demand,No,Medium
INV007235,2025-11-26,Restaurant,Bakery,115,80,35,4.0,27.2,80.0,Yes,Cloudy,10,Storage Issue,Yes,Medium
INV007236,2025-11-26,Restaurant,Dairy,85,85,0,7.0,5.4,100.0,No,Hot,0,No Waste,No,Low
INV007237,2025-11-26,Restaurant,Bakery,85,85,0,4.0,20.9,90.0,No,Cloudy,0,No Waste,No,Low
INV007238,2025-11-26,Supermarket,Fruits,218,131,87,2.0,11.9,131.0,Yes,Rainy,34,Expired,No,High
INV007239,2025-11-26,Cafeteria,Meat,60,60,0,3.0,,67.0,No,Sunny,0,No Waste,No,Low
INV007240,2025-11-26,Cloud Kitchen,Meat,111,100,11,4.0,-0.2,100.0,No,Hot,2,Expired,No,Low
INV007241,2025-11-26,Cafeteria,Prepared Food,45,45,0,,16.7,66.0,No,Sunny,0,No Waste,No,Low
INV007242,2025-11-26,Restaurant,Prepared Food,81,79,2,3.0,16.8,79.0,Yes,Rainy,0,No Waste,No,Low
INV007243,2025-11-26,Restaurant,Bakery,107,44,63,4.0,23.8,44.0,No,Rainy,22,Overproduction,Yes,High
INV007244,2025-11-26,Restaurant,Dairy,96,76,20,6.0,4.8,76.0,Yes,,4,Low Demand,No,Medium
INV007245,2025-11-27,Restaurant,Meat,89,40,49,3.0,1.5,40.0,No,Rainy,15,Overproduction,No,High
INV007246,2025-11-27,Cafeteria,Dairy,67,67,0,10.0,3.9,86.0,Yes,Cloudy,0,No Waste,No,Low
INV007247,2025-11-27,Supermarket,Bakery,162,162,0,4.0,15.3,169.0,No,Sunny,0,No Waste,No,Low
INV007248,2025-11-27,Cloud Kitchen,Prepared Food,132,132,0,1.0,,,Yes,Sunny,0,No Waste,No,Low
INV007249,2025-11-27,Restaurant,Dairy,95,84,11,7.0,5.0,84.0,No,Hot,1,Low Demand,No,Low
INV007250,2025-11-27,Restaurant,Dairy,79,79,0,7.0,3.9,92.0,No,Hot,0,No Waste,No,Low
INV007251,2025-11-27,Cloud Kitchen,Meat,102,102,0,6.0,4.4,105.0,No,Cloudy,0,No Waste,No,Low
INV007252,2025-11-27,Supermarket,Meat,204,92,112,6.0,0.9,92.0,No,Rainy,28,Overproduction,Yes,High
INV007253,2025-11-27,Restaurant,Meat,64,63,1,4.0,1.6,63.0,No,Sunny,0,No Waste,No,Low
INV007254,2025-11-27,Cloud Kitchen,Fruits,73,73,0,5.0,8.4,86.0,No,Sunny,0,No Waste,No,Low
INV007255,2025-11-27,Supermarket,Meat,176,152,24,4.0,3.7,152.0,No,Sunny,4,Expired,No,Medium
INV007256,2025-11-27,Supermarket,Prepared Food,98,98,0,1.0,16.9,156.0,No,Hot,0,No Waste,No,Low
INV007257,2025-11-27,Supermarket,Fruits,190,190,0,8.0,4.3,222.0,Yes,Sunny,0,No Waste,No,Low
INV007258,2025-11-27,Supermarket,Vegetables,153,101,52,6.0,4.4,101.0,No,Rainy,11,Overproduction,Yes,Medium
INV007259,2025-11-27,Cafeteria,Meat,82,77,5,4.0,4.4,77.0,Yes,Hot,1,Storage Issue,No,Low
INV007260,2025-11-27,Cafeteria,Prepared Food,64,55,9,2.0,18.2,55.0,No,Hot,2,Expired,No,Medium
INV007261,2025-11-27,Cloud Kitchen,Bakery,155,155,0,3.0,20.0,164.0,Yes,Sunny,0,No Waste,No,Low
INV007262,2025-11-27,Supermarket,Vegetables,102,102,0,3.0,3.9,210.0,Yes,Cloudy,0,No Waste,No,Low
INV007263,2025-11-27,Restaurant,Dairy,95,74,21,2.0,5.1,74.0,No,Cloudy,5,Expired,No,Medium
INV007264,2025-11-28,Supermarket,Prepared Food,175,137,38,2.0,21.4,137.0,No,Cloudy,11,Expired,No,Medium
INV007265,2025-11-28,Restaurant,Prepared Food,96,52,44,2.0,18.1,52.0,No,Rainy,11,Overproduction,Yes,High
INV007266,2025-11-28,Restaurant,Meat,90,90,0,6.0,4.4,91.0,No,Sunny,0,No Waste,No,Low
INV007267,2025-11-28,Restaurant,Prepared Food,86,61,25,2.0,22.0,61.0,No,Rainy,5,Low Demand,No,Medium
INV007268,2025-11-28,Restaurant,Meat,91,66,25,1.0,2.0,66.0,No,Cloudy,8,Expired,No,High
INV007269,2025-11-28,Restaurant,Vegetables,68,68,0,7.0,2.5,105.0,No,Hot,0,No Waste,No,Low
INV007270,2025-11-28,Restaurant,Bakery,89,81,8,2.0,27.7,81.0,No,Rainy,2,Storage Issue,No,Medium
INV007271,2025-11-28,Restaurant,Fruits,98,67,31,9.0,8.0,67.0,No,Cloudy,6,Overproduction,Yes,Medium
INV007272,2025-11-28,Cafeteria,Vegetables,65,61,4,6.0,3.2,61.0,No,Hot,0,No Waste,No,Low
INV007273,2025-11-28,Cafeteria,Fruits,82,43,39,5.0,8.8,43.0,No,Rainy,9,Overproduction,No,High
INV007274,2025-11-28,Supermarket,Dairy,175,129,46,6.0,8.2,129.0,No,Cloudy,13,Overproduction,No,Medium
INV007275,2025-11-28,Supermarket,Dairy,152,117,35,4.0,3.4,117.0,Yes,Rainy,8,Overproduction,Yes,Medium
INV007276,2025-11-28,Supermarket,Meat,194,164,30,3.0,0.1,164.0,No,Hot,6,Expired,No,Low
INV007277,2025-11-28,Cafeteria,Vegetables,72,57,15,5.0,6.5,57.0,No,Sunny,3,Low Demand,No,Medium
INV007278,2025-11-28,Supermarket,Vegetables,157,150,7,7.0,3.7,150.0,No,Sunny,1,Expired,No,Low
INV007279,2025-11-28,Supermarket,Vegetables,165,102,63,4.0,4.2,102.0,No,Rainy,14,Overproduction,No,Medium
INV007280,2025-11-28,Cloud Kitchen,Prepared Food,99,74,25,2.0,22.0,74.0,No,Rainy,8,Expired,No,Medium
INV007281,2025-11-28,Cafeteria,Bakery,76,55,21,2.0,24.4,55.0,No,Hot,8,Low Demand,No,High
INV007282,2025-11-28,Supermarket,Bakery,208,176,32,3.0,23.3,176.0,No,Sunny,10,Expired,No,Medium
INV007283,2025-11-28,Cafeteria,Meat,84,58,26,5.0,0.7,58.0,No,Sunny,4,Overproduction,No,Medium
INV007284,2025-11-28,Cloud Kitchen,Bakery,113,79,34,2.0,20.8,79.0,No,Cloudy,10,Expired,No,High
INV007285,2025-11-28,Cafeteria,Dairy,81,68,13,10.0,0.1,68.0,No,Sunny,0,No Waste,No,Low
INV007286,2025-11-28,Restaurant,Meat,116,77,39,2.0,0.6,77.0,Yes,Rainy,12,Overproduction,Yes,Low
INV007287,2025-11-28,Restaurant,Vegetables,83,83,0,3.0,3.8,90.0,Yes,Sunny,0,No Waste,No,Low
INV007288,2025-11-28,Supermarket,Bakery,126,126,0,4.0,17.9,153.0,No,Hot,0,No Waste,No,Low
INV007289,2025-11-28,Cafeteria,Vegetables,49,49,0,9.0,6.7,55.0,No,Sunny,0,No Waste,No,Low
INV007290,2025-11-29,Cloud Kitchen,Meat,106,106,0,4.0,0.8,177.0,Yes,Hot,0,No Waste,No,Low
INV007291,2025-11-29,Restaurant,Vegetables,93,72,21,,6.4,72.0,Yes,Rainy,3,Low Demand,No,Medium
INV007292,2025-11-29,Cloud Kitchen,Prepared Food,148,109,39,2.0,24.5,109.0,No,Cloudy,12,Overproduction,No,Medium
INV007293,2025-11-29,Supermarket,Vegetables,256,211,45,7.0,3.6,211.0,Yes,Hot,6,Overproduction,No,Medium
INV007294,2025-11-29,Cafeteria,Fruits,49,49,0,7.0,4.5,66.0,No,Sunny,0,No Waste,No,Low
INV007295,2025-11-29,Cloud Kitchen,Vegetables,121,96,25,5.0,6.6,96.0,No,Sunny,3,Overproduction,No,Medium
INV007296,2025-11-29,Cafeteria,Bakery,56,40,16,3.0,27.8,40.0,No,Rainy,5,Low Demand,No,High
INV007297,2025-11-29,Supermarket,Fruits,136,136,0,5.0,8.1,167.0,No,Cloudy,0,No Waste,No,Low
INV007298,2025-11-29,Supermarket,Meat,181,181,0,3.0,0.3,214.0,Yes,Hot,0,No Waste,No,Low
INV007299,2025-11-29,Cloud Kitchen,Fruits,92,60,32,6.0,7.3,60.0,No,Rainy,7,Overproduction,No,Medium
INV007300,2025-11-29,Restaurant,Bakery,69,69,0,5.0,21.6,75.0,No,Cloudy,0,No Waste,No,Low
INV007301,2025-11-29,Supermarket,Prepared Food,198,136,62,1.0,26.9,136.0,No,Cloudy,26,Storage Issue,Yes,High
INV007302,2025-11-29,Supermarket,Fruits,214,177,37,5.0,4.7,177.0,No,Sunny,6,Expired,No,Medium
INV007303,2025-11-29,Cafeteria,Fruits,72,37,35,4.0,6.6,37.0,No,Rainy,8,Overproduction,No,High
INV007304,2025-11-29,Cloud Kitchen,Fruits,75,67,8,4.0,11.1,67.0,No,Rainy,2,Low Demand,No,Medium
INV007305,2025-11-29,Supermarket,Vegetables,169,169,0,5.0,8.6,183.0,No,Sunny,0,No Waste,No,Low
INV007306,2025-11-29,Supermarket,Dairy,215,186,29,5.0,3.6,186.0,Yes,Cloudy,4,Low Demand,No,Low
INV007307,2025-11-29,Cloud Kitchen,Meat,113,59,54,5.0,-2.2,59.0,No,Rainy,13,Overproduction,Yes,High
INV007308,2025-11-29,Restaurant,Meat,119,70,49,8.0,3.5,70.0,No,Sunny,11,Overproduction,Yes,High
INV007309,2025-11-29,Restaurant,Fruits,93,87,6,5.0,7.6,87.0,No,Cloudy,0,No Waste,No,Low
INV007310,2025-11-29,Cloud Kitchen,Fruits,104,104,0,4.0,5.7,106.0,No,Sunny,0,No Waste,No,Medium
INV007311,2025-11-30,Restaurant,Meat,100,66,34,3.0,4.4,66.0,No,Sunny,11,Low Demand,Yes,Low
INV007312,2025-11-30,Supermarket,Bakery,196,171,25,4.0,27.7,171.0,No,Sunny,6,Storage Issue,No,Medium
INV007313,2025-11-30,Supermarket,Fruits,201,171,30,5.0,5.6,171.0,Yes,Rainy,4,Expired,No,Low
INV007314,2025-11-30,Cloud Kitchen,Fruits,120,103,17,3.0,9.1,103.0,No,Sunny,3,Expired,No,Medium
INV007315,2025-11-30,Cafeteria,Vegetables,68,62,6,5.0,6.1,62.0,No,,1,Low Demand,No,High
INV007316,2025-11-30,Restaurant,Prepared Food,92,84,8,1.0,22.5,84.0,No,Hot,3,Expired,No,Medium
INV007317,2025-11-30,Cafeteria,Prepared Food,78,78,0,1.0,24.3,83.0,No,Hot,0,No Waste,No,Low
INV007318,2025-11-30,Restaurant,Prepared Food,83,83,0,3.0,25.9,91.0,No,Sunny,0,No Waste,No,Low
INV007319,2025-11-30,Supermarket,Meat,216,167,49,5.0,4.1,167.0,No,Cloudy,10,Storage Issue,No,Medium
INV007320,2025-11-30,Restaurant,Meat,101,81,20,3.0,0.4,81.0,No,Cloudy,4,Low Demand,No,Medium
INV007321,2025-11-30,Cloud Kitchen,Meat,101,101,0,5.0,-0.1,169.0,Yes,Hot,0,No Waste,No,Low
INV007322,2025-11-30,Restaurant,Meat,83,56,27,3.0,2.3,56.0,Yes,Rainy,7,Low Demand,No,Medium
INV007323,2025-11-30,Supermarket,Meat,186,125,61,3.0,1.3,125.0,No,Rainy,13,Overproduction,Yes,Medium
INV007324,2025-11-30,Restaurant,Prepared Food,117,72,45,1.0,21.8,72.0,No,Sunny,21,Expired,No,High
INV007325,2025-11-30,Supermarket,Vegetables,158,152,6,11.0,3.5,152.0,No,Cloudy,0,No Waste,No,Low
INV007326,2025-11-30,Cafeteria,Vegetables,57,57,0,2.0,2.0,68.0,No,Hot,0,No Waste,No,Low
INV007327,2025-11-30,Restaurant,Dairy,96,64,32,5.0,4.7,64.0,No,Rainy,8,Overproduction,No,Medium
INV007328,2025-11-30,Supermarket,Dairy,135,135,0,4.0,2.6,155.0,No,Cloudy,0,No Waste,No,Low
INV007329,2025-11-30,Cloud Kitchen,Prepared Food,141,89,52,2.0,13.0,89.0,No,Cloudy,14,Expired,No,High
INV007330,2025-11-30,Cafeteria,Vegetables,56,56,0,6.0,5.5,67.0,No,Cloudy,0,No Waste,No,Low
INV007331,2025-11-30,Restaurant,Prepared Food,96,67,29,1.0,24.0,67.0,No,Sunny,13,Expired,No,Medium
INV007332,2025-11-30,Supermarket,Dairy,191,140,51,11.0,5.6,140.0,Yes,Rainy,9,Overproduction,Yes,Medium
INV007333,2025-11-30,Cafeteria,Fruits,68,63,5,7.0,8.9,63.0,No,Sunny,0,No Waste,No,Low
INV007334,2025-12-01,Restaurant,Bakery,92,69,23,2.0,23.5,69.0,No,Rainy,8,Expired,No,Medium
INV007335,2025-12-01,Supermarket,Dairy,223,140,83,5.0,2.4,140.0,No,Sunny,17,Overproduction,No,Medium
INV007336,2025-12-01,Cloud Kitchen,Meat,116,84,32,4.0,0.5,84.0,No,Sunny,6,Overproduction,Yes,Medium
INV007337,2025-12-01,Supermarket,Vegetables,148,146,2,8.0,5.1,146.0,No,Sunny,0,No Waste,No,Low
INV007338,2025-12-01,Restaurant,Bakery,123,104,19,3.0,31.6,104.0,No,Sunny,7,Storage Issue,Yes,Medium
INV007339,2025-12-01,Restaurant,Dairy,115,80,35,6.0,1.2,80.0,No,Sunny,5,Low Demand,No,High
INV007340,2025-12-01,Cafeteria,Bakery,53,53,0,3.0,19.6,71.0,No,Sunny,0,No Waste,No,Low
INV007341,2025-12-01,Restaurant,Fruits,98,90,8,6.0,9.0,90.0,No,Hot,1,Expired,No,Low
INV007342,2025-12-01,Cloud Kitchen,Vegetables,79,79,0,6.0,8.2,87.0,No,Sunny,0,No Waste,No,Low
INV007343,2025-12-01,Supermarket,Dairy,201,108,93,8.0,3.9,108.0,No,Rainy,13,Overproduction,No,Medium
INV007344,2025-12-01,Restaurant,Bakery,83,49,34,5.0,17.8,49.0,No,Rainy,6,Overproduction,Yes,Medium
INV007345,2025-12-01,Supermarket,Fruits,187,187,0,5.0,11.2,191.0,No,Sunny,0,No Waste,No,Low
INV007346,2025-12-01,Supermarket,Fruits,126,126,0,4.0,2.4,155.0,No,Sunny,0,No Waste,No,Low
INV007347,2025-12-01,Restaurant,Meat,97,79,18,8.0,-0.9,79.0,No,Cloudy,1,Low Demand,No,Low
INV007348,2025-12-01,Supermarket,Fruits,143,143,0,,7.7,,No,Hot,0,No Waste,No,Low
INV007349,2025-12-01,Cafeteria,Dairy,55,55,0,4.0,5.1,57.0,No,Sunny,0,No Waste,No,Low
INV007350,2025-12-01,Cafeteria,Vegetables,58,47,11,6.0,7.4,47.0,No,Rainy,1,Low Demand,No,Low
INV007351,2025-12-01,Restaurant,Vegetables,75,60,15,7.0,2.2,60.0,No,Cloudy,2,Low Demand,No,Medium
INV007352,2025-12-01,Supermarket,Meat,175,175,0,3.0,1.1,181.0,No,Sunny,0,No Waste,No,Low
INV007353,2025-12-01,Restaurant,Meat,99,95,4,3.0,0.5,95.0,No,Hot,1,Expired,No,Low
INV007354,2025-12-01,Restaurant,Vegetables,65,65,0,9.0,3.3,85.0,No,Sunny,0,No Waste,No,Low
INV007355,2025-12-01,Restaurant,Vegetables,93,90,3,4.0,10.7,90.0,No,Hot,1,Storage Issue,Yes,Low
INV007356,2025-12-02,Supermarket,Fruits,143,143,0,3.0,8.1,198.0,No,Hot,0,No Waste,No,Low
INV007357,2025-12-02,Cafeteria,Bakery,70,70,0,2.0,23.9,77.0,No,Sunny,0,No Waste,No,Low
INV007358,2025-12-02,Cafeteria,Prepared Food,68,68,0,1.0,18.8,82.0,No,Hot,0,No Waste,No,Low
INV007359,2025-12-02,Supermarket,Prepared Food,175,175,0,1.0,15.5,188.0,No,Hot,0,No Waste,,Low
INV007360,2025-12-02,Restaurant,Prepared Food,71,71,0,2.0,29.5,136.0,No,Hot,0,No Waste,No,Low
INV007361,2025-12-02,Restaurant,Vegetables,97,85,12,4.0,1.5,85.0,No,Hot,2,Expired,No,Medium
INV007362,2025-12-02,Cloud Kitchen,Prepared Food,148,61,87,1.0,22.5,61.0,No,Rainy,42,Overproduction,Yes,High
INV007363,2025-12-02,Cloud Kitchen,Meat,143,143,0,5.0,-2.1,158.0,Yes,Cloudy,0,No Waste,No,Low
INV007364,2025-12-02,Cafeteria,Fruits,61,53,8,6.0,6.7,53.0,No,Cloudy,1,Low Demand,No,Low
INV007365,2025-12-02,Cloud Kitchen,Fruits,120,77,43,5.0,3.8,77.0,No,Rainy,12,Overproduction,No,High
INV007366,2025-12-02,Restaurant,Dairy,101,89,12,1.0,3.7,89.0,No,Cloudy,3,Expired,No,Medium
INV007367,2025-12-02,Cloud Kitchen,Vegetables,102,73,29,8.0,10.6,73.0,No,Rainy,5,Low Demand,No,Medium
INV007368,2025-12-02,Restaurant,Bakery,88,79,9,4.0,18.9,79.0,No,Sunny,0,No Waste,No,Low
INV007369,2025-12-02,Cloud Kitchen,Vegetables,119,98,21,9.0,4.7,98.0,No,Sunny,2,Low Demand,No,Low
INV007370,2025-12-02,Cafeteria,Meat,54,54,0,5.0,1.1,56.0,No,Cloudy,0,No Waste,No,Low
INV007371,2025-12-02,Supermarket,Meat,132,132,0,3.0,3.0,144.0,No,Cloudy,0,No Waste,No,Low
INV007372,2025-12-02,Cloud Kitchen,Fruits,97,89,8,,9.1,89.0,No,Sunny,1,Expired,No,Low
INV007373,2025-12-02,Supermarket,Prepared Food,202,202,0,1.0,20.0,227.0,No,,0,No Waste,No,Low
INV007374,2025-12-02,Restaurant,Bakery,121,121,0,4.0,25.2,126.0,Yes,Sunny,0,No Waste,No,Low
INV007375,2025-12-02,Cloud Kitchen,Prepared Food,94,94,0,2.0,16.5,121.0,No,Hot,0,No Waste,No,Low
INV007376,2025-12-02,Supermarket,Meat,113,99,14,3.0,2.7,99.0,No,Rainy,3,Expired,No,Medium
INV007377,2025-12-02,Supermarket,Fruits,221,136,85,,14.0,136.0,Yes,Rainy,23,Overproduction,Yes,High
INV007378,2025-12-02,Restaurant,Dairy,92,56,36,1.0,2.7,56.0,No,Rainy,13,Expired,No,High
INV007379,2025-12-02,Cloud Kitchen,Vegetables,86,66,20,6.0,7.8,66.0,No,Cloudy,3,Low Demand,No,Medium
INV007380,2025-12-02,Restaurant,Dairy,106,100,6,6.0,5.1,100.0,No,Sunny,1,Expired,No,Low
INV007381,2025-12-02,Restaurant,Vegetables,80,67,13,6.0,9.5,67.0,No,Cloudy,3,Low Demand,No,Medium
INV007382,2025-12-02,Cloud Kitchen,Dairy,107,87,20,4.0,7.0,87.0,No,Rainy,5,Low Demand,Yes,Medium
INV007383,2025-12-02,Restaurant,Meat,101,76,25,3.0,2.5,76.0,No,Sunny,3,Expired,No,Medium
INV007384,2025-12-02,Restaurant,Fruits,73,52,21,8.0,8.6,52.0,No,Rainy,3,Low Demand,No,Medium
INV007385,2025-12-02,Supermarket,Vegetables,200,131,69,7.0,4.9,131.0,No,Sunny,16,Overproduction,Yes,Medium
INV007386,2025-12-03,Supermarket,Vegetables,205,195,10,,7.5,195.0,No,Sunny,2,Expired,No,Low
INV007387,2025-12-03,Cloud Kitchen,Prepared Food,116,116,0,1.0,25.6,119.0,No,Hot,0,No Waste,No,High
INV007388,2025-12-03,Restaurant,Vegetables,63,49,14,6.0,4.8,49.0,No,Rainy,1,Low Demand,No,Low
INV007389,2025-12-03,Restaurant,Prepared Food,96,47,49,2.0,26.4,47.0,No,Rainy,25,Overproduction,No,High
INV007390,2025-12-03,Supermarket,Prepared Food,182,127,55,1.0,11.8,127.0,No,Cloudy,21,Expired,No,High
INV007391,2025-12-03,Supermarket,Fruits,136,95,41,8.0,4.3,95.0,No,Rainy,5,Overproduction,No,Medium
INV007392,2025-12-03,Restaurant,Vegetables,65,65,0,11.0,1.4,87.0,No,Rainy,0,No Waste,No,Low
INV007393,2025-12-03,Supermarket,Meat,207,138,69,3.0,0.1,138.0,No,Cloudy,20,Overproduction,No,High
INV007394,2025-12-03,Supermarket,Fruits,114,114,0,7.0,8.1,196.0,No,Cloudy,0,No Waste,No,Low
INV007395,2025-12-03,Restaurant,Fruits,84,84,0,5.0,6.9,111.0,Yes,Cloudy,0,No Waste,No,Low
INV007396,2025-12-03,Cafeteria,Meat,76,57,19,6.0,0.9,57.0,No,Cloudy,3,Low Demand,No,Medium
INV007397,2025-12-03,Cafeteria,Vegetables,73,73,0,3.0,5.8,92.0,Yes,Hot,0,No Waste,No,Low
INV007398,2025-12-03,Restaurant,Bakery,74,74,0,2.0,,77.0,No,Cloudy,0,No Waste,No,Low
INV007399,2025-12-03,Cloud Kitchen,Vegetables,471,79,392,,5.0,79.0,No,Cloudy,108,Overproduction,No,High
INV007400,2025-12-03,Restaurant,Bakery,83,83,0,2.0,21.2,114.0,Yes,Hot,0,No Waste,No,Low
INV007401,2025-12-03,Cafeteria,Fruits,68,38,30,1.0,9.9,38.0,No,Rainy,12,Low Demand,Yes,High
INV007402,2025-12-03,Supermarket,Prepared Food,169,169,0,1.0,13.1,208.0,No,Sunny,0,No Waste,No,Low
INV007403,2025-12-03,Restaurant,Prepared Food,91,69,22,1.0,16.6,69.0,No,Cloudy,8,Expired,No,High
INV007404,2025-12-03,Cloud Kitchen,Meat,90,90,0,9.0,0.6,106.0,No,Cloudy,0,No Waste,No,Low
INV007405,2025-12-03,Supermarket,Fruits,232,157,75,6.0,5.5,157.0,No,Sunny,11,Overproduction,No,High
INV007406,2025-12-03,Restaurant,Dairy,58,58,0,10.0,3.0,97.0,No,Cloudy,0,No Waste,No,Low
INV007407,2025-12-04,Cloud Kitchen,Fruits,107,107,0,4.0,10.5,166.0,Yes,,0,No Waste,No,Low
INV007408,2025-12-04,Restaurant,Vegetables,114,105,9,9.0,7.0,105.0,Yes,Hot,1,Low Demand,No,Low
INV007409,2025-12-04,Cloud Kitchen,Prepared Food,109,102,7,2.0,13.5,102.0,No,Hot,1,Low Demand,No,Low
INV007410,2025-12-04,Supermarket,Meat,176,171,5,2.0,0.2,171.0,No,Hot,1,Expired,No,Low
INV007411,2025-12-04,Supermarket,Prepared Food,136,136,0,2.0,17.3,137.0,No,Cloudy,0,No Waste,,Low
INV007412,2025-12-04,Supermarket,Bakery,250,174,76,4.0,23.0,174.0,Yes,Sunny,19,Overproduction,Yes,Medium
INV007413,2025-12-04,Cafeteria,Fruits,54,38,16,5.0,6.5,38.0,No,Rainy,3,Low Demand,No,Medium
INV007414,2025-12-04,Supermarket,Fruits,163,163,0,4.0,9.6,190.0,Yes,Sunny,0,No Waste,No,Low
INV007415,2025-12-04,Restaurant,Bakery,91,91,0,4.0,19.6,148.0,Yes,Hot,0,No Waste,No,Low
INV007416,2025-12-04,Supermarket,Bakery,188,127,61,4.0,24.1,127.0,No,Cloudy,16,Overproduction,Yes,Medium
INV007417,2025-12-04,Cafeteria,Dairy,99,74,25,7.0,0.0,74.0,No,Hot,4,Low Demand,No,Medium
INV007418,2025-12-04,Restaurant,Vegetables,89,89,0,5.0,5.2,105.0,Yes,Sunny,0,No Waste,No,Low
INV007419,2025-12-04,Cloud Kitchen,Vegetables,95,95,0,6.0,7.0,,No,Cloudy,0,No Waste,No,Low
INV007420,2025-12-04,Cafeteria,Vegetables,62,47,15,6.0,13.2,47.0,No,Hot,4,Storage Issue,No,Medium
INV007421,2025-12-04,Supermarket,Vegetables,238,193,45,7.0,6.1,193.0,Yes,Hot,4,Overproduction,No,Low
INV007422,2025-12-04,Cafeteria,Fruits,82,82,0,6.0,7.3,110.0,Yes,Cloudy,0,No Waste,No,Low
INV007423,2025-12-04,Cloud Kitchen,Dairy,119,96,23,6.0,4.9,96.0,No,Hot,3,Low Demand,No,Medium
INV007424,2025-12-04,Supermarket,Prepared Food,195,179,16,1.0,12.5,179.0,No,Hot,4,Expired,No,Medium
INV007425,2025-12-04,Restaurant,Vegetables,118,118,0,5.0,9.2,130.0,Yes,Hot,0,No Waste,No,Low
INV007426,2025-12-04,Restaurant,Fruits,98,68,30,5.0,8.8,68.0,No,Hot,4,Overproduction,No,Medium
INV007427,2025-12-04,Restaurant,Fruits,70,70,0,4.0,5.8,,Yes,Hot,0,No Waste,No,Low
INV007428,2025-12-04,Cafeteria,Bakery,70,39,31,2.0,22.6,39.0,No,Cloudy,10,Low Demand,Yes,High
INV007429,2025-12-04,Supermarket,Prepared Food,186,186,0,1.0,14.6,202.0,No,Sunny,0,No Waste,No,Low
INV007430,2025-12-04,Cloud Kitchen,Dairy,119,67,52,12.0,1.9,67.0,No,Rainy,10,Overproduction,No,High
INV007431,2025-12-05,Cloud Kitchen,Bakery,114,95,19,3.0,22.8,95.0,No,Cloudy,5,Expired,No,Medium
INV007432,2025-12-05,Supermarket,Fruits,227,163,64,9.0,5.7,163.0,Yes,Cloudy,10,Overproduction,Yes,Medium
INV007433,2025-12-05,Restaurant,Meat,94,79,15,4.0,3.9,79.0,No,Hot,3,Overproduction,No,Medium
INV007434,2025-12-05,Supermarket,Vegetables,183,183,0,11.0,4.5,240.0,Yes,Rainy,0,No Waste,,Low
INV007435,2025-12-05,Supermarket,Bakery,137,136,1,2.0,26.1,136.0,No,Cloudy,0,No Waste,No,Low
INV007436,2025-12-05,Cloud Kitchen,Meat,159,97,62,6.0,-1.5,97.0,No,Sunny,14,Overproduction,Yes,High
INV007437,2025-12-05,Cafeteria,Vegetables,55,55,0,5.0,5.8,66.0,No,Sunny,0,No Waste,No,Low
INV007438,2025-12-05,Cloud Kitchen,Fruits,97,88,9,7.0,6.2,88.0,No,Sunny,2,Low Demand,No,Medium
INV007439,2025-12-05,Cafeteria,Dairy,52,52,0,1.0,5.6,63.0,No,Sunny,0,No Waste,No,Low
INV007440,2025-12-05,Supermarket,Fruits,154,97,57,6.0,7.1,97.0,No,Rainy,10,Overproduction,Yes,Medium
INV007441,2025-12-05,Restaurant,Dairy,108,90,18,6.0,5.6,90.0,Yes,Sunny,2,Low Demand,,Low
INV007442,2025-12-05,Restaurant,Dairy,85,55,30,5.0,4.8,55.0,No,Rainy,5,Overproduction,Yes,Medium
INV007443,2025-12-05,Restaurant,Dairy,94,94,0,11.0,4.4,95.0,No,Sunny,0,No Waste,No,Low
INV007444,2025-12-05,Cafeteria,Vegetables,61,61,0,4.0,5.9,,No,Sunny,0,No Waste,No,Low
INV007445,2025-12-05,Cafeteria,Fruits,79,50,29,3.0,10.6,50.0,No,Sunny,9,Overproduction,No,High
INV007446,2025-12-05,Cafeteria,Fruits,74,58,16,6.0,10.3,58.0,No,Sunny,2,Low Demand,No,Medium
INV007447,2025-12-05,Supermarket,Meat,203,98,105,2.0,-2.0,98.0,No,Rainy,28,Overproduction,Yes,High
INV007448,2025-12-06,Restaurant,Fruits,76,74,2,6.0,4.1,74.0,No,Cloudy,0,No Waste,No,Low
INV007449,2025-12-06,Restaurant,Fruits,72,72,0,5.0,6.2,77.0,No,Sunny,0,No Waste,No,Low
INV007450,2025-12-06,Restaurant,Dairy,100,75,25,7.0,3.7,75.0,No,Hot,3,Low Demand,No,Medium
INV007451,2025-12-06,Cloud Kitchen,Dairy,90,81,9,6.0,4.7,81.0,No,Sunny,1,Low Demand,No,Low
INV007452,2025-12-06,Restaurant,Dairy,73,73,0,5.0,1.0,77.0,No,Rainy,0,No Waste,No,Low
INV007453,2025-12-06,Cafeteria,Meat,63,63,0,,3.1,70.0,No,Sunny,0,No Waste,No,Low
INV007454,2025-12-06,Supermarket,Vegetables,235,148,87,5.0,7.3,148.0,No,Hot,19,Overproduction,No,Medium
INV007455,2025-12-06,Cloud Kitchen,Prepared Food,112,112,0,2.0,15.4,150.0,Yes,Hot,0,No Waste,No,Low
INV007456,2025-12-06,Restaurant,Fruits,108,77,31,9.0,8.2,77.0,Yes,Rainy,4,Overproduction,No,Medium
INV007457,2025-12-06,Cafeteria,Vegetables,89,52,37,8.0,8.4,52.0,Yes,Rainy,8,Overproduction,No,High
INV007458,2025-12-06,Cafeteria,Bakery,65,47,18,3.0,25.7,47.0,No,Sunny,6,Low Demand,No,High
INV007459,2025-12-06,Supermarket,Dairy,154,107,47,8.0,9.7,107.0,No,Rainy,12,Storage Issue,Yes,Medium
INV007460,2025-12-06,Cloud Kitchen,Meat,135,98,37,3.0,4.0,98.0,Yes,Rainy,12,Expired,No,High
INV007461,2025-12-06,Supermarket,Vegetables,138,138,0,1.0,4.8,143.0,No,Hot,0,No Waste,No,Low
INV007462,2025-12-06,Cafeteria,Dairy,68,68,0,10.0,2.8,85.0,Yes,Sunny,0,No Waste,No,Low
INV007463,2025-12-06,Cafeteria,Dairy,56,56,0,7.0,3.5,59.0,No,Hot,0,No Waste,No,Low
INV007464,2025-12-06,Cloud Kitchen,Fruits,338,95,243,9.0,3.5,95.0,No,Cloudy,61,Overproduction,Yes,High
INV007465,2025-12-06,Supermarket,Dairy,182,159,23,5.0,6.7,159.0,No,Cloudy,4,Expired,No,Medium
INV007466,2025-12-06,Cafeteria,Vegetables,67,54,13,10.0,8.4,54.0,No,Sunny,2,Low Demand,No,Medium
INV007467,2025-12-06,Supermarket,Vegetables,211,162,49,2.0,2.2,162.0,No,Hot,12,Expired,No,Medium
INV007468,2025-12-06,Supermarket,Vegetables,188,188,0,2.0,7.4,200.0,Yes,Hot,0,No Waste,No,Low
INV007469,2025-12-06,Cafeteria,Prepared Food,67,64,3,3.0,17.1,64.0,No,Sunny,0,No Waste,No,Low
INV007470,2025-12-07,Restaurant,Dairy,81,77,4,4.0,4.6,77.0,No,Sunny,0,No Waste,No,Low
INV007471,2025-12-07,Cafeteria,Dairy,49,49,0,9.0,3.6,68.0,No,Cloudy,0,No Waste,No,Low
INV007472,2025-12-07,Supermarket,Fruits,164,162,2,6.0,4.7,162.0,No,Sunny,0,No Waste,No,Low
INV007473,2025-12-07,Supermarket,Prepared Food,165,145,20,1.0,17.4,145.0,No,Cloudy,7,Expired,No,Medium
INV007474,2025-12-07,Cafeteria,Dairy,71,68,3,9.0,4.8,68.0,No,Hot,0,No Waste,No,Low
INV007475,2025-12-07,Restaurant,Vegetables,82,82,0,7.0,6.3,105.0,No,Sunny,0,No Waste,No,Low
INV007476,2025-12-07,Restaurant,Prepared Food,87,78,9,1.0,27.6,78.0,Yes,Rainy,4,Storage Issue,No,Medium
INV007477,2025-12-07,Restaurant,Bakery,108,108,0,3.0,21.3,112.0,Yes,Cloudy,0,No Waste,No,Low
INV007478,2025-12-07,Supermarket,Vegetables,142,123,19,9.0,8.0,123.0,No,Rainy,3,Low Demand,No,Medium
INV007479,2025-12-07,Cafeteria,Prepared Food,57,48,9,1.0,23.1,48.0,No,Rainy,3,Expired,No,Medium
INV007480,2025-12-07,Cloud Kitchen,Dairy,120,120,0,7.0,6.4,126.0,No,Sunny,0,No Waste,No,Low
INV007481,2025-12-07,Restaurant,Bakery,89,89,0,3.0,12.6,90.0,No,Sunny,0,No Waste,No,Low
INV007482,2025-12-07,Supermarket,Dairy,158,158,0,10.0,3.3,188.0,No,Sunny,0,No Waste,No,Low
INV007483,2025-12-07,Cloud Kitchen,Vegetables,84,84,0,5.0,3.4,98.0,No,Sunny,0,No Waste,No,Low
INV007484,2025-12-07,Cloud Kitchen,Meat,148,137,11,5.0,3.7,137.0,Yes,Cloudy,2,Expired,No,Low
INV007485,2025-12-07,Cloud Kitchen,Meat,116,116,0,4.0,5.7,136.0,No,Cloudy,0,No Waste,No,Low
INV007486,2025-12-07,Cloud Kitchen,Meat,125,78,47,7.0,1.2,78.0,No,Rainy,8,Overproduction,No,Medium
INV007487,2025-12-07,Cafeteria,Dairy,71,57,14,5.0,5.3,57.0,No,Sunny,2,Low Demand,No,Medium
INV007488,2025-12-07,Restaurant,Bakery,111,74,37,2.0,23.9,74.0,No,Cloudy,13,Expired,,High
INV007489,2025-12-07,Cafeteria,Dairy,73,49,24,6.0,3.4,49.0,No,Rainy,5,Low Demand,Yes,Medium
INV007490,2025-12-08,Cloud Kitchen,Bakery,114,114,0,5.0,21.4,116.0,No,Sunny,0,No Waste,No,Low
INV007491,2025-12-08,Supermarket,Dairy,230,118,112,5.0,0.3,118.0,No,Rainy,26,Overproduction,Yes,High
INV007492,2025-12-08,Restaurant,Prepared Food,107,72,35,1.0,21.6,72.0,No,Sunny,17,Expired,No,High
INV007493,2025-12-08,Restaurant,Fruits,85,85,0,6.0,7.1,85.0,No,Sunny,0,No Waste,No,Low
INV007494,2025-12-08,Cloud Kitchen,Bakery,106,87,19,6.0,15.6,87.0,No,Rainy,2,Low Demand,No,Low
INV007495,2025-12-08,Restaurant,Prepared Food,98,44,54,1.0,19.4,44.0,No,Rainy,29,Overproduction,No,High
INV007496,2025-12-08,Cafeteria,Fruits,55,55,0,2.0,11.0,69.0,No,Hot,0,No Waste,No,Low
INV007497,2025-12-08,Supermarket,Prepared Food,488,152,336,2.0,19.3,152.0,No,Sunny,130,Overproduction,No,High
INV007498,2025-12-08,Supermarket,Bakery,451,145,306,2.0,20.5,145.0,No,Hot,117,Overproduction,Yes,High
INV007499,2025-12-08,Supermarket,Fruits,109,109,0,6.0,9.5,126.0,No,Cloudy,0,No Waste,No,Low
INV007500,2025-12-08,Cloud Kitchen,Prepared Food,452,69,383,1.0,16.2,69.0,No,Rainy,201,Overproduction,Yes,High
INV007501,2025-12-08,Restaurant,Vegetables,76,76,0,5.0,12.0,88.0,No,Sunny,0,No Waste,No,Low
INV007502,2025-12-08,Cloud Kitchen,Bakery,108,108,0,1.0,16.7,157.0,Yes,Cloudy,0,No Waste,No,Low
INV007503,2025-12-08,Cafeteria,Fruits,72,49,23,8.0,6.9,49.0,No,Sunny,5,Low Demand,,High
INV007504,2025-12-08,Supermarket,Meat,218,168,50,,1.7,168.0,No,Sunny,13,Overproduction,Yes,Medium
INV007505,2025-12-08,Supermarket,Prepared Food,220,200,20,3.0,22.8,200.0,Yes,Sunny,4,Expired,No,Low
INV007506,2025-12-08,Cloud Kitchen,Bakery,105,98,7,4.0,23.0,98.0,No,Hot,1,Low Demand,No,Low
INV007507,2025-12-08,Supermarket,Vegetables,167,100,67,7.0,3.6,100.0,No,Rainy,16,Overproduction,Yes,High
INV007508,2025-12-08,Supermarket,Fruits,109,109,0,4.0,11.0,170.0,No,Hot,0,No Waste,No,Low
INV007509,2025-12-09,Restaurant,Fruits,88,60,28,2.0,10.1,60.0,No,Sunny,8,Low Demand,No,High
INV007510,2025-12-09,Restaurant,Fruits,117,73,44,5.0,11.2,73.0,Yes,Rainy,13,Overproduction,,High
INV007511,2025-12-09,Restaurant,Dairy,75,50,25,5.0,3.1,50.0,No,Rainy,6,Overproduction,Yes,Medium
INV007512,2025-12-09,Supermarket,Meat,188,115,73,3.0,1.2,115.0,No,Rainy,18,Overproduction,Yes,High
INV007513,2025-12-09,Restaurant,Dairy,107,54,53,4.0,4.1,54.0,No,Cloudy,13,Overproduction,Yes,High
INV007514,2025-12-09,Supermarket,Vegetables,106,106,0,9.0,5.0,163.0,No,Sunny,0,No Waste,No,Low
INV007515,2025-12-09,Restaurant,Vegetables,105,87,18,4.0,10.7,87.0,No,Sunny,4,Expired,No,Medium
INV007516,2025-12-09,Restaurant,Fruits,98,98,0,5.0,6.7,104.0,No,Hot,0,No Waste,No,Low
INV007517,2025-12-09,Cloud Kitchen,Prepared Food,104,76,28,1.0,15.8,76.0,No,Rainy,11,Expired,No,High
INV007518,2025-12-09,Restaurant,Dairy,91,78,13,7.0,4.9,78.0,No,,1,Low Demand,Yes,Low
INV007519,2025-12-09,Cloud Kitchen,Bakery,120,109,11,2.0,21.1,109.0,No,Hot,2,Expired,No,Low
INV007520,2025-12-09,Restaurant,Bakery,103,73,30,3.0,28.5,73.0,Yes,Rainy,7,Storage Issue,No,Medium
INV007521,2025-12-09,Cafeteria,Prepared Food,64,54,10,1.0,17.5,54.0,Yes,Rainy,3,Expired,No,Medium
INV007522,2025-12-09,Cafeteria,Prepared Food,69,69,0,1.0,15.3,80.0,No,Sunny,0,No Waste,No,High
INV007523,2025-12-09,Cloud Kitchen,Prepared Food,146,119,27,2.0,14.8,119.0,Yes,Hot,7,Expired,No,Medium
INV007524,2025-12-09,Cloud Kitchen,Bakery,117,117,0,4.0,27.8,132.0,No,Hot,0,No Waste,No,Low
INV007525,2025-12-09,Cloud Kitchen,Fruits,107,74,33,6.0,5.8,74.0,No,Rainy,5,Overproduction,No,Medium
INV007526,2025-12-09,Restaurant,Vegetables,91,91,0,6.0,9.1,117.0,Yes,Hot,0,No Waste,No,Low
INV007527,2025-12-09,Restaurant,Prepared Food,86,86,0,2.0,22.1,95.0,No,Sunny,0,No Waste,No,Low
INV007528,2025-12-09,Restaurant,Fruits,86,64,22,7.0,9.2,64.0,No,Cloudy,3,Low Demand,No,Medium
INV007529,2025-12-09,Restaurant,Fruits,72,72,0,7.0,10.2,107.0,Yes,Cloudy,0,No Waste,No,Low
INV007530,2025-12-09,Cloud Kitchen,Meat,134,127,7,5.0,4.6,127.0,No,Sunny,1,Storage Issue,No,Low
INV007531,2025-12-09,Restaurant,Vegetables,86,86,0,5.0,-0.6,139.0,No,Hot,0,No Waste,No,Low
INV007532,2025-12-09,Supermarket,Meat,216,126,90,3.0,2.4,126.0,No,Rainy,20,Overproduction,Yes,High
INV007533,2025-12-10,Supermarket,Prepared Food,189,86,103,1.0,21.0,86.0,No,Rainy,51,Overproduction,Yes,High
INV007534,2025-12-10,Supermarket,Vegetables,145,145,0,5.0,2.2,225.0,Yes,Cloudy,0,No Waste,No,Low
INV007535,2025-12-10,Supermarket,Meat,183,111,72,4.0,-1.0,111.0,Yes,Rainy,14,Overproduction,Yes,Medium
INV007536,2025-12-10,Cloud Kitchen,Prepared Food,102,102,0,1.0,22.6,103.0,No,Cloudy,0,No Waste,No,Low
INV007537,2025-12-10,Supermarket,Vegetables,142,94,48,2.0,8.5,94.0,No,Rainy,18,Expired,No,High
INV007538,2025-12-10,Supermarket,Meat,149,149,0,4.0,2.4,199.0,No,Sunny,0,No Waste,No,Low
INV007539,2025-12-10,Supermarket,Fruits,95,95,0,2.0,7.0,179.0,No,Sunny,0,No Waste,No,Low
INV007540,2025-12-10,Cloud Kitchen,Fruits,151,76,75,5.0,8.9,76.0,No,Rainy,18,Overproduction,Yes,High
INV007541,2025-12-10,Restaurant,Meat,66,48,18,4.0,-0.7,48.0,No,Rainy,3,Low Demand,No,Medium
INV007542,2025-12-10,Supermarket,Bakery,230,191,39,3.0,28.2,191.0,Yes,Cloudy,11,Storage Issue,Yes,Medium
INV007543,2025-12-10,Restaurant,Prepared Food,105,85,20,1.0,18.7,85.0,No,Hot,5,Expired,No,Medium
INV007544,2025-12-10,Supermarket,Bakery,155,128,27,4.0,23.1,128.0,No,Cloudy,6,Expired,No,Medium
INV007545,2025-12-10,Cloud Kitchen,Bakery,93,93,0,3.0,27.7,98.0,No,Hot,0,No Waste,No,Low
INV007546,2025-12-10,Restaurant,Dairy,106,103,3,7.0,4.0,103.0,Yes,Cloudy,0,No Waste,No,Low
INV007547,2025-12-10,Cloud Kitchen,Vegetables,96,96,0,3.0,5.5,113.0,No,Cloudy,0,No Waste,No,Low
INV007548,2025-12-10,Restaurant,Fruits,89,89,0,3.0,5.8,95.0,No,Sunny,0,No Waste,No,Low
INV007549,2025-12-10,Restaurant,Vegetables,95,89,6,7.0,7.0,89.0,No,Sunny,0,No Waste,No,Low
INV007550,2025-12-10,Cloud Kitchen,Dairy,126,99,27,14.0,3.6,99.0,No,Sunny,4,Low Demand,No,Medium
INV007551,2025-12-10,Cafeteria,Fruits,58,58,0,6.0,1.6,61.0,No,Cloudy,0,No Waste,No,Low
INV007552,2025-12-10,Restaurant,Vegetables,79,79,0,6.0,7.1,79.0,No,Sunny,0,No Waste,No,Low
INV007553,2025-12-10,Cloud Kitchen,Dairy,122,73,49,8.0,4.9,73.0,No,Rainy,9,Overproduction,Yes,Medium
INV007554,2025-12-10,Restaurant,Prepared Food,135,122,13,2.0,,122.0,Yes,Sunny,3,Expired,No,Medium
INV007555,2025-12-10,Restaurant,Bakery,111,106,5,6.0,20.0,106.0,Yes,Cloudy,1,Low Demand,No,Low
INV007556,2025-12-10,Supermarket,Fruits,137,137,0,10.0,5.9,193.0,Yes,Hot,0,No Waste,No,High
INV007557,2025-12-11,Cafeteria,Bakery,59,59,0,4.0,24.6,62.0,No,Hot,0,No Waste,No,Low
INV007558,2025-12-11,Cloud Kitchen,Prepared Food,135,135,0,1.0,15.7,174.0,Yes,Sunny,0,No Waste,No,Low
INV007559,2025-12-11,Cafeteria,Vegetables,70,51,19,5.0,5.7,51.0,No,Cloudy,4,Low Demand,No,Medium
INV007560,2025-12-11,Restaurant,Bakery,95,55,40,5.0,15.2,55.0,No,Rainy,9,Overproduction,No,High
INV007561,2025-12-11,Cafeteria,Meat,74,71,3,5.0,2.5,71.0,Yes,Cloudy,0,No Waste,No,Low
INV007562,2025-12-11,Cafeteria,Bakery,86,86,0,5.0,14.7,99.0,Yes,Sunny,0,No Waste,No,Low
INV007563,2025-12-11,Supermarket,Bakery,195,187,8,3.0,18.2,187.0,Yes,Sunny,1,Expired,No,Low
INV007564,2025-12-11,Restaurant,Fruits,64,64,0,7.0,7.3,68.0,No,Hot,0,No Waste,No,Low
INV007565,2025-12-11,Cafeteria,Bakery,58,58,0,3.0,25.8,69.0,No,Cloudy,0,No Waste,,Low
INV007566,2025-12-11,Supermarket,Bakery,154,154,0,2.0,15.6,160.0,No,Sunny,0,No Waste,No,Low
INV007567,2025-12-11,Restaurant,Dairy,77,44,33,12.0,6.8,44.0,No,Rainy,6,Overproduction,No,Medium
INV007568,2025-12-11,Supermarket,Prepared Food,177,177,0,,21.6,214.0,Yes,Hot,0,No Waste,,Low
INV007569,2025-12-11,Cloud Kitchen,Prepared Food,102,61,41,2.0,12.0,61.0,No,Rainy,11,Overproduction,Yes,High
INV007570,2025-12-11,Cloud Kitchen,Vegetables,149,109,40,1.0,5.6,109.0,Yes,Cloudy,14,Expired,No,Low
INV007571,2025-12-11,Cloud Kitchen,Bakery,93,93,0,2.0,18.2,117.0,Yes,Cloudy,0,No Waste,No,Low
INV007572,2025-12-11,Cloud Kitchen,Vegetables,103,94,9,3.0,7.7,,No,Hot,2,Expired,No,Low
INV007573,2025-12-11,Restaurant,Vegetables,75,75,0,7.0,7.3,77.0,No,Cloudy,0,No Waste,No,Low
INV007574,2025-12-11,Cloud Kitchen,Vegetables,127,125,2,8.0,6.5,125.0,Yes,Rainy,0,No Waste,No,Medium
INV007575,2025-12-11,Restaurant,Prepared Food,79,70,9,2.0,16.1,70.0,No,,2,Expired,No,Medium
INV007576,2025-12-11,Cloud Kitchen,Fruits,114,87,27,5.0,8.6,87.0,No,Sunny,5,Low Demand,No,Medium
INV007577,2025-12-11,Restaurant,Vegetables,82,82,0,5.0,8.5,97.0,No,Hot,0,No Waste,No,Low
INV007578,2025-12-12,Cloud Kitchen,Meat,173,100,73,1.0,1.1,100.0,No,Cloudy,30,Overproduction,Yes,High
INV007579,2025-12-12,Restaurant,Vegetables,86,86,0,3.0,9.5,94.0,No,Sunny,0,No Waste,No,Low
INV007580,2025-12-12,Supermarket,Fruits,184,158,26,5.0,2.7,158.0,No,Hot,6,Expired,No,Medium
INV007581,2025-12-12,Restaurant,Bakery,96,86,10,3.0,13.8,86.0,No,Cloudy,2,Expired,No,Medium
INV007582,2025-12-12,Restaurant,Prepared Food,93,85,8,1.0,6.7,85.0,No,Sunny,2,Expired,No,Low
INV007583,2025-12-12,Supermarket,Prepared Food,151,123,28,2.0,19.0,123.0,No,Sunny,8,Expired,No,Medium
INV007584,2025-12-12,Supermarket,Fruits,180,180,0,,4.4,194.0,No,,0,No Waste,No,Low
INV007585,2025-12-12,Supermarket,Vegetables,174,133,41,7.0,9.2,133.0,No,Cloudy,8,Storage Issue,Yes,Medium
INV007586,2025-12-12,Supermarket,Dairy,170,167,3,1.0,3.5,167.0,No,Hot,1,Expired,No,Low
INV007587,2025-12-12,Restaurant,Fruits,109,57,52,1.0,6.5,57.0,No,Rainy,24,Overproduction,Yes,High
INV007588,2025-12-12,Restaurant,Fruits,93,93,0,6.0,11.5,106.0,Yes,Sunny,0,No Waste,No,Low
INV007589,2025-12-12,Restaurant,Prepared Food,94,76,18,2.0,14.4,76.0,No,Cloudy,4,Expired,No,Medium
INV007590,2025-12-12,Cafeteria,Fruits,85,61,24,5.0,,61.0,No,Sunny,4,Low Demand,No,Medium
INV007591,2025-12-12,Supermarket,Meat,176,167,9,4.0,1.0,167.0,No,Sunny,1,Expired,No,Medium
INV007592,2025-12-12,Cafeteria,Prepared Food,75,75,0,1.0,28.9,78.0,Yes,Cloudy,0,No Waste,No,Low
INV007593,2025-12-12,Restaurant,Fruits,123,123,0,3.0,11.6,141.0,Yes,Sunny,0,No Waste,No,Low
INV007594,2025-12-12,Supermarket,Dairy,148,148,0,7.0,3.1,181.0,No,Cloudy,0,No Waste,No,Low
INV007595,2025-12-12,Cloud Kitchen,Prepared Food,106,95,11,2.0,12.9,95.0,No,Sunny,2,Expired,No,Low
INV007596,2025-12-12,Supermarket,Dairy,134,113,21,5.0,5.1,113.0,No,Rainy,2,Low Demand,Yes,Low
INV007597,2025-12-12,Cafeteria,Prepared Food,55,55,0,2.0,18.0,65.0,No,Sunny,0,No Waste,No,Low
INV007598,2025-12-12,Supermarket,Vegetables,87,87,0,7.0,-1.0,115.0,No,Cloudy,0,No Waste,No,Low
INV007599,2025-12-12,Cloud Kitchen,Prepared Food,121,96,25,1.0,19.6,96.0,No,Sunny,9,Expired,No,Medium
INV007600,2025-12-12,Cafeteria,Meat,67,46,21,3.0,1.3,46.0,No,Cloudy,6,Low Demand,No,High
INV007601,2025-12-12,Supermarket,Meat,255,141,114,3.0,-2.8,141.0,Yes,Rainy,28,Overproduction,Yes,High
INV007602,2025-12-12,Cafeteria,Vegetables,66,66,0,6.0,-0.7,81.0,Yes,Sunny,0,No Waste,No,Low
INV007603,2025-12-12,Cafeteria,Vegetables,74,37,37,7.0,3.6,37.0,No,Rainy,8,Overproduction,No,High
INV007604,2025-12-12,Cafeteria,Prepared Food,51,51,0,3.0,18.0,,No,Hot,0,No Waste,No,Low
INV007605,2025-12-13,Supermarket,Vegetables,137,110,27,5.0,5.7,110.0,No,Rainy,4,Low Demand,No,Medium
INV007606,2025-12-13,Restaurant,Fruits,60,60,0,7.0,8.3,106.0,No,Sunny,0,No Waste,No,Low
INV007607,2025-12-13,Cafeteria,Vegetables,53,48,5,4.0,3.5,48.0,No,Cloudy,1,Low Demand,No,Low
INV007608,2025-12-13,Supermarket,Dairy,240,207,33,4.0,7.2,207.0,No,Hot,6,Storage Issue,No,Medium
INV007609,2025-12-13,Restaurant,Meat,78,78,0,4.0,-3.3,102.0,No,Cloudy,0,No Waste,No,Low
INV007610,2025-12-13,Restaurant,Fruits,100,100,0,6.0,8.3,102.0,Yes,Cloudy,0,No Waste,No,Low
INV007611,2025-12-13,Cloud Kitchen,Dairy,117,113,4,6.0,5.1,113.0,No,Sunny,0,No Waste,No,Low
INV007612,2025-12-13,Restaurant,Meat,61,61,0,5.0,0.5,86.0,No,Sunny,0,No Waste,No,Low
INV007613,2025-12-13,Cloud Kitchen,Fruits,102,98,4,4.0,8.6,98.0,No,Sunny,1,Expired,No,Low
INV007614,2025-12-13,Restaurant,Vegetables,63,63,0,7.0,10.5,64.0,No,Sunny,0,No Waste,No,Low
INV007615,2025-12-13,Restaurant,Fruits,99,58,41,7.0,10.9,58.0,No,Rainy,11,Overproduction,Yes,High
INV007616,2025-12-13,Cafeteria,Meat,80,75,5,3.0,-2.3,75.0,No,Sunny,1,Expired,No,Low
INV007617,2025-12-13,Restaurant,Meat,69,69,0,6.0,3.3,86.0,No,Hot,0,No Waste,No,Medium
INV007618,2025-12-13,Cloud Kitchen,Fruits,118,98,20,7.0,3.7,98.0,No,Sunny,2,Overproduction,No,Low
INV007619,2025-12-13,Cloud Kitchen,Bakery,137,102,35,1.0,26.1,102.0,No,Hot,13,Expired,No,High
INV007620,2025-12-13,Cloud Kitchen,Fruits,135,132,3,8.0,8.3,132.0,No,Cloudy,0,No Waste,No,Low
INV007621,2025-12-13,Supermarket,Prepared Food,200,119,81,2.0,23.4,119.0,No,Cloudy,27,Overproduction,Yes,High
INV007622,2025-12-13,Cafeteria,Dairy,66,66,0,13.0,7.9,79.0,No,Sunny,0,No Waste,No,Low
INV007623,2025-12-13,Supermarket,Prepared Food,142,141,1,1.0,28.0,141.0,No,Sunny,0,No Waste,No,Low
INV007624,2025-12-13,Restaurant,Vegetables,91,91,0,6.0,5.8,94.0,No,Cloudy,0,No Waste,No,Low
INV007625,2025-12-13,Restaurant,Vegetables,85,84,1,10.0,12.3,84.0,No,Hot,0,No Waste,No,Low
INV007626,2025-12-13,Restaurant,Dairy,147,77,70,5.0,4.4,77.0,No,Sunny,20,Overproduction,No,High
INV007627,2025-12-13,Restaurant,Meat,71,65,6,6.0,4.6,65.0,No,Rainy,1,Low Demand,No,Low
INV007628,2025-12-13,Cloud Kitchen,Meat,104,104,0,4.0,5.5,132.0,No,Sunny,0,No Waste,No,Low
INV007629,2025-12-13,Supermarket,Meat,184,184,0,3.0,3.5,211.0,Yes,Cloudy,0,No Waste,No,Low
INV007630,2025-12-13,Cloud Kitchen,Meat,109,68,41,3.0,-2.8,68.0,No,Rainy,7,Overproduction,No,Medium
INV007631,2025-12-13,Restaurant,Prepared Food,81,81,0,1.0,16.8,92.0,No,Sunny,0,No Waste,No,Low
INV007632,2025-12-13,Cafeteria,Prepared Food,86,78,8,2.0,25.9,78.0,Yes,Sunny,2,Storage Issue,No,Medium
INV007633,2025-12-13,Cafeteria,Prepared Food,63,53,10,2.0,20.3,53.0,No,Sunny,3,Low Demand,No,Medium
INV007634,2025-12-13,Supermarket,Prepared Food,161,150,11,1.0,14.8,150.0,No,Hot,3,Expired,No,Low
INV007635,2025-12-13,Restaurant,Prepared Food,86,69,17,1.0,25.4,69.0,Yes,Rainy,8,Expired,No,High
INV007636,2025-12-13,Cloud Kitchen,Vegetables,161,101,60,6.0,7.3,101.0,No,Sunny,10,Overproduction,No,Medium
INV007637,2025-12-14,Supermarket,Dairy,118,118,0,5.0,3.6,152.0,No,Sunny,0,No Waste,No,Low
INV007638,2025-12-14,Supermarket,Dairy,166,160,6,5.0,2.5,160.0,No,Hot,1,Expired,,Low
INV007639,2025-12-14,Cloud Kitchen,Prepared Food,117,106,11,2.0,18.2,106.0,No,Cloudy,2,Expired,No,Low
INV007640,2025-12-14,Supermarket,Prepared Food,242,225,17,2.0,23.0,225.0,Yes,Cloudy,3,Expired,No,Low
INV007641,2025-12-14,Cloud Kitchen,Dairy,78,51,27,11.0,4.2,51.0,No,Rainy,5,Low Demand,No,Medium
INV007642,2025-12-14,Cafeteria,Dairy,84,83,1,7.0,4.3,83.0,Yes,Hot,0,No Waste,No,Low
INV007643,2025-12-14,Cloud Kitchen,Dairy,153,153,0,4.0,4.2,158.0,Yes,Sunny,0,No Waste,No,Low
INV007644,2025-12-14,Cloud Kitchen,Prepared Food,113,113,0,2.0,18.1,115.0,No,Hot,0,No Waste,No,Low
INV007645,2025-12-14,Restaurant,Meat,76,76,0,5.0,1.2,95.0,No,Cloudy,0,No Waste,,Low
INV007646,2025-12-14,Restaurant,Prepared Food,84,84,0,2.0,20.8,117.0,Yes,Sunny,0,No Waste,No,Low
INV007647,2025-12-14,Supermarket,Vegetables,850,142,708,9.0,4.7,142.0,No,Sunny,238,Overproduction,Yes,High
INV007648,2025-12-14,Cafeteria,Prepared Food,67,67,0,1.0,9.8,71.0,No,Sunny,0,No Waste,No,Low
INV007649,2025-12-14,Restaurant,Vegetables,71,71,0,8.0,10.3,95.0,No,Sunny,0,No Waste,No,Low
INV007650,2025-12-14,Restaurant,Vegetables,67,58,9,5.0,2.7,58.0,No,Rainy,0,No Waste,No,Low
INV007651,2025-12-14,Restaurant,Prepared Food,74,67,7,1.0,25.4,67.0,No,Cloudy,2,Expired,No,Medium
INV007652,2025-12-14,Supermarket,Meat,158,134,24,3.0,3.1,134.0,No,Cloudy,6,Expired,No,Medium
INV007653,2025-12-14,Cloud Kitchen,Meat,97,90,7,4.0,2.6,90.0,No,Cloudy,1,Low Demand,No,Low
INV007654,2025-12-14,Cafeteria,Fruits,73,70,3,8.0,9.4,70.0,No,Sunny,0,No Waste,No,Low
INV007655,2025-12-14,Cloud Kitchen,Meat,122,115,7,5.0,2.0,115.0,No,Sunny,1,Expired,No,Low
INV007656,2025-12-14,Cafeteria,Fruits,64,64,0,5.0,10.7,81.0,No,Cloudy,0,No Waste,No,Low
INV007657,2025-12-14,Cloud Kitchen,Fruits,103,103,0,3.0,2.1,141.0,No,Cloudy,0,No Waste,No,Low
INV007658,2025-12-14,Cafeteria,Prepared Food,48,37,11,1.0,22.0,37.0,No,Rainy,3,Expired,No,Medium
INV007659,2025-12-14,Supermarket,Fruits,167,163,4,8.0,8.6,,No,Hot,0,No Waste,No,Low
INV007660,2025-12-14,Cloud Kitchen,Dairy,111,111,0,6.0,1.1,136.0,No,Cloudy,0,No Waste,No,Low
INV007661,2025-12-14,Restaurant,Vegetables,86,76,10,7.0,,76.0,No,Sunny,0,No Waste,No,Low
INV007662,2025-12-14,Cafeteria,Prepared Food,118,92,26,2.0,28.6,92.0,Yes,Sunny,9,Storage Issue,No,Medium
INV007663,2025-12-15,Restaurant,Meat,98,80,18,7.0,4.2,80.0,No,Sunny,3,Low Demand,No,Medium
INV007664,2025-12-15,Cafeteria,Prepared Food,46,46,0,1.0,22.2,,No,Hot,0,No Waste,No,Low
INV007665,2025-12-15,Cafeteria,Vegetables,71,51,20,7.0,2.5,51.0,No,Sunny,3,Low Demand,No,Medium
INV007666,2025-12-15,Restaurant,Bakery,77,72,5,2.0,24.9,72.0,No,Sunny,1,Expired,No,Low
INV007667,2025-12-15,Restaurant,Prepared Food,124,78,46,1.0,22.9,78.0,No,Cloudy,20,Expired,No,High
INV007668,2025-12-15,Supermarket,Vegetables,268,236,32,6.0,0.9,236.0,Yes,Cloudy,5,Overproduction,,Low
INV007669,2025-12-15,Cafeteria,Vegetables,62,58,4,6.0,5.8,58.0,No,Hot,0,No Waste,No,Low
INV007670,2025-12-15,Supermarket,Meat,140,140,0,3.0,-0.1,176.0,No,Sunny,0,No Waste,No,Low
INV007671,2025-12-15,Cafeteria,Prepared Food,65,47,18,1.0,16.6,47.0,No,Cloudy,8,Expired,No,High
INV007672,2025-12-15,Restaurant,Meat,74,74,0,3.0,1.2,88.0,No,Hot,0,No Waste,No,Low
INV007673,2025-12-15,Cafeteria,Fruits,57,43,14,5.0,5.1,43.0,No,Rainy,2,Low Demand,No,Medium
INV007674,2025-12-15,Cafeteria,Dairy,59,59,0,2.0,4.7,74.0,No,Sunny,0,No Waste,No,Low
INV007675,2025-12-15,Cloud Kitchen,Dairy,93,93,0,,3.5,94.0,No,Sunny,0,No Waste,No,Low
INV007676,2025-12-15,Supermarket,Dairy,126,126,0,11.0,2.4,242.0,No,Hot,0,No Waste,No,Low
INV007677,2025-12-15,Supermarket,Fruits,114,114,0,8.0,8.5,136.0,No,Sunny,0,No Waste,No,Low
INV007678,2025-12-15,Supermarket,Meat,150,150,0,5.0,4.0,189.0,Yes,Cloudy,0,No Waste,No,Low
INV007679,2025-12-15,Supermarket,Fruits,205,152,53,5.0,8.1,152.0,No,Cloudy,8,Overproduction,No,Medium
INV007680,2025-12-16,Cafeteria,Meat,54,54,0,2.0,1.2,66.0,No,Cloudy,0,No Waste,No,Low
INV007681,2025-12-16,Restaurant,Dairy,83,52,31,7.0,4.5,52.0,No,Rainy,6,Overproduction,,Medium
INV007682,2025-12-16,Cafeteria,Prepared Food,55,30,25,2.0,19.7,30.0,No,Rainy,7,Low Demand,No,High
INV007683,2025-12-16,Cafeteria,Prepared Food,77,77,0,2.0,14.5,96.0,Yes,Sunny,0,No Waste,No,Low
INV007684,2025-12-16,Restaurant,Fruits,107,72,35,7.0,13.1,72.0,No,Hot,7,Overproduction,No,High
INV007685,2025-12-16,Cafeteria,Dairy,70,58,12,4.0,4.7,58.0,No,Sunny,2,Low Demand,No,Medium
INV007686,2025-12-16,Restaurant,Bakery,97,70,27,4.0,23.5,70.0,No,Sunny,6,Low Demand,No,Medium
INV007687,2025-12-16,Cloud Kitchen,Fruits,100,100,0,6.0,6.3,125.0,No,Sunny,0,No Waste,No,Low
INV007688,2025-12-16,Supermarket,Meat,184,146,38,2.0,,146.0,No,Cloudy,10,Expired,No,Low
INV007689,2025-12-16,Cloud Kitchen,Meat,116,116,0,2.0,4.0,,No,Hot,0,No Waste,,Low
INV007690,2025-12-16,Cafeteria,Fruits,59,59,0,2.0,10.9,68.0,No,Sunny,0,No Waste,No,Low
INV007691,2025-12-17,Cafeteria,Fruits,66,57,9,7.0,7.3,57.0,No,Sunny,1,Low Demand,No,Low
INV007692,2025-12-17,Supermarket,Meat,146,141,5,2.0,0.1,141.0,No,Hot,1,Expired,No,Low
INV007693,2025-12-17,Restaurant,Prepared Food,96,72,24,2.0,18.6,72.0,No,Cloudy,6,Low Demand,Yes,Medium
INV007694,2025-12-17,Supermarket,Meat,220,81,139,3.0,-1.3,81.0,No,Rainy,47,Overproduction,Yes,High
INV007695,2025-12-17,Restaurant,Meat,102,102,0,4.0,-0.9,114.0,Yes,Hot,0,No Waste,No,Low
INV007696,2025-12-17,Cafeteria,Vegetables,73,73,0,,4.4,73.0,No,Hot,0,No Waste,No,Low
INV007697,2025-12-17,Restaurant,Vegetables,172,108,64,4.0,7.8,108.0,Yes,Cloudy,15,Overproduction,No,Medium
INV007698,2025-12-17,Restaurant,Bakery,83,83,0,4.0,16.8,90.0,No,Sunny,0,No Waste,No,Low
INV007699,2025-12-17,Cafeteria,Bakery,62,53,9,3.0,18.6,53.0,No,Rainy,1,Low Demand,,Low
INV007700,2025-12-17,Restaurant,Prepared Food,102,92,10,2.0,18.2,92.0,No,Sunny,1,Expired,No,Low
INV007701,2025-12-17,Supermarket,Meat,166,100,66,5.0,-0.8,100.0,No,Rainy,12,Overproduction,No,Medium
INV007702,2025-12-17,Supermarket,Bakery,157,144,13,2.0,26.9,144.0,No,Sunny,4,Expired,No,Medium
INV007703,2025-12-17,Restaurant,Bakery,117,95,22,4.0,17.1,95.0,No,Hot,4,Low Demand,No,Medium
INV007704,2025-12-17,Supermarket,Dairy,166,166,0,6.0,2.9,179.0,No,Sunny,0,No Waste,No,Low
INV007705,2025-12-17,Supermarket,Prepared Food,129,129,0,2.0,19.9,157.0,No,Hot,0,No Waste,No,Low
INV007706,2025-12-17,Cafeteria,Prepared Food,69,69,0,1.0,19.0,72.0,No,Sunny,0,No Waste,No,Low
INV007707,2025-12-17,Restaurant,Bakery,90,78,12,1.0,12.4,78.0,No,Hot,4,Expired,No,Medium
INV007708,2025-12-17,Cloud Kitchen,Meat,65,65,0,6.0,1.1,115.0,No,Cloudy,0,No Waste,No,Low
INV007709,2025-12-17,Restaurant,Bakery,77,65,12,3.0,11.1,65.0,No,Cloudy,3,Low Demand,No,Medium
INV007710,2025-12-17,Cloud Kitchen,Vegetables,121,90,31,11.0,5.8,90.0,No,Sunny,2,Overproduction,No,Low
INV007711,2025-12-17,Cafeteria,Prepared Food,66,54,12,2.0,31.4,54.0,No,Sunny,5,Storage Issue,No,Medium
INV007712,2025-12-17,Restaurant,Bakery,76,56,20,3.0,19.7,56.0,No,Rainy,4,Low Demand,No,Medium
INV007713,2025-12-17,Cloud Kitchen,Fruits,169,93,76,5.0,7.5,93.0,No,Hot,14,Overproduction,Yes,Medium
INV007714,2025-12-17,Restaurant,Prepared Food,77,74,3,3.0,27.7,74.0,No,Hot,1,Storage Issue,No,Low
INV007715,2025-12-17,Restaurant,Prepared Food,94,65,29,1.0,19.8,65.0,No,Rainy,9,Expired,No,High
INV007716,2025-12-17,Cafeteria,Prepared Food,62,62,0,3.0,24.8,73.0,No,Hot,0,No Waste,No,Low
INV007717,2025-12-17,Restaurant,Vegetables,107,107,0,8.0,12.0,138.0,Yes,Cloudy,0,No Waste,No,Low
INV007718,2025-12-17,Restaurant,Fruits,101,101,0,3.0,10.8,111.0,Yes,,0,No Waste,No,Low
INV007719,2025-12-17,Cloud Kitchen,Dairy,134,134,0,7.0,1.4,138.0,Yes,Sunny,0,No Waste,No,Low
INV007720,2025-12-17,Supermarket,Vegetables,115,115,0,6.0,5.0,148.0,No,Cloudy,0,No Waste,No,Low
INV007721,2025-12-17,Supermarket,Bakery,199,161,38,3.0,19.0,161.0,No,Sunny,7,Expired,No,Medium
INV007722,2025-12-18,Supermarket,Fruits,321,275,46,8.0,9.8,275.0,Yes,Hot,7,Overproduction,No,Medium
INV007723,2025-12-18,Cafeteria,Vegetables,65,65,0,1.0,7.3,79.0,No,Cloudy,0,No Waste,No,Low
INV007724,2025-12-18,Cafeteria,Bakery,66,50,16,3.0,14.3,50.0,No,Sunny,3,Low Demand,No,Medium
INV007725,2025-12-18,Supermarket,Bakery,164,67,97,1.0,30.6,67.0,No,Rainy,57,Overproduction,Yes,High
INV007726,2025-12-18,Restaurant,Bakery,92,57,35,5.0,21.5,57.0,No,Rainy,6,Overproduction,No,Medium
INV007727,2025-12-18,Restaurant,Fruits,114,95,19,5.0,4.0,95.0,No,Cloudy,3,Low Demand,Yes,Medium
INV007728,2025-12-18,Supermarket,Vegetables,173,143,30,3.0,4.5,143.0,No,Cloudy,7,Expired,No,Medium
INV007729,2025-12-18,Cloud Kitchen,Prepared Food,101,101,0,2.0,24.7,138.0,No,Sunny,0,No Waste,No,Low
INV007730,2025-12-18,Cafeteria,Prepared Food,55,55,0,1.0,28.4,,No,Sunny,0,No Waste,No,Low
INV007731,2025-12-18,Cloud Kitchen,Dairy,107,107,0,3.0,4.2,139.0,No,Hot,0,No Waste,No,Low
INV007732,2025-12-18,Restaurant,Meat,100,100,0,6.0,3.5,130.0,Yes,Sunny,0,No Waste,No,Low
INV007733,2025-12-18,Supermarket,Fruits,151,151,0,5.0,7.1,177.0,No,Cloudy,0,No Waste,No,Low
INV007734,2025-12-18,Supermarket,Bakery,188,188,0,2.0,19.8,200.0,Yes,Hot,0,No Waste,No,Low
INV007735,2025-12-18,Cloud Kitchen,Vegetables,104,104,0,8.0,10.2,105.0,No,Sunny,0,No Waste,No,Low
INV007736,2025-12-18,Cafeteria,Meat,71,66,5,3.0,0.7,66.0,No,Sunny,1,Expired,No,Low
INV007737,2025-12-18,Supermarket,Vegetables,163,105,58,9.0,3.0,105.0,No,Rainy,10,Overproduction,Yes,Medium
INV007738,2025-12-18,Restaurant,Vegetables,63,63,0,6.0,9.2,79.0,No,Cloudy,0,No Waste,No,Low
INV007739,2025-12-18,Cloud Kitchen,Dairy,110,108,2,8.0,6.5,108.0,No,Hot,0,No Waste,No,Low
INV007740,2025-12-18,Supermarket,Prepared Food,193,120,73,1.0,22.7,120.0,No,Cloudy,34,Expired,No,High
INV007741,2025-12-18,Supermarket,Vegetables,174,100,74,7.0,6.1,100.0,No,Rainy,11,Overproduction,Yes,Low
INV007742,2025-12-18,Cafeteria,Vegetables,66,51,15,6.0,7.2,51.0,No,Cloudy,2,Low Demand,No,Medium
INV007743,2025-12-18,Restaurant,Bakery,78,47,31,3.0,21.8,47.0,No,Rainy,10,Low Demand,No,High
INV007744,2025-12-18,Cafeteria,Meat,58,58,0,1.0,-0.6,74.0,No,Sunny,0,No Waste,No,Low
INV007745,2025-12-18,Supermarket,Prepared Food,170,170,0,1.0,14.9,251.0,Yes,Hot,0,No Waste,No,Low
INV007746,2025-12-18,Restaurant,Vegetables,93,91,2,7.0,2.0,91.0,No,Hot,0,No Waste,No,Low
INV007747,2025-12-18,Cafeteria,Meat,75,48,27,6.0,1.0,48.0,No,Sunny,4,Overproduction,No,Medium
INV007748,2025-12-18,Restaurant,Dairy,87,75,12,7.0,,75.0,No,Cloudy,2,Low Demand,No,Medium
INV007749,2025-12-18,Cafeteria,Bakery,54,54,0,3.0,30.8,58.0,No,Hot,0,No Waste,No,Low
INV007750,2025-12-18,Cafeteria,Fruits,57,57,0,,9.5,62.0,No,Hot,0,No Waste,No,Low
INV007751,2025-12-18,Restaurant,Meat,86,86,0,4.0,1.9,105.0,Yes,Sunny,0,No Waste,No,Low
INV007752,2025-12-18,Restaurant,Dairy,109,88,21,7.0,2.2,88.0,No,Cloudy,2,Low Demand,No,Low
INV007753,2025-12-18,Cloud Kitchen,Bakery,101,101,0,3.0,21.4,122.0,No,Sunny,0,No Waste,No,Low
INV007754,2025-12-19,Supermarket,Bakery,184,148,36,2.0,22.8,148.0,No,Sunny,10,Expired,No,Medium
INV007755,2025-12-19,Supermarket,Fruits,94,94,0,4.0,5.6,150.0,No,Sunny,0,No Waste,No,Low
INV007756,2025-12-19,Cloud Kitchen,Prepared Food,121,119,2,2.0,22.8,119.0,No,Hot,1,Expired,No,Low
INV007757,2025-12-19,Supermarket,Fruits,178,126,52,6.0,7.2,126.0,No,Cloudy,10,Overproduction,No,Medium
INV007758,2025-12-19,Supermarket,Vegetables,145,125,20,7.0,8.7,125.0,No,,3,Storage Issue,No,Medium
INV007759,2025-12-19,Restaurant,Prepared Food,95,78,17,1.0,22.2,78.0,No,Sunny,7,Expired,No,Medium
INV007760,2025-12-19,Supermarket,Vegetables,152,117,35,8.0,9.4,117.0,No,Cloudy,6,Storage Issue,No,Medium
INV007761,2025-12-19,Restaurant,Prepared Food,96,78,18,1.0,22.7,78.0,No,Cloudy,6,Expired,No,Medium
INV007762,2025-12-19,Cafeteria,Vegetables,74,65,9,6.0,5.0,65.0,Yes,Rainy,2,Low Demand,No,Medium
INV007763,2025-12-19,Restaurant,Fruits,72,72,0,3.0,0.1,144.0,Yes,Sunny,0,No Waste,No,Low
INV007764,2025-12-19,Cloud Kitchen,Vegetables,130,67,63,5.0,3.8,67.0,No,Rainy,16,Overproduction,Yes,High
INV007765,2025-12-19,Supermarket,Fruits,128,128,0,8.0,7.6,173.0,No,Sunny,0,No Waste,No,Low
INV007766,2025-12-19,Cafeteria,Vegetables,60,60,0,5.0,5.7,71.0,No,Hot,0,No Waste,No,Low
INV007767,2025-12-19,Supermarket,Vegetables,158,158,0,9.0,7.8,172.0,No,Hot,0,No Waste,No,Low
INV007768,2025-12-19,Supermarket,Prepared Food,158,140,18,2.0,20.9,140.0,No,Hot,4,Expired,No,Medium
INV007769,2025-12-19,Restaurant,Meat,88,52,36,5.0,0.5,52.0,No,Rainy,7,Low Demand,Yes,Medium
INV007770,2025-12-19,Cloud Kitchen,Bakery,133,89,44,3.0,22.3,89.0,No,Cloudy,11,Overproduction,Yes,Medium
INV007771,2025-12-19,Supermarket,Fruits,207,161,46,7.0,4.7,,No,Sunny,9,Overproduction,No,Medium
INV007772,2025-12-19,Cloud Kitchen,Prepared Food,92,64,28,2.0,20.1,64.0,No,Rainy,8,Low Demand,No,Medium
INV007773,2025-12-20,Cloud Kitchen,Prepared Food,446,102,344,2.0,14.3,102.0,No,Cloudy,113,Overproduction,No,High
INV007774,2025-12-20,Supermarket,Dairy,199,149,50,7.0,4.2,149.0,No,Sunny,9,Overproduction,No,Medium
INV007775,2025-12-20,Supermarket,Prepared Food,169,162,7,,,162.0,Yes,Cloudy,2,Expired,No,Low
INV007776,2025-12-20,Supermarket,Fruits,196,117,79,5.0,5.2,117.0,No,Rainy,21,Overproduction,Yes,High
INV007777,2025-12-20,Restaurant,Fruits,86,86,0,8.0,4.2,107.0,No,Sunny,0,No Waste,No,Low
INV007778,2025-12-20,Restaurant,Bakery,115,79,36,4.0,22.2,79.0,No,Sunny,7,Overproduction,Yes,Medium
INV007779,2025-12-20,Supermarket,Fruits,125,113,12,,8.1,113.0,No,Rainy,2,Expired,No,Low
INV007780,2025-12-20,Restaurant,Dairy,87,66,21,3.0,3.8,66.0,No,Cloudy,4,Low Demand,No,Medium
INV007781,2025-12-20,Supermarket,Vegetables,226,168,58,6.0,10.2,168.0,No,Hot,13,Storage Issue,No,Medium
INV007782,2025-12-20,Cafeteria,Dairy,70,70,0,7.0,4.5,80.0,Yes,Hot,0,No Waste,No,Low
INV007783,2025-12-20,Cafeteria,Fruits,69,53,16,6.0,5.7,53.0,No,Hot,2,Low Demand,No,Medium
INV007784,2025-12-20,Restaurant,Fruits,109,93,16,5.0,12.0,93.0,No,Hot,2,Storage Issue,No,Medium
INV007785,2025-12-20,Cafeteria,Fruits,58,58,0,3.0,4.3,60.0,No,Sunny,0,No Waste,No,Low
INV007786,2025-12-20,Cafeteria,Bakery,85,85,0,3.0,21.6,91.0,Yes,Sunny,0,No Waste,No,Low
INV007787,2025-12-20,Restaurant,Prepared Food,86,86,0,1.0,12.5,119.0,No,Cloudy,0,No Waste,No,Low
INV007788,2025-12-20,Cafeteria,Bakery,60,42,18,5.0,20.5,42.0,No,Cloudy,3,Low Demand,No,Medium
INV007789,2025-12-20,Supermarket,Vegetables,179,99,80,5.0,4.6,99.0,No,Rainy,23,Overproduction,Yes,High
INV007790,2025-12-20,Supermarket,Dairy,165,165,0,2.0,6.2,172.0,No,Sunny,0,No Waste,No,Low
INV007791,2025-12-20,Restaurant,Vegetables,101,63,38,6.0,3.2,63.0,No,Hot,10,Overproduction,No,High
INV007792,2025-12-21,Restaurant,Prepared Food,77,77,0,1.0,17.5,83.0,No,Cloudy,0,No Waste,No,Low
INV007793,2025-12-21,Restaurant,Vegetables,106,66,40,6.0,6.3,66.0,No,Cloudy,9,Overproduction,No,Medium
INV007794,2025-12-21,Supermarket,Meat,217,176,41,7.0,5.5,176.0,No,Sunny,12,Storage Issue,Yes,Medium
INV007795,2025-12-21,Supermarket,Vegetables,196,196,0,7.0,0.7,287.0,Yes,Sunny,0,No Waste,No,Low
INV007796,2025-12-21,Supermarket,Meat,194,153,41,2.0,6.2,153.0,No,Cloudy,11,Expired,No,Medium
INV007797,2025-12-21,Restaurant,Dairy,96,96,0,4.0,3.3,104.0,No,Hot,0,No Waste,No,Low
INV007798,2025-12-21,Cafeteria,Fruits,67,67,0,8.0,7.6,71.0,No,Hot,0,No Waste,No,Medium
INV007799,2025-12-21,Cafeteria,Prepared Food,75,75,0,1.0,17.4,85.0,Yes,Cloudy,0,No Waste,No,Low
INV007800,2025-12-21,Supermarket,Fruits,210,161,49,3.0,8.6,161.0,No,Sunny,10,Overproduction,Yes,Medium
INV007801,2025-12-21,Supermarket,Bakery,169,133,36,4.0,23.1,133.0,No,Cloudy,5,Expired,No,High
INV007802,2025-12-21,Supermarket,Prepared Food,168,168,0,3.0,20.7,184.0,No,Sunny,0,No Waste,No,Low
INV007803,2025-12-21,Supermarket,Fruits,167,126,41,,4.4,126.0,No,Hot,6,Overproduction,No,Medium
INV007804,2025-12-21,Restaurant,Meat,103,103,0,7.0,1.9,108.0,Yes,Sunny,0,No Waste,No,Low
INV007805,2025-12-21,Cafeteria,Meat,51,51,0,4.0,1.9,79.0,No,Sunny,0,No Waste,No,Low
INV007806,2025-12-21,Supermarket,Vegetables,143,116,27,4.0,6.4,116.0,No,Cloudy,5,Expired,No,Medium
INV007807,2025-12-21,Restaurant,Meat,91,91,0,2.0,3.7,91.0,No,Sunny,0,No Waste,No,Low
INV007808,2025-12-21,Restaurant,Meat,91,82,9,3.0,1.0,82.0,No,Hot,1,Low Demand,,Low
INV007809,2025-12-21,Restaurant,Meat,85,67,18,3.0,3.0,67.0,No,Cloudy,5,Low Demand,No,Medium
INV007810,2025-12-22,Supermarket,Meat,404,141,263,8.0,1.9,141.0,No,Sunny,51,Overproduction,No,High
INV007811,2025-12-22,Supermarket,Bakery,172,141,31,4.0,13.9,141.0,No,Cloudy,4,Expired,No,Medium
INV007812,2025-12-22,Cafeteria,Dairy,56,54,2,6.0,5.9,54.0,No,Hot,0,No Waste,No,Low
INV007813,2025-12-22,Cloud Kitchen,Vegetables,163,107,56,7.0,6.7,107.0,Yes,Cloudy,12,Overproduction,No,Medium
INV007814,2025-12-22,Cloud Kitchen,Prepared Food,95,95,0,1.0,24.5,126.0,No,Hot,0,No Waste,No,Low
INV007815,2025-12-22,Cloud Kitchen,Meat,92,90,2,1.0,-1.0,90.0,No,Hot,0,No Waste,No,Low
INV007816,2025-12-22,Supermarket,Prepared Food,184,151,33,2.0,22.9,151.0,Yes,Rainy,9,Expired,No,Medium
INV007817,2025-12-22,Restaurant,Dairy,102,82,20,9.0,3.7,82.0,No,Cloudy,2,Low Demand,No,Low
INV007818,2025-12-22,Supermarket,Dairy,163,163,0,8.0,3.9,163.0,No,Hot,0,No Waste,No,Low
INV007819,2025-12-22,Cloud Kitchen,Meat,96,90,6,4.0,0.7,90.0,No,Hot,1,Low Demand,No,Low
INV007820,2025-12-22,Cloud Kitchen,Bakery,112,78,34,3.0,23.5,78.0,No,Cloudy,9,Overproduction,No,Medium
INV007821,2025-12-22,Cloud Kitchen,Vegetables,114,90,24,4.0,6.8,90.0,No,Sunny,4,Overproduction,No,Medium
INV007822,2025-12-22,Cafeteria,Vegetables,70,70,0,6.0,6.3,70.0,No,Sunny,0,No Waste,No,Low
INV007823,2025-12-22,Supermarket,Fruits,223,181,42,4.0,9.2,181.0,No,Hot,8,Expired,No,Medium
INV007824,2025-12-22,Supermarket,Dairy,129,129,0,9.0,6.2,173.0,No,Cloudy,0,No Waste,No,Low
INV007825,2025-12-23,Restaurant,Meat,136,99,37,5.0,0.7,99.0,No,Hot,3,Overproduction,No,Medium
INV007826,2025-12-23,Cafeteria,Fruits,65,38,27,2.0,7.8,38.0,No,Rainy,8,Low Demand,No,Low
INV007827,2025-12-23,Cafeteria,Dairy,96,50,46,,0.7,50.0,No,Cloudy,10,Overproduction,Yes,High
INV007828,2025-12-23,Restaurant,Meat,121,121,0,2.0,-0.2,123.0,Yes,Sunny,0,No Waste,No,Low
INV007829,2025-12-23,Restaurant,Fruits,83,77,6,7.0,9.4,77.0,No,Hot,1,Low Demand,No,Low
INV007830,2025-12-23,Cafeteria,Fruits,70,70,0,4.0,3.6,79.0,Yes,Cloudy,0,No Waste,No,Low
INV007831,2025-12-23,Cloud Kitchen,Fruits,86,86,0,6.0,8.1,111.0,No,Hot,0,No Waste,No,Low
INV007832,2025-12-23,Cloud Kitchen,Prepared Food,144,90,54,2.0,19.5,90.0,No,Cloudy,16,Overproduction,Yes,High
INV007833,2025-12-23,Cloud Kitchen,Fruits,114,97,17,1.0,4.8,97.0,No,Hot,6,Expired,No,Medium
INV007834,2025-12-23,Supermarket,Bakery,173,167,6,4.0,22.3,167.0,No,Hot,1,Expired,No,Low
INV007835,2025-12-23,Restaurant,Vegetables,104,102,2,6.0,-0.2,102.0,Yes,Sunny,0,No Waste,No,Low
INV007836,2025-12-23,Restaurant,Meat,95,95,0,1.0,2.7,146.0,Yes,Sunny,0,No Waste,,High
INV007837,2025-12-23,Restaurant,Vegetables,110,97,13,8.0,-0.6,97.0,No,Sunny,2,Low Demand,No,Low
INV007838,2025-12-23,Cloud Kitchen,Vegetables,112,100,12,8.0,3.5,100.0,No,Hot,1,Low Demand,No,Low
INV007839,2025-12-23,Cafeteria,Fruits,49,49,0,7.0,4.2,61.0,No,Cloudy,0,No Waste,No,Low
INV007840,2025-12-23,Supermarket,Dairy,151,151,0,5.0,2.8,164.0,No,Cloudy,0,No Waste,No,Low
INV007841,2025-12-24,Restaurant,Fruits,85,76,9,3.0,12.0,76.0,No,Sunny,2,Low Demand,No,Medium
INV007842,2025-12-24,Supermarket,Vegetables,143,143,0,5.0,8.6,169.0,No,Sunny,0,No Waste,No,Low
INV007843,2025-12-24,Restaurant,Prepared Food,92,60,32,1.0,,60.0,No,Rainy,11,Expired,No,High
INV007844,2025-12-24,Cafeteria,Dairy,77,49,28,11.0,4.2,49.0,No,Sunny,4,Overproduction,Yes,Medium
INV007845,2025-12-24,Cafeteria,Vegetables,69,43,26,5.0,2.0,43.0,No,Rainy,5,Low Demand,Yes,Medium
INV007846,2025-12-24,Supermarket,Vegetables,235,129,106,8.0,2.5,129.0,No,Sunny,21,Overproduction,Yes,High
INV007847,2025-12-24,Supermarket,Meat,184,169,15,6.0,2.2,169.0,No,Sunny,1,Expired,No,Low
INV007848,2025-12-24,Cafeteria,Bakery,61,61,0,2.0,19.6,70.0,No,Sunny,0,No Waste,No,Low
INV007849,2025-12-24,Restaurant,Bakery,139,131,8,1.0,21.8,131.0,Yes,Hot,2,Expired,No,Low
INV007850,2025-12-24,Restaurant,Bakery,71,67,4,5.0,16.6,67.0,No,Cloudy,1,Low Demand,No,Low
INV007851,2025-12-24,Cafeteria,Fruits,75,75,0,7.0,4.6,82.0,Yes,Sunny,0,No Waste,No,Low
INV007852,2025-12-24,Restaurant,Vegetables,88,83,5,6.0,1.4,83.0,No,Hot,0,No Waste,No,Low
INV007853,2025-12-24,Cafeteria,Prepared Food,58,34,24,1.0,13.3,,No,Rainy,10,Low Demand,Yes,High
INV007854,2025-12-24,Cafeteria,Vegetables,60,46,14,6.0,7.4,46.0,No,Rainy,2,Low Demand,No,Medium
INV007855,2025-12-24,Restaurant,Meat,84,59,25,1.0,0.2,59.0,No,Cloudy,9,Expired,No,High
INV007856,2025-12-24,Cloud Kitchen,Vegetables,75,75,0,4.0,5.0,110.0,No,Sunny,0,No Waste,No,Low
INV007857,2025-12-24,Cafeteria,Prepared Food,51,51,0,2.0,15.2,63.0,No,Cloudy,0,No Waste,No,Low
INV007858,2025-12-24,Cloud Kitchen,Fruits,115,89,26,6.0,9.6,89.0,No,Sunny,6,Overproduction,No,Medium
INV007859,2025-12-24,Restaurant,Bakery,61,61,0,2.0,12.8,113.0,No,Sunny,0,No Waste,No,Low
INV007860,2025-12-25,Restaurant,Prepared Food,85,62,23,1.0,20.8,62.0,No,Sunny,8,Expired,No,High
INV007861,2025-12-25,Restaurant,Prepared Food,71,71,0,2.0,30.5,82.0,No,Hot,0,No Waste,No,Low
INV007862,2025-12-25,Supermarket,Meat,228,205,23,6.0,1.9,205.0,No,Hot,3,Expired,No,Low
INV007863,2025-12-25,Supermarket,Fruits,131,131,0,7.0,11.4,156.0,No,Sunny,0,No Waste,No,Low
INV007864,2025-12-25,Cafeteria,Prepared Food,76,62,14,1.0,13.2,62.0,No,Rainy,4,Expired,No,Medium
INV007865,2025-12-25,Supermarket,Bakery,211,158,53,3.0,30.2,158.0,No,,17,Storage Issue,Yes,Medium
INV007866,2025-12-25,Restaurant,Bakery,61,61,0,2.0,17.8,94.0,No,Cloudy,0,No Waste,No,Low
INV007867,2025-12-25,Supermarket,Vegetables,193,169,24,5.0,6.1,169.0,No,Hot,4,Expired,No,Medium
INV007868,2025-12-25,Cloud Kitchen,Vegetables,124,94,30,2.0,4.0,94.0,No,Cloudy,7,Expired,No,Medium
INV007869,2025-12-25,Cafeteria,Vegetables,120,73,47,6.0,-0.1,73.0,No,Sunny,11,Overproduction,Yes,High
INV007870,2025-12-25,Restaurant,Vegetables,128,86,42,5.0,8.8,86.0,No,Cloudy,9,Overproduction,No,Medium
INV007871,2025-12-25,Supermarket,Meat,136,136,0,7.0,,139.0,No,Sunny,0,No Waste,No,Low
INV007872,2025-12-25,Cloud Kitchen,Dairy,136,136,0,1.0,6.6,151.0,Yes,Hot,0,No Waste,No,Low
INV007873,2025-12-25,Cloud Kitchen,Bakery,101,101,0,3.0,25.3,,No,Sunny,0,No Waste,No,Low
INV007874,2025-12-25,Supermarket,Vegetables,137,135,2,6.0,13.3,135.0,No,Hot,0,No Waste,No,Low
INV007875,2025-12-25,Supermarket,Vegetables,122,122,0,4.0,3.8,164.0,No,Sunny,0,No Waste,No,Low
INV007876,2025-12-25,Cafeteria,Fruits,67,67,0,7.0,6.0,67.0,No,Cloudy,0,No Waste,No,Low
INV007877,2025-12-25,Cloud Kitchen,Vegetables,132,103,29,7.0,9.0,103.0,No,Sunny,3,Overproduction,Yes,Medium
INV007878,2025-12-25,Cloud Kitchen,Dairy,94,94,0,4.0,3.8,103.0,No,Sunny,0,No Waste,No,Low
INV007879,2025-12-25,Restaurant,Meat,57,57,0,6.0,2.1,94.0,No,Sunny,0,No Waste,No,Low
INV007880,2025-12-25,Supermarket,Vegetables,121,121,0,5.0,7.3,214.0,Yes,Hot,0,No Waste,No,Low
INV007881,2025-12-25,Restaurant,Dairy,119,105,14,12.0,3.3,105.0,Yes,Cloudy,0,No Waste,No,Low
INV007882,2025-12-25,Supermarket,Bakery,158,158,0,4.0,20.9,161.0,No,Cloudy,0,No Waste,No,Low
INV007883,2025-12-25,Cafeteria,Fruits,76,37,39,5.0,6.6,,No,Rainy,11,Overproduction,Yes,High
INV007884,2025-12-25,Cloud Kitchen,Bakery,131,64,67,3.0,22.9,64.0,No,Rainy,18,Overproduction,Yes,High
INV007885,2025-12-26,Supermarket,Bakery,222,208,14,2.0,19.3,208.0,Yes,Hot,3,Expired,No,Low
INV007886,2025-12-26,Restaurant,Prepared Food,106,70,36,1.0,25.1,70.0,No,Cloudy,16,Expired,No,High
INV007887,2025-12-26,Supermarket,Dairy,171,171,0,5.0,3.0,176.0,No,Cloudy,0,No Waste,No,Low
INV007888,2025-12-26,Restaurant,Bakery,68,68,0,4.0,24.0,89.0,No,Hot,0,No Waste,No,Low
INV007889,2025-12-26,Supermarket,Dairy,189,158,31,11.0,8.3,158.0,Yes,Hot,7,Storage Issue,Yes,Medium
INV007890,2025-12-26,Supermarket,Fruits,208,136,72,7.0,9.4,136.0,No,Cloudy,16,Overproduction,No,Medium
INV007891,2025-12-26,Cloud Kitchen,Meat,106,101,5,6.0,1.4,101.0,No,Sunny,1,Low Demand,No,Low
INV007892,2025-12-26,Restaurant,Bakery,88,83,5,3.0,28.4,83.0,No,Hot,1,Storage Issue,No,Low
INV007893,2025-12-26,Restaurant,Bakery,96,79,17,1.0,21.6,79.0,No,Sunny,6,Expired,No,Medium
INV007894,2025-12-26,Cloud Kitchen,Meat,143,73,70,1.0,3.0,73.0,No,Rainy,28,Overproduction,Yes,High
INV007895,2025-12-26,Supermarket,Dairy,225,181,44,5.0,3.6,181.0,Yes,Cloudy,5,Expired,No,Medium
INV007896,2025-12-26,Cloud Kitchen,Fruits,94,94,0,6.0,9.5,157.0,Yes,Hot,0,No Waste,No,Low
INV007897,2025-12-26,Supermarket,Dairy,183,183,0,4.0,3.5,192.0,No,Hot,0,No Waste,No,Low
INV007898,2025-12-26,Supermarket,Vegetables,187,148,39,5.0,3.6,148.0,No,Hot,3,Expired,No,Low
INV007899,2025-12-26,Cafeteria,Fruits,52,52,0,3.0,1.2,97.0,Yes,Hot,0,No Waste,No,High
INV007900,2025-12-26,Cafeteria,Bakery,83,63,20,3.0,24.5,63.0,Yes,Rainy,5,Low Demand,No,Medium
INV007901,2025-12-26,Supermarket,Dairy,149,149,0,5.0,6.7,163.0,No,Cloudy,0,No Waste,,Low
INV007902,2025-12-26,Restaurant,Prepared Food,111,75,36,2.0,20.3,75.0,No,Cloudy,10,Expired,No,High
INV007903,2025-12-26,Supermarket,Vegetables,519,114,405,3.0,6.3,114.0,No,Rainy,157,Overproduction,Yes,High
INV007904,2025-12-26,Restaurant,Meat,98,97,1,4.0,1.6,97.0,No,Cloudy,0,No Waste,No,Low
INV007905,2025-12-26,Supermarket,Vegetables,156,156,0,9.0,7.9,185.0,No,Sunny,0,No Waste,No,Low
INV007906,2025-12-26,Cafeteria,Meat,83,55,28,4.0,-1.5,55.0,No,Cloudy,5,Overproduction,No,Medium
INV007907,2025-12-26,Restaurant,Fruits,146,61,85,6.0,4.0,61.0,No,Sunny,18,Overproduction,No,High
INV007908,2025-12-27,Cafeteria,Prepared Food,71,71,0,2.0,16.4,84.0,No,Hot,0,No Waste,No,Low
INV007909,2025-12-27,Cloud Kitchen,Vegetables,138,76,62,6.0,6.5,76.0,Yes,Rainy,14,Overproduction,Yes,High
INV007910,2025-12-27,Restaurant,Vegetables,99,57,42,6.0,3.7,57.0,No,Rainy,9,Overproduction,No,High
INV007911,2025-12-27,Restaurant,Vegetables,93,76,17,7.0,5.9,76.0,No,Cloudy,3,Low Demand,No,Medium
INV007912,2025-12-27,Cloud Kitchen,Prepared Food,120,77,43,1.0,16.9,77.0,No,Cloudy,17,Expired,No,High
INV007913,2025-12-27,Restaurant,Prepared Food,90,47,43,2.0,20.2,47.0,No,Rainy,13,Overproduction,No,High
INV007914,2025-12-27,Restaurant,Fruits,108,67,41,3.0,9.3,67.0,No,Cloudy,11,Overproduction,Yes,High
INV007915,2025-12-27,Cloud Kitchen,Meat,89,89,0,3.0,0.4,94.0,No,Sunny,0,No Waste,No,Low
INV007916,2025-12-27,Supermarket,Prepared Food,174,174,0,2.0,19.1,269.0,Yes,Hot,0,No Waste,No,Low
INV007917,2025-12-27,Supermarket,Bakery,181,128,53,1.0,23.2,128.0,No,Cloudy,20,Expired,No,High
INV007918,2025-12-27,Restaurant,Fruits,74,68,6,2.0,8.2,68.0,No,Rainy,1,Expired,No,Low
INV007919,2025-12-27,Supermarket,Prepared Food,146,146,0,1.0,19.2,193.0,Yes,Hot,0,No Waste,No,Low
INV007920,2025-12-27,Cafeteria,Vegetables,89,85,4,6.0,-4.4,85.0,Yes,Sunny,0,No Waste,No,Low
INV007921,2025-12-27,Cafeteria,Dairy,283,73,210,11.0,2.1,73.0,Yes,Sunny,60,Overproduction,No,High
INV007922,2025-12-27,Supermarket,Fruits,175,175,0,5.0,12.7,205.0,Yes,Cloudy,0,No Waste,No,Low
INV007923,2025-12-27,Restaurant,Fruits,121,97,24,7.0,9.2,97.0,No,Sunny,4,Low Demand,,Medium
INV007924,2025-12-27,Restaurant,Prepared Food,93,73,20,1.0,22.6,73.0,No,Cloudy,7,Expired,No,Medium
INV007925,2025-12-27,Restaurant,Prepared Food,104,74,30,2.0,16.5,74.0,No,Sunny,9,Expired,No,Medium
INV007926,2025-12-27,Restaurant,Dairy,69,69,0,6.0,6.3,74.0,No,Sunny,0,No Waste,No,Low
INV007927,2025-12-27,Cloud Kitchen,Meat,101,101,0,3.0,2.3,120.0,No,Cloudy,0,No Waste,No,Low
INV007928,2025-12-27,Cloud Kitchen,Dairy,110,49,61,,3.4,49.0,No,Rainy,15,Overproduction,No,High
INV007929,2025-12-27,Supermarket,Meat,197,121,76,4.0,0.6,121.0,No,Rainy,19,Overproduction,Yes,High
INV007930,2025-12-27,Restaurant,Dairy,90,90,0,3.0,3.5,92.0,No,Cloudy,0,No Waste,No,Low
INV007931,2025-12-27,Restaurant,Prepared Food,102,80,22,2.0,11.9,80.0,No,Cloudy,7,Expired,No,Medium
INV007932,2025-12-27,Cloud Kitchen,Vegetables,100,78,22,5.0,13.7,78.0,No,Cloudy,5,Storage Issue,No,Medium
INV007933,2025-12-28,Supermarket,Bakery,172,128,44,2.0,23.2,128.0,No,Hot,15,Expired,No,Medium
INV007934,2025-12-28,Restaurant,Meat,127,46,81,3.0,4.7,46.0,No,Rainy,28,Overproduction,Yes,Medium
INV007935,2025-12-28,Cloud Kitchen,Fruits,94,60,34,3.0,11.0,60.0,No,Rainy,8,Overproduction,Yes,Medium
INV007936,2025-12-28,Restaurant,Prepared Food,76,69,7,1.0,,69.0,No,Hot,2,Expired,No,Medium
INV007937,2025-12-28,Supermarket,Dairy,164,164,0,10.0,2.3,176.0,No,Cloudy,0,No Waste,No,Low
INV007938,2025-12-28,Cafeteria,Dairy,61,61,0,1.0,4.7,83.0,Yes,Cloudy,0,No Waste,No,Low
INV007939,2025-12-28,Restaurant,Fruits,78,50,28,4.0,0.8,50.0,No,Rainy,6,Overproduction,Yes,Medium
INV007940,2025-12-28,Restaurant,Dairy,97,79,18,13.0,3.7,79.0,No,Hot,1,Low Demand,No,Low
INV007941,2025-12-28,Restaurant,Prepared Food,100,100,0,2.0,11.7,140.0,Yes,Hot,0,No Waste,No,Low
INV007942,2025-12-29,Cloud Kitchen,Prepared Food,126,109,17,2.0,20.5,109.0,No,Sunny,4,Expired,,Medium
INV007943,2025-12-29,Supermarket,Dairy,236,144,92,10.0,4.6,144.0,No,Rainy,14,Overproduction,Yes,Medium
INV007944,2025-12-29,Cloud Kitchen,Dairy,146,146,0,13.0,3.6,150.0,Yes,Sunny,0,No Waste,No,Low
INV007945,2025-12-29,Supermarket,Prepared Food,188,188,0,2.0,19.4,207.0,No,Sunny,0,No Waste,No,Low
INV007946,2025-12-29,Supermarket,Prepared Food,149,131,18,1.0,12.0,131.0,No,Sunny,5,Expired,No,Medium
INV007947,2025-12-29,Cloud Kitchen,Vegetables,122,107,15,7.0,3.6,107.0,No,Sunny,2,Low Demand,No,Low
INV007948,2025-12-29,Cloud Kitchen,Prepared Food,120,116,4,,13.4,116.0,No,Sunny,1,Expired,No,Low
INV007949,2025-12-29,Restaurant,Prepared Food,85,80,5,1.0,19.5,80.0,No,Cloudy,1,Expired,No,Low
INV007950,2025-12-29,Restaurant,Bakery,74,69,5,1.0,20.6,69.0,No,Cloudy,1,Expired,No,Low
INV007951,2025-12-29,Supermarket,Meat,124,124,0,8.0,-0.3,128.0,No,Cloudy,0,No Waste,No,Low
INV007952,2025-12-29,Supermarket,Dairy,144,107,37,5.0,2.1,107.0,No,Rainy,7,Overproduction,No,Medium
INV007953,2025-12-29,Cloud Kitchen,Bakery,136,77,59,4.0,23.5,77.0,No,Rainy,14,Overproduction,Yes,High
INV007954,2025-12-29,Cloud Kitchen,Fruits,143,81,62,8.0,9.4,81.0,No,Cloudy,12,Overproduction,Yes,Medium
INV007955,2025-12-29,Supermarket,Dairy,163,163,0,10.0,5.0,182.0,No,Hot,0,No Waste,No,Low
INV007956,2025-12-29,Supermarket,Dairy,120,120,0,8.0,3.8,200.0,Yes,Sunny,0,No Waste,No,Low
INV007957,2025-12-29,Cloud Kitchen,Bakery,104,89,15,4.0,20.4,,Yes,Rainy,3,Low Demand,No,Medium
INV007958,2025-12-29,Restaurant,Prepared Food,72,72,0,2.0,27.5,,No,Cloudy,0,No Waste,No,Low
INV007959,2025-12-30,Cafeteria,Meat,53,53,0,6.0,1.6,73.0,No,Hot,0,No Waste,No,Low
INV007960,2025-12-30,Cloud Kitchen,Bakery,138,86,52,1.0,14.5,86.0,No,Hot,19,Expired,No,High
INV007961,2025-12-30,Cloud Kitchen,Bakery,152,152,0,2.0,25.1,202.0,Yes,Sunny,0,No Waste,No,Low
INV007962,2025-12-30,Supermarket,Meat,193,120,73,4.0,0.7,120.0,No,Cloudy,13,Overproduction,Yes,Medium
INV007963,2025-12-30,Restaurant,Fruits,101,100,1,5.0,,100.0,No,Hot,0,No Waste,No,Low
INV007964,2025-12-30,Cafeteria,Bakery,64,55,9,3.0,23.1,55.0,No,Sunny,2,Low Demand,,Medium
INV007965,2025-12-30,Cloud Kitchen,Bakery,115,115,0,3.0,23.4,116.0,No,Hot,0,No Waste,No,Low
INV007966,2025-12-30,Restaurant,Vegetables,84,66,18,,4.5,66.0,No,Cloudy,2,Low Demand,No,Medium
INV007967,2025-12-30,Restaurant,Dairy,93,93,0,3.0,1.3,111.0,Yes,Hot,0,No Waste,No,Low
INV007968,2025-12-30,Supermarket,Vegetables,174,117,57,5.0,5.9,117.0,No,Rainy,8,Overproduction,Yes,Medium
INV007969,2025-12-30,Supermarket,Dairy,164,116,48,9.0,4.8,116.0,No,Cloudy,6,Overproduction,Yes,Medium
INV007970,2025-12-30,Cafeteria,Prepared Food,62,62,0,2.0,14.9,72.0,No,Sunny,0,No Waste,No,Low
INV007971,2025-12-30,Cafeteria,Prepared Food,65,65,0,1.0,18.5,108.0,Yes,Sunny,0,No Waste,No,Low
INV007972,2025-12-30,Supermarket,Bakery,188,143,45,1.0,23.0,143.0,No,Cloudy,14,Expired,No,High
INV007973,2025-12-30,Restaurant,Fruits,311,114,197,6.0,8.8,114.0,Yes,Hot,48,Overproduction,Yes,High
INV007974,2025-12-30,Restaurant,Bakery,119,68,51,5.0,21.2,68.0,No,Sunny,13,Overproduction,Yes,High
INV007975,2025-12-30,Cloud Kitchen,Vegetables,103,96,7,9.0,0.8,96.0,No,Sunny,0,No Waste,No,Low
INV007976,2025-12-30,Restaurant,Meat,68,68,0,1.0,1.7,85.0,No,Cloudy,0,No Waste,No,Low
INV007977,2025-12-30,Supermarket,Fruits,217,156,61,6.0,7.6,156.0,No,Hot,11,Overproduction,Yes,Medium
INV007978,2025-12-30,Cloud Kitchen,Bakery,118,107,11,4.0,30.3,107.0,No,Sunny,3,Storage Issue,No,Medium
INV007979,2025-12-30,Supermarket,Prepared Food,147,111,36,2.0,23.0,111.0,No,Sunny,12,Expired,No,Medium
INV007980,2025-12-30,Supermarket,Vegetables,127,112,15,6.0,4.7,112.0,No,Rainy,2,Expired,No,Low
INV007981,2025-12-30,Cloud Kitchen,Prepared Food,164,116,48,1.0,22.8,116.0,Yes,Cloudy,18,Expired,No,High
INV007982,2025-12-30,Restaurant,Meat,92,92,0,3.0,3.6,95.0,No,Sunny,0,No Waste,No,Low
INV007983,2025-12-30,Restaurant,Vegetables,69,69,0,7.0,8.6,87.0,No,Sunny,0,No Waste,No,Low
INV007984,2025-12-30,Cafeteria,Vegetables,77,54,23,9.0,6.4,54.0,No,Sunny,3,Low Demand,No,Medium
INV007985,2025-12-30,Supermarket,Prepared Food,180,161,19,1.0,16.9,161.0,No,Sunny,7,Expired,No,Low
INV007986,2025-12-31,Cloud Kitchen,Fruits,86,86,0,3.0,,93.0,No,Sunny,0,No Waste,No,Low
INV007987,2025-12-31,Supermarket,Dairy,203,203,0,9.0,1.3,208.0,Yes,Sunny,0,No Waste,No,Low
INV007988,2025-12-31,Cafeteria,Bakery,61,55,6,4.0,16.1,55.0,No,Hot,1,Low Demand,No,Low
INV007989,2025-12-31,Supermarket,Prepared Food,155,130,25,3.0,22.9,130.0,No,Rainy,4,Storage Issue,No,Medium
INV007990,2025-12-31,Cafeteria,Prepared Food,87,58,29,1.0,13.2,58.0,No,Sunny,10,Expired,No,High
INV007991,2025-12-31,Supermarket,Meat,160,160,0,1.0,0.5,168.0,No,Sunny,0,No Waste,No,Low
INV007992,2025-12-31,Restaurant,Meat,119,70,49,6.0,1.4,70.0,No,Cloudy,7,Overproduction,Yes,Medium
INV007993,2025-12-31,Cloud Kitchen,Dairy,102,102,0,4.0,1.9,122.0,No,Hot,0,No Waste,No,Low
INV007994,2025-12-31,Restaurant,Meat,124,95,29,1.0,3.9,95.0,Yes,Cloudy,9,Expired,No,Medium
INV007995,2025-12-31,Supermarket,Vegetables,172,172,0,3.0,8.6,176.0,No,Sunny,0,No Waste,No,Low
INV007996,2025-12-31,Supermarket,Vegetables,172,121,51,7.0,2.4,121.0,No,Rainy,6,Overproduction,No,Medium
INV007997,2025-12-31,Restaurant,Prepared Food,80,65,15,1.0,14.3,65.0,No,Cloudy,6,Expired,No,Medium
INV007998,2025-12-31,Restaurant,Prepared Food,100,63,37,1.0,23.7,63.0,No,Cloudy,15,Expired,No,High
INV007999,2025-12-31,Restaurant,Vegetables,94,94,0,8.0,6.4,110.0,No,Sunny,0,No Waste,No,Low
INV008000,2025-12-31,Cloud Kitchen,Meat,110,72,38,3.0,8.5,72.0,No,Cloudy,12,Storage Issue,No,High
